ISO-10303-21;
HEADER;
FILE_DESCRIPTION(('Open CASCADE Model'),'2;1');
FILE_NAME('Open CASCADE Shape Model','2026-10-09T06:19:39',('Author'),(
    'Open CASCADE'),'Open CASCADE STEP processor 7.9','Open CASCADE 7.9'
  ,'Unknown');
FILE_SCHEMA(('AUTOMOTIVE_DESIGN { 1 0 10303 214 1 1 1 1 }'));
ENDSEC;
DATA;
#1 = APPLICATION_PROTOCOL_DEFINITION('international standard',
  'automotive_design',2000,#2);
#2 = APPLICATION_CONTEXT(
  'core data for automotive mechanical design processes');
#3 = SHAPE_DEFINITION_REPRESENTATION(#4,#10);
#4 = PRODUCT_DEFINITION_SHAPE('','',#5);
#5 = PRODUCT_DEFINITION('design','',#6,#9);
#6 = PRODUCT_DEFINITION_FORMATION('','',#7);
#7 = PRODUCT('Open CASCADE STEP translator 7.9 1',
  'Open CASCADE STEP translator 7.9 1','',(#8));
#8 = PRODUCT_CONTEXT('',#2,'mechanical');
#9 = PRODUCT_DEFINITION_CONTEXT('part definition',#2,'design');
#10 = ADVANCED_BREP_SHAPE_REPRESENTATION('',(#11,#15),#8789);
#11 = AXIS2_PLACEMENT_3D('',#12,#13,#14);
#12 = CARTESIAN_POINT('',(0.,0.,0.));
#13 = DIRECTION('',(0.,0.,1.));
#14 = DIRECTION('',(1.,0.,-0.));
#15 = MANIFOLD_SOLID_BREP('',#16);
#16 = CLOSED_SHELL('',(#17,#137,#2863,#2939,#3025,#3103,#3174,#3202,
    #3230,#3257,#3284,#3291,#3367,#3828,#3902,#3967,#3994,#4021,#4028,
    #4055,#4082,#4109,#4136,#4163,#4190,#4217,#4244,#4271,#4298,#4325,
    #4352,#4379,#4406,#4413,#4489,#4744,#4771,#4798,#4825,#4852,#4879,
    #4906,#4933,#4960,#4987,#5014,#5021,#5097,#6548,#6575,#6602,#6629,
    #6656,#6683,#6710,#6737,#6764,#6791,#6818,#6845,#6872,#6899,#6926,
    #6953,#6980,#7007,#7034,#7061,#7088,#7115,#7142,#7169,#7196,#7223,
    #7250,#7277,#7304,#7331,#7358,#7385,#7412,#7439,#7466,#7493,#7520,
    #7547,#7574,#7601,#7628,#7655,#7682,#7709,#7736,#7763,#7790,#7817,
    #7844,#7871,#7898,#7925,#7952,#7979,#8006,#8033,#8060,#8087,#8114,
    #8141,#8168,#8195,#8222,#8229,#8305,#8391,#8469,#8540,#8568,#8596,
    #8623,#8650,#8657,#8728,#8775,#8782));
#17 = ADVANCED_FACE('',(#18),#32,.F.);
#18 = FACE_BOUND('',#19,.F.);
#19 = EDGE_LOOP('',(#20,#55,#83,#111));
#20 = ORIENTED_EDGE('',*,*,#21,.T.);
#21 = EDGE_CURVE('',#22,#24,#26,.T.);
#22 = VERTEX_POINT('',#23);
#23 = CARTESIAN_POINT('',(8.,-30.,0.));
#24 = VERTEX_POINT('',#25);
#25 = CARTESIAN_POINT('',(8.,-30.,4.));
#26 = SURFACE_CURVE('',#27,(#31,#43),.PCURVE_S1.);
#27 = LINE('',#28,#29);
#28 = CARTESIAN_POINT('',(8.,-30.,0.));
#29 = VECTOR('',#30,1.);
#30 = DIRECTION('',(0.,0.,1.));
#31 = PCURVE('',#32,#37);
#32 = PLANE('',#33);
#33 = AXIS2_PLACEMENT_3D('',#34,#35,#36);
#34 = CARTESIAN_POINT('',(8.,-30.,0.));
#35 = DIRECTION('',(-1.,0.,0.));
#36 = DIRECTION('',(0.,1.,0.));
#37 = DEFINITIONAL_REPRESENTATION('',(#38),#42);
#38 = LINE('',#39,#40);
#39 = CARTESIAN_POINT('',(0.,0.));
#40 = VECTOR('',#41,1.);
#41 = DIRECTION('',(0.,-1.));
#42 = ( GEOMETRIC_REPRESENTATION_CONTEXT(2) 
PARAMETRIC_REPRESENTATION_CONTEXT() REPRESENTATION_CONTEXT('2D SPACE',''
  ) );
#43 = PCURVE('',#44,#49);
#44 = PLANE('',#45);
#45 = AXIS2_PLACEMENT_3D('',#46,#47,#48);
#46 = CARTESIAN_POINT('',(-8.,-30.,0.));
#47 = DIRECTION('',(0.,1.,0.));
#48 = DIRECTION('',(1.,0.,0.));
#49 = DEFINITIONAL_REPRESENTATION('',(#50),#54);
#50 = LINE('',#51,#52);
#51 = CARTESIAN_POINT('',(16.,0.));
#52 = VECTOR('',#53,1.);
#53 = DIRECTION('',(0.,-1.));
#54 = ( GEOMETRIC_REPRESENTATION_CONTEXT(2) 
PARAMETRIC_REPRESENTATION_CONTEXT() REPRESENTATION_CONTEXT('2D SPACE',''
  ) );
#55 = ORIENTED_EDGE('',*,*,#56,.T.);
#56 = EDGE_CURVE('',#24,#57,#59,.T.);
#57 = VERTEX_POINT('',#58);
#58 = CARTESIAN_POINT('',(8.,30.,4.));
#59 = SURFACE_CURVE('',#60,(#64,#71),.PCURVE_S1.);
#60 = LINE('',#61,#62);
#61 = CARTESIAN_POINT('',(8.,-30.,4.));
#62 = VECTOR('',#63,1.);
#63 = DIRECTION('',(0.,1.,0.));
#64 = PCURVE('',#32,#65);
#65 = DEFINITIONAL_REPRESENTATION('',(#66),#70);
#66 = LINE('',#67,#68);
#67 = CARTESIAN_POINT('',(0.,-4.));
#68 = VECTOR('',#69,1.);
#69 = DIRECTION('',(1.,0.));
#70 = ( GEOMETRIC_REPRESENTATION_CONTEXT(2) 
PARAMETRIC_REPRESENTATION_CONTEXT() REPRESENTATION_CONTEXT('2D SPACE',''
  ) );
#71 = PCURVE('',#72,#77);
#72 = PLANE('',#73);
#73 = AXIS2_PLACEMENT_3D('',#74,#75,#76);
#74 = CARTESIAN_POINT('',(0.,0.,4.));
#75 = DIRECTION('',(0.,0.,1.));
#76 = DIRECTION('',(1.,0.,-0.));
#77 = DEFINITIONAL_REPRESENTATION('',(#78),#82);
#78 = LINE('',#79,#80);
#79 = CARTESIAN_POINT('',(8.,-30.));
#80 = VECTOR('',#81,1.);
#81 = DIRECTION('',(0.,1.));
#82 = ( GEOMETRIC_REPRESENTATION_CONTEXT(2) 
PARAMETRIC_REPRESENTATION_CONTEXT() REPRESENTATION_CONTEXT('2D SPACE',''
  ) );
#83 = ORIENTED_EDGE('',*,*,#84,.F.);
#84 = EDGE_CURVE('',#85,#57,#87,.T.);
#85 = VERTEX_POINT('',#86);
#86 = CARTESIAN_POINT('',(8.,30.,0.));
#87 = SURFACE_CURVE('',#88,(#92,#99),.PCURVE_S1.);
#88 = LINE('',#89,#90);
#89 = CARTESIAN_POINT('',(8.,30.,0.));
#90 = VECTOR('',#91,1.);
#91 = DIRECTION('',(0.,0.,1.));
#92 = PCURVE('',#32,#93);
#93 = DEFINITIONAL_REPRESENTATION('',(#94),#98);
#94 = LINE('',#95,#96);
#95 = CARTESIAN_POINT('',(60.,0.));
#96 = VECTOR('',#97,1.);
#97 = DIRECTION('',(0.,-1.));
#98 = ( GEOMETRIC_REPRESENTATION_CONTEXT(2) 
PARAMETRIC_REPRESENTATION_CONTEXT() REPRESENTATION_CONTEXT('2D SPACE',''
  ) );
#99 = PCURVE('',#100,#105);
#100 = PLANE('',#101);
#101 = AXIS2_PLACEMENT_3D('',#102,#103,#104);
#102 = CARTESIAN_POINT('',(8.,30.,0.));
#103 = DIRECTION('',(0.,-1.,0.));
#104 = DIRECTION('',(-1.,0.,0.));
#105 = DEFINITIONAL_REPRESENTATION('',(#106),#110);
#106 = LINE('',#107,#108);
#107 = CARTESIAN_POINT('',(0.,-0.));
#108 = VECTOR('',#109,1.);
#109 = DIRECTION('',(0.,-1.));
#110 = ( GEOMETRIC_REPRESENTATION_CONTEXT(2) 
PARAMETRIC_REPRESENTATION_CONTEXT() REPRESENTATION_CONTEXT('2D SPACE',''
  ) );
#111 = ORIENTED_EDGE('',*,*,#112,.F.);
#112 = EDGE_CURVE('',#22,#85,#113,.T.);
#113 = SURFACE_CURVE('',#114,(#118,#125),.PCURVE_S1.);
#114 = LINE('',#115,#116);
#115 = CARTESIAN_POINT('',(8.,-30.,0.));
#116 = VECTOR('',#117,1.);
#117 = DIRECTION('',(0.,1.,0.));
#118 = PCURVE('',#32,#119);
#119 = DEFINITIONAL_REPRESENTATION('',(#120),#124);
#120 = LINE('',#121,#122);
#121 = CARTESIAN_POINT('',(0.,0.));
#122 = VECTOR('',#123,1.);
#123 = DIRECTION('',(1.,0.));
#124 = ( GEOMETRIC_REPRESENTATION_CONTEXT(2) 
PARAMETRIC_REPRESENTATION_CONTEXT() REPRESENTATION_CONTEXT('2D SPACE',''
  ) );
#125 = PCURVE('',#126,#131);
#126 = PLANE('',#127);
#127 = AXIS2_PLACEMENT_3D('',#128,#129,#130);
#128 = CARTESIAN_POINT('',(0.,0.,0.));
#129 = DIRECTION('',(0.,0.,1.));
#130 = DIRECTION('',(1.,0.,-0.));
#131 = DEFINITIONAL_REPRESENTATION('',(#132),#136);
#132 = LINE('',#133,#134);
#133 = CARTESIAN_POINT('',(8.,-30.));
#134 = VECTOR('',#135,1.);
#135 = DIRECTION('',(0.,1.));
#136 = ( GEOMETRIC_REPRESENTATION_CONTEXT(2) 
PARAMETRIC_REPRESENTATION_CONTEXT() REPRESENTATION_CONTEXT('2D SPACE',''
  ) );
#137 = ADVANCED_FACE('',(#138,#213,#337,#2003,#2319,#2739),#72,.T.);
#138 = FACE_BOUND('',#139,.T.);
#139 = EDGE_LOOP('',(#140,#141,#164,#192));
#140 = ORIENTED_EDGE('',*,*,#56,.T.);
#141 = ORIENTED_EDGE('',*,*,#142,.T.);
#142 = EDGE_CURVE('',#57,#143,#145,.T.);
#143 = VERTEX_POINT('',#144);
#144 = CARTESIAN_POINT('',(-8.,30.,4.));
#145 = SURFACE_CURVE('',#146,(#150,#157),.PCURVE_S1.);
#146 = LINE('',#147,#148);
#147 = CARTESIAN_POINT('',(8.,30.,4.));
#148 = VECTOR('',#149,1.);
#149 = DIRECTION('',(-1.,0.,0.));
#150 = PCURVE('',#72,#151);
#151 = DEFINITIONAL_REPRESENTATION('',(#152),#156);
#152 = LINE('',#153,#154);
#153 = CARTESIAN_POINT('',(8.,30.));
#154 = VECTOR('',#155,1.);
#155 = DIRECTION('',(-1.,0.));
#156 = ( GEOMETRIC_REPRESENTATION_CONTEXT(2) 
PARAMETRIC_REPRESENTATION_CONTEXT() REPRESENTATION_CONTEXT('2D SPACE',''
  ) );
#157 = PCURVE('',#100,#158);
#158 = DEFINITIONAL_REPRESENTATION('',(#159),#163);
#159 = LINE('',#160,#161);
#160 = CARTESIAN_POINT('',(0.,-4.));
#161 = VECTOR('',#162,1.);
#162 = DIRECTION('',(1.,0.));
#163 = ( GEOMETRIC_REPRESENTATION_CONTEXT(2) 
PARAMETRIC_REPRESENTATION_CONTEXT() REPRESENTATION_CONTEXT('2D SPACE',''
  ) );
#164 = ORIENTED_EDGE('',*,*,#165,.T.);
#165 = EDGE_CURVE('',#143,#166,#168,.T.);
#166 = VERTEX_POINT('',#167);
#167 = CARTESIAN_POINT('',(-8.,-30.,4.));
#168 = SURFACE_CURVE('',#169,(#173,#180),.PCURVE_S1.);
#169 = LINE('',#170,#171);
#170 = CARTESIAN_POINT('',(-8.,30.,4.));
#171 = VECTOR('',#172,1.);
#172 = DIRECTION('',(0.,-1.,0.));
#173 = PCURVE('',#72,#174);
#174 = DEFINITIONAL_REPRESENTATION('',(#175),#179);
#175 = LINE('',#176,#177);
#176 = CARTESIAN_POINT('',(-8.,30.));
#177 = VECTOR('',#178,1.);
#178 = DIRECTION('',(0.,-1.));
#179 = ( GEOMETRIC_REPRESENTATION_CONTEXT(2) 
PARAMETRIC_REPRESENTATION_CONTEXT() REPRESENTATION_CONTEXT('2D SPACE',''
  ) );
#180 = PCURVE('',#181,#186);
#181 = PLANE('',#182);
#182 = AXIS2_PLACEMENT_3D('',#183,#184,#185);
#183 = CARTESIAN_POINT('',(-8.,30.,0.));
#184 = DIRECTION('',(1.,0.,-0.));
#185 = DIRECTION('',(0.,-1.,0.));
#186 = DEFINITIONAL_REPRESENTATION('',(#187),#191);
#187 = LINE('',#188,#189);
#188 = CARTESIAN_POINT('',(0.,-4.));
#189 = VECTOR('',#190,1.);
#190 = DIRECTION('',(1.,0.));
#191 = ( GEOMETRIC_REPRESENTATION_CONTEXT(2) 
PARAMETRIC_REPRESENTATION_CONTEXT() REPRESENTATION_CONTEXT('2D SPACE',''
  ) );
#192 = ORIENTED_EDGE('',*,*,#193,.T.);
#193 = EDGE_CURVE('',#166,#24,#194,.T.);
#194 = SURFACE_CURVE('',#195,(#199,#206),.PCURVE_S1.);
#195 = LINE('',#196,#197);
#196 = CARTESIAN_POINT('',(-8.,-30.,4.));
#197 = VECTOR('',#198,1.);
#198 = DIRECTION('',(1.,0.,0.));
#199 = PCURVE('',#72,#200);
#200 = DEFINITIONAL_REPRESENTATION('',(#201),#205);
#201 = LINE('',#202,#203);
#202 = CARTESIAN_POINT('',(-8.,-30.));
#203 = VECTOR('',#204,1.);
#204 = DIRECTION('',(1.,0.));
#205 = ( GEOMETRIC_REPRESENTATION_CONTEXT(2) 
PARAMETRIC_REPRESENTATION_CONTEXT() REPRESENTATION_CONTEXT('2D SPACE',''
  ) );
#206 = PCURVE('',#44,#207);
#207 = DEFINITIONAL_REPRESENTATION('',(#208),#212);
#208 = LINE('',#209,#210);
#209 = CARTESIAN_POINT('',(0.,-4.));
#210 = VECTOR('',#211,1.);
#211 = DIRECTION('',(1.,0.));
#212 = ( GEOMETRIC_REPRESENTATION_CONTEXT(2) 
PARAMETRIC_REPRESENTATION_CONTEXT() REPRESENTATION_CONTEXT('2D SPACE',''
  ) );
#213 = FACE_BOUND('',#214,.T.);
#214 = EDGE_LOOP('',(#215,#250,#278,#311));
#215 = ORIENTED_EDGE('',*,*,#216,.T.);
#216 = EDGE_CURVE('',#217,#219,#221,.T.);
#217 = VERTEX_POINT('',#218);
#218 = CARTESIAN_POINT('',(2.45,-25.,4.));
#219 = VERTEX_POINT('',#220);
#220 = CARTESIAN_POINT('',(-2.45,-25.,4.));
#221 = SURFACE_CURVE('',#222,(#227,#238),.PCURVE_S1.);
#222 = CIRCLE('',#223,2.45);
#223 = AXIS2_PLACEMENT_3D('',#224,#225,#226);
#224 = CARTESIAN_POINT('',(-5.551115123126E-16,-25.,4.));
#225 = DIRECTION('',(-0.,0.,-1.));
#226 = DIRECTION('',(1.,-4.735441064218E-16,-0.));
#227 = PCURVE('',#72,#228);
#228 = DEFINITIONAL_REPRESENTATION('',(#229),#237);
#229 = ( BOUNDED_CURVE() B_SPLINE_CURVE(2,(#230,#231,#232,#233,#234,#235
,#236),.UNSPECIFIED.,.T.,.F.) B_SPLINE_CURVE_WITH_KNOTS((1,2,2,2,2,1),(
    -2.094395102393,0.,2.094395102393,4.188790204786,6.28318530718,
8.377580409573),.UNSPECIFIED.) CURVE() GEOMETRIC_REPRESENTATION_ITEM() 
RATIONAL_B_SPLINE_CURVE((1.,0.5,1.,0.5,1.,0.5,1.)) REPRESENTATION_ITEM(
  '') );
#230 = CARTESIAN_POINT('',(2.45,-25.));
#231 = CARTESIAN_POINT('',(2.45,-29.24352447854));
#232 = CARTESIAN_POINT('',(-1.225,-27.12176223927));
#233 = CARTESIAN_POINT('',(-4.9,-25.));
#234 = CARTESIAN_POINT('',(-1.225,-22.87823776072));
#235 = CARTESIAN_POINT('',(2.45,-20.75647552145));
#236 = CARTESIAN_POINT('',(2.45,-25.));
#237 = ( GEOMETRIC_REPRESENTATION_CONTEXT(2) 
PARAMETRIC_REPRESENTATION_CONTEXT() REPRESENTATION_CONTEXT('2D SPACE',''
  ) );
#238 = PCURVE('',#239,#244);
#239 = CYLINDRICAL_SURFACE('',#240,2.45);
#240 = AXIS2_PLACEMENT_3D('',#241,#242,#243);
#241 = CARTESIAN_POINT('',(-5.551115123126E-16,-25.,4.));
#242 = DIRECTION('',(-0.,0.,-1.));
#243 = DIRECTION('',(1.,-4.735441064218E-16,-0.));
#244 = DEFINITIONAL_REPRESENTATION('',(#245),#249);
#245 = LINE('',#246,#247);
#246 = CARTESIAN_POINT('',(0.,0.));
#247 = VECTOR('',#248,1.);
#248 = DIRECTION('',(1.,0.));
#249 = ( GEOMETRIC_REPRESENTATION_CONTEXT(2) 
PARAMETRIC_REPRESENTATION_CONTEXT() REPRESENTATION_CONTEXT('2D SPACE',''
  ) );
#250 = ORIENTED_EDGE('',*,*,#251,.T.);
#251 = EDGE_CURVE('',#219,#252,#254,.T.);
#252 = VERTEX_POINT('',#253);
#253 = CARTESIAN_POINT('',(-2.45,-15.,4.));
#254 = SURFACE_CURVE('',#255,(#259,#266),.PCURVE_S1.);
#255 = LINE('',#256,#257);
#256 = CARTESIAN_POINT('',(-2.45,-25.,4.));
#257 = VECTOR('',#258,1.);
#258 = DIRECTION('',(1.110223024625E-16,1.,0.));
#259 = PCURVE('',#72,#260);
#260 = DEFINITIONAL_REPRESENTATION('',(#261),#265);
#261 = LINE('',#262,#263);
#262 = CARTESIAN_POINT('',(-2.45,-25.));
#263 = VECTOR('',#264,1.);
#264 = DIRECTION('',(1.110223024625E-16,1.));
#265 = ( GEOMETRIC_REPRESENTATION_CONTEXT(2) 
PARAMETRIC_REPRESENTATION_CONTEXT() REPRESENTATION_CONTEXT('2D SPACE',''
  ) );
#266 = PCURVE('',#267,#272);
#267 = PLANE('',#268);
#268 = AXIS2_PLACEMENT_3D('',#269,#270,#271);
#269 = CARTESIAN_POINT('',(-2.45,-25.,4.));
#270 = DIRECTION('',(-1.,1.110223024625E-16,0.));
#271 = DIRECTION('',(1.110223024625E-16,1.,0.));
#272 = DEFINITIONAL_REPRESENTATION('',(#273),#277);
#273 = LINE('',#274,#275);
#274 = CARTESIAN_POINT('',(0.,0.));
#275 = VECTOR('',#276,1.);
#276 = DIRECTION('',(1.,0.));
#277 = ( GEOMETRIC_REPRESENTATION_CONTEXT(2) 
PARAMETRIC_REPRESENTATION_CONTEXT() REPRESENTATION_CONTEXT('2D SPACE',''
  ) );
#278 = ORIENTED_EDGE('',*,*,#279,.T.);
#279 = EDGE_CURVE('',#252,#280,#282,.T.);
#280 = VERTEX_POINT('',#281);
#281 = CARTESIAN_POINT('',(2.45,-15.,4.));
#282 = SURFACE_CURVE('',#283,(#288,#299),.PCURVE_S1.);
#283 = CIRCLE('',#284,2.45);
#284 = AXIS2_PLACEMENT_3D('',#285,#286,#287);
#285 = CARTESIAN_POINT('',(5.551115123126E-16,-15.,4.));
#286 = DIRECTION('',(0.,0.,-1.));
#287 = DIRECTION('',(-1.,4.735441064218E-16,0.));
#288 = PCURVE('',#72,#289);
#289 = DEFINITIONAL_REPRESENTATION('',(#290),#298);
#290 = ( BOUNDED_CURVE() B_SPLINE_CURVE(2,(#291,#292,#293,#294,#295,#296
,#297),.UNSPECIFIED.,.T.,.F.) B_SPLINE_CURVE_WITH_KNOTS((1,2,2,2,2,1),(
    -2.094395102393,0.,2.094395102393,4.188790204786,6.28318530718,
8.377580409573),.UNSPECIFIED.) CURVE() GEOMETRIC_REPRESENTATION_ITEM() 
RATIONAL_B_SPLINE_CURVE((1.,0.5,1.,0.5,1.,0.5,1.)) REPRESENTATION_ITEM(
  '') );
#291 = CARTESIAN_POINT('',(-2.45,-15.));
#292 = CARTESIAN_POINT('',(-2.45,-10.75647552145));
#293 = CARTESIAN_POINT('',(1.225,-12.87823776072));
#294 = CARTESIAN_POINT('',(4.9,-15.));
#295 = CARTESIAN_POINT('',(1.225,-17.12176223927));
#296 = CARTESIAN_POINT('',(-2.45,-19.24352447854));
#297 = CARTESIAN_POINT('',(-2.45,-15.));
#298 = ( GEOMETRIC_REPRESENTATION_CONTEXT(2) 
PARAMETRIC_REPRESENTATION_CONTEXT() REPRESENTATION_CONTEXT('2D SPACE',''
  ) );
#299 = PCURVE('',#300,#305);
#300 = CYLINDRICAL_SURFACE('',#301,2.45);
#301 = AXIS2_PLACEMENT_3D('',#302,#303,#304);
#302 = CARTESIAN_POINT('',(5.551115123126E-16,-15.,4.));
#303 = DIRECTION('',(0.,0.,-1.));
#304 = DIRECTION('',(-1.,4.735441064218E-16,0.));
#305 = DEFINITIONAL_REPRESENTATION('',(#306),#310);
#306 = LINE('',#307,#308);
#307 = CARTESIAN_POINT('',(0.,0.));
#308 = VECTOR('',#309,1.);
#309 = DIRECTION('',(1.,0.));
#310 = ( GEOMETRIC_REPRESENTATION_CONTEXT(2) 
PARAMETRIC_REPRESENTATION_CONTEXT() REPRESENTATION_CONTEXT('2D SPACE',''
  ) );
#311 = ORIENTED_EDGE('',*,*,#312,.T.);
#312 = EDGE_CURVE('',#280,#217,#313,.T.);
#313 = SURFACE_CURVE('',#314,(#318,#325),.PCURVE_S1.);
#314 = LINE('',#315,#316);
#315 = CARTESIAN_POINT('',(2.45,-15.,4.));
#316 = VECTOR('',#317,1.);
#317 = DIRECTION('',(-1.110223024625E-16,-1.,0.));
#318 = PCURVE('',#72,#319);
#319 = DEFINITIONAL_REPRESENTATION('',(#320),#324);
#320 = LINE('',#321,#322);
#321 = CARTESIAN_POINT('',(2.45,-15.));
#322 = VECTOR('',#323,1.);
#323 = DIRECTION('',(-1.110223024625E-16,-1.));
#324 = ( GEOMETRIC_REPRESENTATION_CONTEXT(2) 
PARAMETRIC_REPRESENTATION_CONTEXT() REPRESENTATION_CONTEXT('2D SPACE',''
  ) );
#325 = PCURVE('',#326,#331);
#326 = PLANE('',#327);
#327 = AXIS2_PLACEMENT_3D('',#328,#329,#330);
#328 = CARTESIAN_POINT('',(2.45,-15.,4.));
#329 = DIRECTION('',(1.,-1.110223024625E-16,0.));
#330 = DIRECTION('',(-1.110223024625E-16,-1.,0.));
#331 = DEFINITIONAL_REPRESENTATION('',(#332),#336);
#332 = LINE('',#333,#334);
#333 = CARTESIAN_POINT('',(0.,0.));
#334 = VECTOR('',#335,1.);
#335 = DIRECTION('',(1.,0.));
#336 = ( GEOMETRIC_REPRESENTATION_CONTEXT(2) 
PARAMETRIC_REPRESENTATION_CONTEXT() REPRESENTATION_CONTEXT('2D SPACE',''
  ) );
#337 = FACE_BOUND('',#338,.T.);
#338 = EDGE_LOOP('',(#339,#367,#393,#419,#445,#471,#497,#523,#549,#575,
    #601,#627,#653,#679,#705,#731,#757,#783,#809,#835,#861,#887,#913,
    #939,#965,#991,#1017,#1043,#1069,#1095,#1121,#1147,#1173,#1199,#1225
    ,#1251,#1277,#1303,#1329,#1355,#1381,#1407,#1433,#1459,#1485,#1511,
    #1537,#1563,#1589,#1615,#1641,#1667,#1693,#1719,#1745,#1771,#1797,
    #1823,#1849,#1875,#1901,#1927,#1953,#1979));
#339 = ORIENTED_EDGE('',*,*,#340,.F.);
#340 = EDGE_CURVE('',#341,#343,#345,.T.);
#341 = VERTEX_POINT('',#342);
#342 = CARTESIAN_POINT('',(0.469551813005,-3.003073372946,4.));
#343 = VERTEX_POINT('',#344);
#344 = CARTESIAN_POINT('',(0.482776134293,-2.966113870902,4.));
#345 = SURFACE_CURVE('',#346,(#350,#356),.PCURVE_S1.);
#346 = LINE('',#347,#348);
#347 = CARTESIAN_POINT('',(0.925800530271,-1.727943630496,4.));
#348 = VECTOR('',#349,1.);
#349 = DIRECTION('',(0.336889853392,0.941544065183,-0.));
#350 = PCURVE('',#72,#351);
#351 = DEFINITIONAL_REPRESENTATION('',(#352),#355);
#352 = B_SPLINE_CURVE_WITH_KNOTS('',1,(#353,#354),.UNSPECIFIED.,.F.,.F.,
  (2,2),(-1.354296404813,-1.315042265351),.PIECEWISE_BEZIER_KNOTS.);
#353 = CARTESIAN_POINT('',(0.469551813005,-3.003073372946));
#354 = CARTESIAN_POINT('',(0.482776134293,-2.966113870902));
#355 = ( GEOMETRIC_REPRESENTATION_CONTEXT(2) 
PARAMETRIC_REPRESENTATION_CONTEXT() REPRESENTATION_CONTEXT('2D SPACE',''
  ) );
#356 = PCURVE('',#357,#362);
#357 = PLANE('',#358);
#358 = AXIS2_PLACEMENT_3D('',#359,#360,#361);
#359 = CARTESIAN_POINT('',(0.482776134293,-2.966113870902,3.4));
#360 = DIRECTION('',(0.941544065183,-0.336889853392,0.));
#361 = DIRECTION('',(-0.336889853392,-0.941544065183,0.));
#362 = DEFINITIONAL_REPRESENTATION('',(#363),#366);
#363 = B_SPLINE_CURVE_WITH_KNOTS('',1,(#364,#365),.UNSPECIFIED.,.F.,.F.,
  (2,2),(-1.354296404813,-1.315042265351),.PIECEWISE_BEZIER_KNOTS.);
#364 = CARTESIAN_POINT('',(3.925413946193E-02,-0.6));
#365 = CARTESIAN_POINT('',(0.,-0.6));
#366 = ( GEOMETRIC_REPRESENTATION_CONTEXT(2) 
PARAMETRIC_REPRESENTATION_CONTEXT() REPRESENTATION_CONTEXT('2D SPACE',''
  ) );
#367 = ORIENTED_EDGE('',*,*,#368,.F.);
#368 = EDGE_CURVE('',#369,#341,#371,.T.);
#369 = VERTEX_POINT('',#370);
#370 = CARTESIAN_POINT('',(0.452768505739,-3.03855869473,4.));
#371 = SURFACE_CURVE('',#372,(#376,#382),.PCURVE_S1.);
#372 = LINE('',#373,#374);
#373 = CARTESIAN_POINT('',(1.006985766313,-1.86676474976,4.));
#374 = VECTOR('',#375,1.);
#375 = DIRECTION('',(0.42755509343,0.903989293123,-0.));
#376 = PCURVE('',#72,#377);
#377 = DEFINITIONAL_REPRESENTATION('',(#378),#381);
#378 = B_SPLINE_CURVE_WITH_KNOTS('',1,(#379,#380),.UNSPECIFIED.,.F.,.F.,
  (2,2),(-1.296247592626,-1.256993453164),.PIECEWISE_BEZIER_KNOTS.);
#379 = CARTESIAN_POINT('',(0.452768505739,-3.03855869473));
#380 = CARTESIAN_POINT('',(0.469551813005,-3.003073372946));
#381 = ( GEOMETRIC_REPRESENTATION_CONTEXT(2) 
PARAMETRIC_REPRESENTATION_CONTEXT() REPRESENTATION_CONTEXT('2D SPACE',''
  ) );
#382 = PCURVE('',#383,#388);
#383 = PLANE('',#384);
#384 = AXIS2_PLACEMENT_3D('',#385,#386,#387);
#385 = CARTESIAN_POINT('',(0.469551813005,-3.003073372946,3.4));
#386 = DIRECTION('',(0.903989293123,-0.42755509343,0.));
#387 = DIRECTION('',(-0.42755509343,-0.903989293123,0.));
#388 = DEFINITIONAL_REPRESENTATION('',(#389),#392);
#389 = B_SPLINE_CURVE_WITH_KNOTS('',1,(#390,#391),.UNSPECIFIED.,.F.,.F.,
  (2,2),(-1.296247592626,-1.256993453164),.PIECEWISE_BEZIER_KNOTS.);
#390 = CARTESIAN_POINT('',(3.925413946193E-02,-0.6));
#391 = CARTESIAN_POINT('',(0.,-0.6));
#392 = ( GEOMETRIC_REPRESENTATION_CONTEXT(2) 
PARAMETRIC_REPRESENTATION_CONTEXT() REPRESENTATION_CONTEXT('2D SPACE',''
  ) );
#393 = ORIENTED_EDGE('',*,*,#394,.F.);
#394 = EDGE_CURVE('',#395,#369,#397,.T.);
#395 = VERTEX_POINT('',#396);
#396 = CARTESIAN_POINT('',(0.432587844921,-3.072228093208,4.));
#397 = SURFACE_CURVE('',#398,(#402,#408),.PCURVE_S1.);
#398 = LINE('',#399,#400);
#399 = CARTESIAN_POINT('',(1.062877159804,-2.02065390097,4.));
#400 = VECTOR('',#401,1.);
#401 = DIRECTION('',(0.514102744193,0.85772861,-0.));
#402 = PCURVE('',#72,#403);
#403 = DEFINITIONAL_REPRESENTATION('',(#404),#407);
#404 = B_SPLINE_CURVE_WITH_KNOTS('',1,(#405,#406),.UNSPECIFIED.,.F.,.F.,
  (2,2),(-1.225998736637,-1.186744597175),.PIECEWISE_BEZIER_KNOTS.);
#405 = CARTESIAN_POINT('',(0.432587844921,-3.072228093208));
#406 = CARTESIAN_POINT('',(0.452768505739,-3.03855869473));
#407 = ( GEOMETRIC_REPRESENTATION_CONTEXT(2) 
PARAMETRIC_REPRESENTATION_CONTEXT() REPRESENTATION_CONTEXT('2D SPACE',''
  ) );
#408 = PCURVE('',#409,#414);
#409 = PLANE('',#410);
#410 = AXIS2_PLACEMENT_3D('',#411,#412,#413);
#411 = CARTESIAN_POINT('',(0.452768505739,-3.03855869473,3.4));
#412 = DIRECTION('',(0.85772861,-0.514102744193,0.));
#413 = DIRECTION('',(-0.514102744193,-0.85772861,0.));
#414 = DEFINITIONAL_REPRESENTATION('',(#415),#418);
#415 = B_SPLINE_CURVE_WITH_KNOTS('',1,(#416,#417),.UNSPECIFIED.,.F.,.F.,
  (2,2),(-1.225998736637,-1.186744597175),.PIECEWISE_BEZIER_KNOTS.);
#416 = CARTESIAN_POINT('',(3.925413946193E-02,-0.6));
#417 = CARTESIAN_POINT('',(0.,-0.6));
#418 = ( GEOMETRIC_REPRESENTATION_CONTEXT(2) 
PARAMETRIC_REPRESENTATION_CONTEXT() REPRESENTATION_CONTEXT('2D SPACE',''
  ) );
#419 = ORIENTED_EDGE('',*,*,#420,.F.);
#420 = EDGE_CURVE('',#421,#395,#423,.T.);
#421 = VERTEX_POINT('',#422);
#422 = CARTESIAN_POINT('',(0.409204181345,-3.103757313665,4.));
#423 = SURFACE_CURVE('',#424,(#428,#434),.PCURVE_S1.);
#424 = LINE('',#425,#426);
#425 = CARTESIAN_POINT('',(1.090819035168,-2.184706074172,4.));
#426 = VECTOR('',#427,1.);
#427 = DIRECTION('',(0.595699304492,0.803207531481,-0.));
#428 = PCURVE('',#72,#429);
#429 = DEFINITIONAL_REPRESENTATION('',(#430),#433);
#430 = B_SPLINE_CURVE_WITH_KNOTS('',1,(#431,#432),.UNSPECIFIED.,.F.,.F.,
  (2,2),(-1.144226371732,-1.10497223227),.PIECEWISE_BEZIER_KNOTS.);
#431 = CARTESIAN_POINT('',(0.409204181345,-3.103757313665));
#432 = CARTESIAN_POINT('',(0.432587844921,-3.072228093208));
#433 = ( GEOMETRIC_REPRESENTATION_CONTEXT(2) 
PARAMETRIC_REPRESENTATION_CONTEXT() REPRESENTATION_CONTEXT('2D SPACE',''
  ) );
#434 = PCURVE('',#435,#440);
#435 = PLANE('',#436);
#436 = AXIS2_PLACEMENT_3D('',#437,#438,#439);
#437 = CARTESIAN_POINT('',(0.432587844921,-3.072228093208,3.4));
#438 = DIRECTION('',(0.803207531481,-0.595699304492,0.));
#439 = DIRECTION('',(-0.595699304492,-0.803207531481,0.));
#440 = DEFINITIONAL_REPRESENTATION('',(#441),#444);
#441 = B_SPLINE_CURVE_WITH_KNOTS('',1,(#442,#443),.UNSPECIFIED.,.F.,.F.,
  (2,2),(-1.144226371732,-1.10497223227),.PIECEWISE_BEZIER_KNOTS.);
#442 = CARTESIAN_POINT('',(3.925413946193E-02,-0.6));
#443 = CARTESIAN_POINT('',(0.,-0.6));
#444 = ( GEOMETRIC_REPRESENTATION_CONTEXT(2) 
PARAMETRIC_REPRESENTATION_CONTEXT() REPRESENTATION_CONTEXT('2D SPACE',''
  ) );
#445 = ORIENTED_EDGE('',*,*,#446,.F.);
#446 = EDGE_CURVE('',#447,#421,#449,.T.);
#447 = VERTEX_POINT('',#448);
#448 = CARTESIAN_POINT('',(0.382842712475,-3.132842712475,4.));
#449 = SURFACE_CURVE('',#450,(#454,#460),.PCURVE_S1.);
#450 = LINE('',#451,#452);
#451 = CARTESIAN_POINT('',(1.08913336039,-2.35357106905,4.));
#452 = VECTOR('',#453,1.);
#453 = DIRECTION('',(0.671558954847,0.740951125355,-0.));
#454 = PCURVE('',#72,#455);
#455 = DEFINITIONAL_REPRESENTATION('',(#456),#459);
#456 = B_SPLINE_CURVE_WITH_KNOTS('',1,(#457,#458),.UNSPECIFIED.,.F.,.F.,
  (2,2),(-1.051718010485,-1.012463871023),.PIECEWISE_BEZIER_KNOTS.);
#457 = CARTESIAN_POINT('',(0.382842712475,-3.132842712475));
#458 = CARTESIAN_POINT('',(0.409204181345,-3.103757313665));
#459 = ( GEOMETRIC_REPRESENTATION_CONTEXT(2) 
PARAMETRIC_REPRESENTATION_CONTEXT() REPRESENTATION_CONTEXT('2D SPACE',''
  ) );
#460 = PCURVE('',#461,#466);
#461 = PLANE('',#462);
#462 = AXIS2_PLACEMENT_3D('',#463,#464,#465);
#463 = CARTESIAN_POINT('',(0.409204181345,-3.103757313665,3.4));
#464 = DIRECTION('',(0.740951125355,-0.671558954847,0.));
#465 = DIRECTION('',(-0.671558954847,-0.740951125355,0.));
#466 = DEFINITIONAL_REPRESENTATION('',(#467),#470);
#467 = B_SPLINE_CURVE_WITH_KNOTS('',1,(#468,#469),.UNSPECIFIED.,.F.,.F.,
  (2,2),(-1.051718010485,-1.012463871023),.PIECEWISE_BEZIER_KNOTS.);
#468 = CARTESIAN_POINT('',(3.925413946193E-02,-0.6));
#469 = CARTESIAN_POINT('',(0.,-0.6));
#470 = ( GEOMETRIC_REPRESENTATION_CONTEXT(2) 
PARAMETRIC_REPRESENTATION_CONTEXT() REPRESENTATION_CONTEXT('2D SPACE',''
  ) );
#471 = ORIENTED_EDGE('',*,*,#472,.F.);
#472 = EDGE_CURVE('',#473,#447,#475,.T.);
#473 = VERTEX_POINT('',#474);
#474 = CARTESIAN_POINT('',(0.353757313665,-3.159204181345,4.));
#475 = SURFACE_CURVE('',#476,(#480,#486),.PCURVE_S1.);
#476 = LINE('',#477,#478);
#477 = CARTESIAN_POINT('',(1.057190052018,-2.521649910344,4.));
#478 = VECTOR('',#479,1.);
#479 = DIRECTION('',(0.740951125355,0.671558954847,-0.));
#480 = PCURVE('',#72,#481);
#481 = DEFINITIONAL_REPRESENTATION('',(#482),#485);
#482 = B_SPLINE_CURVE_WITH_KNOTS('',1,(#483,#484),.UNSPECIFIED.,.F.,.F.,
  (2,2),(-0.949364558986,-0.910110419524),.PIECEWISE_BEZIER_KNOTS.);
#483 = CARTESIAN_POINT('',(0.353757313665,-3.159204181345));
#484 = CARTESIAN_POINT('',(0.382842712475,-3.132842712475));
#485 = ( GEOMETRIC_REPRESENTATION_CONTEXT(2) 
PARAMETRIC_REPRESENTATION_CONTEXT() REPRESENTATION_CONTEXT('2D SPACE',''
  ) );
#486 = PCURVE('',#487,#492);
#487 = PLANE('',#488);
#488 = AXIS2_PLACEMENT_3D('',#489,#490,#491);
#489 = CARTESIAN_POINT('',(0.382842712475,-3.132842712475,3.4));
#490 = DIRECTION('',(0.671558954847,-0.740951125355,0.));
#491 = DIRECTION('',(-0.740951125355,-0.671558954847,0.));
#492 = DEFINITIONAL_REPRESENTATION('',(#493),#496);
#493 = B_SPLINE_CURVE_WITH_KNOTS('',1,(#494,#495),.UNSPECIFIED.,.F.,.F.,
  (2,2),(-0.949364558986,-0.910110419524),.PIECEWISE_BEZIER_KNOTS.);
#494 = CARTESIAN_POINT('',(3.925413946193E-02,-0.6));
#495 = CARTESIAN_POINT('',(0.,-0.6));
#496 = ( GEOMETRIC_REPRESENTATION_CONTEXT(2) 
PARAMETRIC_REPRESENTATION_CONTEXT() REPRESENTATION_CONTEXT('2D SPACE',''
  ) );
#497 = ORIENTED_EDGE('',*,*,#498,.F.);
#498 = EDGE_CURVE('',#499,#473,#501,.T.);
#499 = VERTEX_POINT('',#500);
#500 = CARTESIAN_POINT('',(0.322228093208,-3.182587844921,4.));
#501 = SURFACE_CURVE('',#502,(#506,#512),.PCURVE_S1.);
#502 = LINE('',#503,#504);
#503 = CARTESIAN_POINT('',(0.995437880829,-2.683301438176,4.));
#504 = VECTOR('',#505,1.);
#505 = DIRECTION('',(0.803207531481,0.595699304492,-0.));
#506 = PCURVE('',#72,#507);
#507 = DEFINITIONAL_REPRESENTATION('',(#508),#511);
#508 = B_SPLINE_CURVE_WITH_KNOTS('',1,(#509,#510),.UNSPECIFIED.,.F.,.F.,
  (2,2),(-0.838151736924,-0.798897597462),.PIECEWISE_BEZIER_KNOTS.);
#509 = CARTESIAN_POINT('',(0.322228093208,-3.182587844921));
#510 = CARTESIAN_POINT('',(0.353757313665,-3.159204181345));
#511 = ( GEOMETRIC_REPRESENTATION_CONTEXT(2) 
PARAMETRIC_REPRESENTATION_CONTEXT() REPRESENTATION_CONTEXT('2D SPACE',''
  ) );
#512 = PCURVE('',#513,#518);
#513 = PLANE('',#514);
#514 = AXIS2_PLACEMENT_3D('',#515,#516,#517);
#515 = CARTESIAN_POINT('',(0.353757313665,-3.159204181345,3.4));
#516 = DIRECTION('',(0.595699304492,-0.803207531481,0.));
#517 = DIRECTION('',(-0.803207531481,-0.595699304492,0.));
#518 = DEFINITIONAL_REPRESENTATION('',(#519),#522);
#519 = B_SPLINE_CURVE_WITH_KNOTS('',1,(#520,#521),.UNSPECIFIED.,.F.,.F.,
  (2,2),(-0.838151736924,-0.798897597462),.PIECEWISE_BEZIER_KNOTS.);
#520 = CARTESIAN_POINT('',(3.925413946193E-02,-0.6));
#521 = CARTESIAN_POINT('',(0.,-0.6));
#522 = ( GEOMETRIC_REPRESENTATION_CONTEXT(2) 
PARAMETRIC_REPRESENTATION_CONTEXT() REPRESENTATION_CONTEXT('2D SPACE',''
  ) );
#523 = ORIENTED_EDGE('',*,*,#524,.F.);
#524 = EDGE_CURVE('',#525,#499,#527,.T.);
#525 = VERTEX_POINT('',#526);
#526 = CARTESIAN_POINT('',(0.28855869473,-3.202768505739,4.));
#527 = SURFACE_CURVE('',#528,(#532,#538),.PCURVE_S1.);
#528 = LINE('',#529,#530);
#529 = CARTESIAN_POINT('',(0.905394726016,-2.833051216723,4.));
#530 = VECTOR('',#531,1.);
#531 = DIRECTION('',(0.85772861,0.514102744193,-0.));
#532 = PCURVE('',#72,#533);
#533 = DEFINITIONAL_REPRESENTATION('',(#534),#537);
#534 = B_SPLINE_CURVE_WITH_KNOTS('',1,(#535,#536),.UNSPECIFIED.,.F.,.F.,
  (2,2),(-0.719150584572,-0.67989644511),.PIECEWISE_BEZIER_KNOTS.);
#535 = CARTESIAN_POINT('',(0.28855869473,-3.202768505739));
#536 = CARTESIAN_POINT('',(0.322228093208,-3.182587844921));
#537 = ( GEOMETRIC_REPRESENTATION_CONTEXT(2) 
PARAMETRIC_REPRESENTATION_CONTEXT() REPRESENTATION_CONTEXT('2D SPACE',''
  ) );
#538 = PCURVE('',#539,#544);
#539 = PLANE('',#540);
#540 = AXIS2_PLACEMENT_3D('',#541,#542,#543);
#541 = CARTESIAN_POINT('',(0.322228093208,-3.182587844921,3.4));
#542 = DIRECTION('',(0.514102744193,-0.85772861,0.));
#543 = DIRECTION('',(-0.85772861,-0.514102744193,0.));
#544 = DEFINITIONAL_REPRESENTATION('',(#545),#548);
#545 = B_SPLINE_CURVE_WITH_KNOTS('',1,(#546,#547),.UNSPECIFIED.,.F.,.F.,
  (2,2),(-0.719150584572,-0.67989644511),.PIECEWISE_BEZIER_KNOTS.);
#546 = CARTESIAN_POINT('',(3.925413946193E-02,-0.6));
#547 = CARTESIAN_POINT('',(0.,-0.6));
#548 = ( GEOMETRIC_REPRESENTATION_CONTEXT(2) 
PARAMETRIC_REPRESENTATION_CONTEXT() REPRESENTATION_CONTEXT('2D SPACE',''
  ) );
#549 = ORIENTED_EDGE('',*,*,#550,.F.);
#550 = EDGE_CURVE('',#551,#525,#553,.T.);
#551 = VERTEX_POINT('',#552);
#552 = CARTESIAN_POINT('',(0.253073372946,-3.219551813005,4.));
#553 = SURFACE_CURVE('',#554,(#558,#564),.PCURVE_S1.);
#554 = LINE('',#555,#556);
#555 = CARTESIAN_POINT('',(0.789597480201,-2.965794808856,4.));
#556 = VECTOR('',#557,1.);
#557 = DIRECTION('',(0.903989293123,0.42755509343,-0.));
#558 = PCURVE('',#72,#559);
#559 = DEFINITIONAL_REPRESENTATION('',(#560),#563);
#560 = B_SPLINE_CURVE_WITH_KNOTS('',1,(#561,#562),.UNSPECIFIED.,.F.,.F.,
  (2,2),(-0.593507148078,-0.554253008617),.PIECEWISE_BEZIER_KNOTS.);
#561 = CARTESIAN_POINT('',(0.253073372946,-3.219551813005));
#562 = CARTESIAN_POINT('',(0.28855869473,-3.202768505739));
#563 = ( GEOMETRIC_REPRESENTATION_CONTEXT(2) 
PARAMETRIC_REPRESENTATION_CONTEXT() REPRESENTATION_CONTEXT('2D SPACE',''
  ) );
#564 = PCURVE('',#565,#570);
#565 = PLANE('',#566);
#566 = AXIS2_PLACEMENT_3D('',#567,#568,#569);
#567 = CARTESIAN_POINT('',(0.28855869473,-3.202768505739,3.4));
#568 = DIRECTION('',(0.42755509343,-0.903989293123,0.));
#569 = DIRECTION('',(-0.903989293123,-0.42755509343,0.));
#570 = DEFINITIONAL_REPRESENTATION('',(#571),#574);
#571 = B_SPLINE_CURVE_WITH_KNOTS('',1,(#572,#573),.UNSPECIFIED.,.F.,.F.,
  (2,2),(-0.593507148078,-0.554253008617),.PIECEWISE_BEZIER_KNOTS.);
#572 = CARTESIAN_POINT('',(3.925413946193E-02,-0.6));
#573 = CARTESIAN_POINT('',(0.,-0.6));
#574 = ( GEOMETRIC_REPRESENTATION_CONTEXT(2) 
PARAMETRIC_REPRESENTATION_CONTEXT() REPRESENTATION_CONTEXT('2D SPACE',''
  ) );
#575 = ORIENTED_EDGE('',*,*,#576,.F.);
#576 = EDGE_CURVE('',#577,#551,#579,.T.);
#577 = VERTEX_POINT('',#578);
#578 = CARTESIAN_POINT('',(0.216113870902,-3.232776134293,4.));
#579 = SURFACE_CURVE('',#580,(#584,#590),.PCURVE_S1.);
#580 = LINE('',#581,#582);
#581 = CARTESIAN_POINT('',(0.651513451067,-3.076987673452,4.));
#582 = VECTOR('',#583,1.);
#583 = DIRECTION('',(0.941544065183,0.336889853392,-0.));
#584 = PCURVE('',#72,#585);
#585 = DEFINITIONAL_REPRESENTATION('',(#586),#589);
#586 = B_SPLINE_CURVE_WITH_KNOTS('',1,(#587,#588),.UNSPECIFIED.,.F.,.F.,
  (2,2),(-0.462431442421,-0.423177302959),.PIECEWISE_BEZIER_KNOTS.);
#587 = CARTESIAN_POINT('',(0.216113870902,-3.232776134293));
#588 = CARTESIAN_POINT('',(0.253073372946,-3.219551813005));
#589 = ( GEOMETRIC_REPRESENTATION_CONTEXT(2) 
PARAMETRIC_REPRESENTATION_CONTEXT() REPRESENTATION_CONTEXT('2D SPACE',''
  ) );
#590 = PCURVE('',#591,#596);
#591 = PLANE('',#592);
#592 = AXIS2_PLACEMENT_3D('',#593,#594,#595);
#593 = CARTESIAN_POINT('',(0.253073372946,-3.219551813005,3.4));
#594 = DIRECTION('',(0.336889853392,-0.941544065183,0.));
#595 = DIRECTION('',(-0.941544065183,-0.336889853392,0.));
#596 = DEFINITIONAL_REPRESENTATION('',(#597),#600);
#597 = B_SPLINE_CURVE_WITH_KNOTS('',1,(#598,#599),.UNSPECIFIED.,.F.,.F.,
  (2,2),(-0.462431442421,-0.423177302959),.PIECEWISE_BEZIER_KNOTS.);
#598 = CARTESIAN_POINT('',(3.925413946193E-02,-0.6));
#599 = CARTESIAN_POINT('',(0.,-0.6));
#600 = ( GEOMETRIC_REPRESENTATION_CONTEXT(2) 
PARAMETRIC_REPRESENTATION_CONTEXT() REPRESENTATION_CONTEXT('2D SPACE',''
  ) );
#601 = ORIENTED_EDGE('',*,*,#602,.F.);
#602 = EDGE_CURVE('',#603,#577,#605,.T.);
#603 = VERTEX_POINT('',#604);
#604 = CARTESIAN_POINT('',(0.178036128806,-3.242314112161,4.));
#605 = SURFACE_CURVE('',#606,(#610,#616),.PCURVE_S1.);
#606 = LINE('',#607,#608);
#607 = CARTESIAN_POINT('',(0.495416578758,-3.162814448029,4.));
#608 = VECTOR('',#609,1.);
#609 = DIRECTION('',(0.970031253195,0.242980179903,-0.));
#610 = PCURVE('',#72,#611);
#611 = DEFINITIONAL_REPRESENTATION('',(#612),#615);
#612 = B_SPLINE_CURVE_WITH_KNOTS('',1,(#613,#614),.UNSPECIFIED.,.F.,.F.,
  (2,2),(-0.327185798299,-0.287931658837),.PIECEWISE_BEZIER_KNOTS.);
#613 = CARTESIAN_POINT('',(0.178036128806,-3.242314112161));
#614 = CARTESIAN_POINT('',(0.216113870902,-3.232776134293));
#615 = ( GEOMETRIC_REPRESENTATION_CONTEXT(2) 
PARAMETRIC_REPRESENTATION_CONTEXT() REPRESENTATION_CONTEXT('2D SPACE',''
  ) );
#616 = PCURVE('',#617,#622);
#617 = PLANE('',#618);
#618 = AXIS2_PLACEMENT_3D('',#619,#620,#621);
#619 = CARTESIAN_POINT('',(0.216113870902,-3.232776134293,3.4));
#620 = DIRECTION('',(0.242980179903,-0.970031253195,0.));
#621 = DIRECTION('',(-0.970031253195,-0.242980179903,0.));
#622 = DEFINITIONAL_REPRESENTATION('',(#623),#626);
#623 = B_SPLINE_CURVE_WITH_KNOTS('',1,(#624,#625),.UNSPECIFIED.,.F.,.F.,
  (2,2),(-0.327185798299,-0.287931658837),.PIECEWISE_BEZIER_KNOTS.);
#624 = CARTESIAN_POINT('',(3.925413946193E-02,-0.6));
#625 = CARTESIAN_POINT('',(0.,-0.6));
#626 = ( GEOMETRIC_REPRESENTATION_CONTEXT(2) 
PARAMETRIC_REPRESENTATION_CONTEXT() REPRESENTATION_CONTEXT('2D SPACE',''
  ) );
#627 = ORIENTED_EDGE('',*,*,#628,.F.);
#628 = EDGE_CURVE('',#629,#603,#631,.T.);
#629 = VERTEX_POINT('',#630);
#630 = CARTESIAN_POINT('',(0.139206856132,-3.248073890669,4.));
#631 = SURFACE_CURVE('',#632,(#636,#642),.PCURVE_S1.);
#632 = LINE('',#633,#634);
#633 = CARTESIAN_POINT('',(0.326233134788,-3.220331162929,4.));
#634 = VECTOR('',#635,1.);
#635 = DIRECTION('',(0.989176509965,0.146730474455,-0.));
#636 = PCURVE('',#72,#637);
#637 = DEFINITIONAL_REPRESENTATION('',(#638),#641);
#638 = B_SPLINE_CURVE_WITH_KNOTS('',1,(#639,#640),.UNSPECIFIED.,.F.,.F.,
  (2,2),(-0.189072705197,-0.149818565735),.PIECEWISE_BEZIER_KNOTS.);
#639 = CARTESIAN_POINT('',(0.139206856132,-3.248073890669));
#640 = CARTESIAN_POINT('',(0.178036128806,-3.242314112161));
#641 = ( GEOMETRIC_REPRESENTATION_CONTEXT(2) 
PARAMETRIC_REPRESENTATION_CONTEXT() REPRESENTATION_CONTEXT('2D SPACE',''
  ) );
#642 = PCURVE('',#643,#648);
#643 = PLANE('',#644);
#644 = AXIS2_PLACEMENT_3D('',#645,#646,#647);
#645 = CARTESIAN_POINT('',(0.178036128806,-3.242314112161,3.4));
#646 = DIRECTION('',(0.146730474455,-0.989176509965,0.));
#647 = DIRECTION('',(-0.989176509965,-0.146730474455,0.));
#648 = DEFINITIONAL_REPRESENTATION('',(#649),#652);
#649 = B_SPLINE_CURVE_WITH_KNOTS('',1,(#650,#651),.UNSPECIFIED.,.F.,.F.,
  (2,2),(-0.189072705197,-0.149818565735),.PIECEWISE_BEZIER_KNOTS.);
#650 = CARTESIAN_POINT('',(3.925413946193E-02,-0.6));
#651 = CARTESIAN_POINT('',(0.,-0.6));
#652 = ( GEOMETRIC_REPRESENTATION_CONTEXT(2) 
PARAMETRIC_REPRESENTATION_CONTEXT() REPRESENTATION_CONTEXT('2D SPACE',''
  ) );
#653 = ORIENTED_EDGE('',*,*,#654,.F.);
#654 = EDGE_CURVE('',#655,#629,#657,.T.);
#655 = VERTEX_POINT('',#656);
#656 = CARTESIAN_POINT('',(1.E-01,-3.25,4.));
#657 = SURFACE_CURVE('',#658,(#662,#668),.PCURVE_S1.);
#658 = LINE('',#659,#660);
#659 = CARTESIAN_POINT('',(0.149362736417,-3.247574964264,4.));
#660 = VECTOR('',#661,1.);
#661 = DIRECTION('',(0.998795456205,4.906767432742E-02,-0.));
#662 = PCURVE('',#72,#663);
#663 = DEFINITIONAL_REPRESENTATION('',(#664),#667);
#664 = B_SPLINE_CURVE_WITH_KNOTS('',1,(#665,#666),.UNSPECIFIED.,.F.,.F.,
  (2,2),(-4.942226770276E-02,-1.016812824082E-02),
  .PIECEWISE_BEZIER_KNOTS.);
#665 = CARTESIAN_POINT('',(1.E-01,-3.25));
#666 = CARTESIAN_POINT('',(0.139206856132,-3.248073890669));
#667 = ( GEOMETRIC_REPRESENTATION_CONTEXT(2) 
PARAMETRIC_REPRESENTATION_CONTEXT() REPRESENTATION_CONTEXT('2D SPACE',''
  ) );
#668 = PCURVE('',#669,#674);
#669 = PLANE('',#670);
#670 = AXIS2_PLACEMENT_3D('',#671,#672,#673);
#671 = CARTESIAN_POINT('',(0.139206856132,-3.248073890669,3.4));
#672 = DIRECTION('',(4.906767432742E-02,-0.998795456205,0.));
#673 = DIRECTION('',(-0.998795456205,-4.906767432742E-02,0.));
#674 = DEFINITIONAL_REPRESENTATION('',(#675),#678);
#675 = B_SPLINE_CURVE_WITH_KNOTS('',1,(#676,#677),.UNSPECIFIED.,.F.,.F.,
  (2,2),(-4.942226770276E-02,-1.016812824082E-02),
  .PIECEWISE_BEZIER_KNOTS.);
#676 = CARTESIAN_POINT('',(3.925413946193E-02,-0.6));
#677 = CARTESIAN_POINT('',(0.,-0.6));
#678 = ( GEOMETRIC_REPRESENTATION_CONTEXT(2) 
PARAMETRIC_REPRESENTATION_CONTEXT() REPRESENTATION_CONTEXT('2D SPACE',''
  ) );
#679 = ORIENTED_EDGE('',*,*,#680,.F.);
#680 = EDGE_CURVE('',#681,#655,#683,.T.);
#681 = VERTEX_POINT('',#682);
#682 = CARTESIAN_POINT('',(6.079314386818E-02,-3.248073890669,4.));
#683 = SURFACE_CURVE('',#684,(#688,#694),.PCURVE_S1.);
#684 = LINE('',#685,#686);
#685 = CARTESIAN_POINT('',(-2.951854468457E-02,-3.243637161913,4.));
#686 = VECTOR('',#687,1.);
#687 = DIRECTION('',(0.998795456205,-4.906767432742E-02,0.));
#688 = PCURVE('',#72,#689);
#689 = DEFINITIONAL_REPRESENTATION('',(#690),#693);
#690 = B_SPLINE_CURVE_WITH_KNOTS('',1,(#691,#692),.UNSPECIFIED.,.F.,.F.,
  (2,2),(9.042060413037E-02,0.129674743592),.PIECEWISE_BEZIER_KNOTS.);
#691 = CARTESIAN_POINT('',(6.079314386818E-02,-3.248073890669));
#692 = CARTESIAN_POINT('',(1.E-01,-3.25));
#693 = ( GEOMETRIC_REPRESENTATION_CONTEXT(2) 
PARAMETRIC_REPRESENTATION_CONTEXT() REPRESENTATION_CONTEXT('2D SPACE',''
  ) );
#694 = PCURVE('',#695,#700);
#695 = PLANE('',#696);
#696 = AXIS2_PLACEMENT_3D('',#697,#698,#699);
#697 = CARTESIAN_POINT('',(1.E-01,-3.25,3.4));
#698 = DIRECTION('',(-4.906767432742E-02,-0.998795456205,0.));
#699 = DIRECTION('',(-0.998795456205,4.906767432742E-02,0.));
#700 = DEFINITIONAL_REPRESENTATION('',(#701),#704);
#701 = B_SPLINE_CURVE_WITH_KNOTS('',1,(#702,#703),.UNSPECIFIED.,.F.,.F.,
  (2,2),(9.042060413037E-02,0.129674743592),.PIECEWISE_BEZIER_KNOTS.);
#702 = CARTESIAN_POINT('',(3.925413946193E-02,-0.6));
#703 = CARTESIAN_POINT('',(0.,-0.6));
#704 = ( GEOMETRIC_REPRESENTATION_CONTEXT(2) 
PARAMETRIC_REPRESENTATION_CONTEXT() REPRESENTATION_CONTEXT('2D SPACE',''
  ) );
#705 = ORIENTED_EDGE('',*,*,#706,.F.);
#706 = EDGE_CURVE('',#707,#681,#709,.T.);
#707 = VERTEX_POINT('',#708);
#708 = CARTESIAN_POINT('',(2.196387119355E-02,-3.242314112161,4.));
#709 = SURFACE_CURVE('',#710,(#714,#720),.PCURVE_S1.);
#710 = LINE('',#711,#712);
#711 = CARTESIAN_POINT('',(-0.204665515238,-3.20869681832,4.));
#712 = VECTOR('',#713,1.);
#713 = DIRECTION('',(0.989176509965,-0.146730474455,0.));
#714 = PCURVE('',#72,#715);
#715 = DEFINITIONAL_REPRESENTATION('',(#716),#719);
#716 = B_SPLINE_CURVE_WITH_KNOTS('',1,(#717,#718),.UNSPECIFIED.,.F.,.F.,
  (2,2),(0.229109147001,0.268363286463),.PIECEWISE_BEZIER_KNOTS.);
#717 = CARTESIAN_POINT('',(2.196387119355E-02,-3.242314112161));
#718 = CARTESIAN_POINT('',(6.079314386818E-02,-3.248073890669));
#719 = ( GEOMETRIC_REPRESENTATION_CONTEXT(2) 
PARAMETRIC_REPRESENTATION_CONTEXT() REPRESENTATION_CONTEXT('2D SPACE',''
  ) );
#720 = PCURVE('',#721,#726);
#721 = PLANE('',#722);
#722 = AXIS2_PLACEMENT_3D('',#723,#724,#725);
#723 = CARTESIAN_POINT('',(6.079314386818E-02,-3.248073890669,3.4));
#724 = DIRECTION('',(-0.146730474455,-0.989176509965,0.));
#725 = DIRECTION('',(-0.989176509965,0.146730474455,0.));
#726 = DEFINITIONAL_REPRESENTATION('',(#727),#730);
#727 = B_SPLINE_CURVE_WITH_KNOTS('',1,(#728,#729),.UNSPECIFIED.,.F.,.F.,
  (2,2),(0.229109147001,0.268363286463),.PIECEWISE_BEZIER_KNOTS.);
#728 = CARTESIAN_POINT('',(3.925413946193E-02,-0.6));
#729 = CARTESIAN_POINT('',(0.,-0.6));
#730 = ( GEOMETRIC_REPRESENTATION_CONTEXT(2) 
PARAMETRIC_REPRESENTATION_CONTEXT() REPRESENTATION_CONTEXT('2D SPACE',''
  ) );
#731 = ORIENTED_EDGE('',*,*,#732,.F.);
#732 = EDGE_CURVE('',#733,#707,#735,.T.);
#733 = VERTEX_POINT('',#734);
#734 = CARTESIAN_POINT('',(-1.611387090179E-02,-3.232776134293,4.));
#735 = SURFACE_CURVE('',#736,(#740,#746),.PCURVE_S1.);
#736 = LINE('',#737,#738);
#737 = CARTESIAN_POINT('',(-0.370473770928,-3.144013600122,4.));
#738 = VECTOR('',#739,1.);
#739 = DIRECTION('',(0.970031253195,-0.242980179903,0.));
#740 = PCURVE('',#72,#741);
#741 = DEFINITIONAL_REPRESENTATION('',(#742),#745);
#742 = B_SPLINE_CURVE_WITH_KNOTS('',1,(#743,#744),.UNSPECIFIED.,.F.,.F.,
  (2,2),(0.365307714425,0.404561853887),.PIECEWISE_BEZIER_KNOTS.);
#743 = CARTESIAN_POINT('',(-1.611387090179E-02,-3.232776134293));
#744 = CARTESIAN_POINT('',(2.196387119355E-02,-3.242314112161));
#745 = ( GEOMETRIC_REPRESENTATION_CONTEXT(2) 
PARAMETRIC_REPRESENTATION_CONTEXT() REPRESENTATION_CONTEXT('2D SPACE',''
  ) );
#746 = PCURVE('',#747,#752);
#747 = PLANE('',#748);
#748 = AXIS2_PLACEMENT_3D('',#749,#750,#751);
#749 = CARTESIAN_POINT('',(2.196387119355E-02,-3.242314112161,3.4));
#750 = DIRECTION('',(-0.242980179903,-0.970031253195,0.));
#751 = DIRECTION('',(-0.970031253195,0.242980179903,0.));
#752 = DEFINITIONAL_REPRESENTATION('',(#753),#756);
#753 = B_SPLINE_CURVE_WITH_KNOTS('',1,(#754,#755),.UNSPECIFIED.,.F.,.F.,
  (2,2),(0.365307714425,0.404561853887),.PIECEWISE_BEZIER_KNOTS.);
#754 = CARTESIAN_POINT('',(3.925413946193E-02,-0.6));
#755 = CARTESIAN_POINT('',(0.,-0.6));
#756 = ( GEOMETRIC_REPRESENTATION_CONTEXT(2) 
PARAMETRIC_REPRESENTATION_CONTEXT() REPRESENTATION_CONTEXT('2D SPACE',''
  ) );
#757 = ORIENTED_EDGE('',*,*,#758,.F.);
#758 = EDGE_CURVE('',#759,#733,#761,.T.);
#759 = VERTEX_POINT('',#760);
#760 = CARTESIAN_POINT('',(-5.307337294604E-02,-3.219551813005,4.));
#761 = SURFACE_CURVE('',#762,(#766,#772),.PCURVE_S1.);
#762 = LINE('',#763,#764);
#763 = CARTESIAN_POINT('',(-0.521684222714,-3.051880169888,4.));
#764 = VECTOR('',#765,1.);
#765 = DIRECTION('',(0.941544065183,-0.336889853392,0.));
#766 = PCURVE('',#72,#767);
#767 = DEFINITIONAL_REPRESENTATION('',(#768),#771);
#768 = B_SPLINE_CURVE_WITH_KNOTS('',1,(#769,#770),.UNSPECIFIED.,.F.,.F.,
  (2,2),(0.497704639747,0.536958779209),.PIECEWISE_BEZIER_KNOTS.);
#769 = CARTESIAN_POINT('',(-5.307337294604E-02,-3.219551813005));
#770 = CARTESIAN_POINT('',(-1.611387090179E-02,-3.232776134293));
#771 = ( GEOMETRIC_REPRESENTATION_CONTEXT(2) 
PARAMETRIC_REPRESENTATION_CONTEXT() REPRESENTATION_CONTEXT('2D SPACE',''
  ) );
#772 = PCURVE('',#773,#778);
#773 = PLANE('',#774);
#774 = AXIS2_PLACEMENT_3D('',#775,#776,#777);
#775 = CARTESIAN_POINT('',(-1.611387090179E-02,-3.232776134293,3.4));
#776 = DIRECTION('',(-0.336889853392,-0.941544065183,0.));
#777 = DIRECTION('',(-0.941544065183,0.336889853392,0.));
#778 = DEFINITIONAL_REPRESENTATION('',(#779),#782);
#779 = B_SPLINE_CURVE_WITH_KNOTS('',1,(#780,#781),.UNSPECIFIED.,.F.,.F.,
  (2,2),(0.497704639747,0.536958779209),.PIECEWISE_BEZIER_KNOTS.);
#780 = CARTESIAN_POINT('',(3.925413946193E-02,-0.6));
#781 = CARTESIAN_POINT('',(0.,-0.6));
#782 = ( GEOMETRIC_REPRESENTATION_CONTEXT(2) 
PARAMETRIC_REPRESENTATION_CONTEXT() REPRESENTATION_CONTEXT('2D SPACE',''
  ) );
#783 = ORIENTED_EDGE('',*,*,#784,.F.);
#784 = EDGE_CURVE('',#785,#759,#787,.T.);
#785 = VERTEX_POINT('',#786);
#786 = CARTESIAN_POINT('',(-8.85586947304E-02,-3.202768505739,4.));
#787 = SURFACE_CURVE('',#788,(#792,#798),.PCURVE_S1.);
#788 = LINE('',#789,#790);
#789 = CARTESIAN_POINT('',(-0.653574483517,-2.935535939821,4.));
#790 = VECTOR('',#791,1.);
#791 = DIRECTION('',(0.903989293123,-0.42755509343,0.));
#792 = PCURVE('',#72,#793);
#793 = DEFINITIONAL_REPRESENTATION('',(#794),#797);
#794 = B_SPLINE_CURVE_WITH_KNOTS('',1,(#795,#796),.UNSPECIFIED.,.F.,.F.,
  (2,2),(0.625024868198,0.66427900766),.PIECEWISE_BEZIER_KNOTS.);
#795 = CARTESIAN_POINT('',(-8.85586947304E-02,-3.202768505739));
#796 = CARTESIAN_POINT('',(-5.307337294604E-02,-3.219551813005));
#797 = ( GEOMETRIC_REPRESENTATION_CONTEXT(2) 
PARAMETRIC_REPRESENTATION_CONTEXT() REPRESENTATION_CONTEXT('2D SPACE',''
  ) );
#798 = PCURVE('',#799,#804);
#799 = PLANE('',#800);
#800 = AXIS2_PLACEMENT_3D('',#801,#802,#803);
#801 = CARTESIAN_POINT('',(-5.307337294604E-02,-3.219551813005,3.4));
#802 = DIRECTION('',(-0.42755509343,-0.903989293123,0.));
#803 = DIRECTION('',(-0.903989293123,0.42755509343,0.));
#804 = DEFINITIONAL_REPRESENTATION('',(#805),#808);
#805 = B_SPLINE_CURVE_WITH_KNOTS('',1,(#806,#807),.UNSPECIFIED.,.F.,.F.,
  (2,2),(0.625024868198,0.66427900766),.PIECEWISE_BEZIER_KNOTS.);
#806 = CARTESIAN_POINT('',(3.925413946193E-02,-0.6));
#807 = CARTESIAN_POINT('',(0.,-0.6));
#808 = ( GEOMETRIC_REPRESENTATION_CONTEXT(2) 
PARAMETRIC_REPRESENTATION_CONTEXT() REPRESENTATION_CONTEXT('2D SPACE',''
  ) );
#809 = ORIENTED_EDGE('',*,*,#810,.F.);
#810 = EDGE_CURVE('',#811,#785,#813,.T.);
#811 = VERTEX_POINT('',#812);
#812 = CARTESIAN_POINT('',(-0.122228093208,-3.182587844921,4.));
#813 = SURFACE_CURVE('',#814,(#818,#824),.PCURVE_S1.);
#814 = LINE('',#815,#816);
#815 = CARTESIAN_POINT('',(-0.762129863619,-2.799045483915,4.));
#816 = VECTOR('',#817,1.);
#817 = DIRECTION('',(0.85772861,-0.514102744193,0.));
#818 = PCURVE('',#72,#819);
#819 = DEFINITIONAL_REPRESENTATION('',(#820),#823);
#820 = B_SPLINE_CURVE_WITH_KNOTS('',1,(#821,#822),.UNSPECIFIED.,.F.,.F.,
  (2,2),(0.746042236379,0.785296375841),.PIECEWISE_BEZIER_KNOTS.);
#821 = CARTESIAN_POINT('',(-0.122228093208,-3.182587844921));
#822 = CARTESIAN_POINT('',(-8.85586947304E-02,-3.202768505739));
#823 = ( GEOMETRIC_REPRESENTATION_CONTEXT(2) 
PARAMETRIC_REPRESENTATION_CONTEXT() REPRESENTATION_CONTEXT('2D SPACE',''
  ) );
#824 = PCURVE('',#825,#830);
#825 = PLANE('',#826);
#826 = AXIS2_PLACEMENT_3D('',#827,#828,#829);
#827 = CARTESIAN_POINT('',(-8.85586947304E-02,-3.202768505739,3.4));
#828 = DIRECTION('',(-0.514102744193,-0.85772861,0.));
#829 = DIRECTION('',(-0.85772861,0.514102744193,0.));
#830 = DEFINITIONAL_REPRESENTATION('',(#831),#834);
#831 = B_SPLINE_CURVE_WITH_KNOTS('',1,(#832,#833),.UNSPECIFIED.,.F.,.F.,
  (2,2),(0.746042236379,0.785296375841),.PIECEWISE_BEZIER_KNOTS.);
#832 = CARTESIAN_POINT('',(3.925413946193E-02,-0.6));
#833 = CARTESIAN_POINT('',(0.,-0.6));
#834 = ( GEOMETRIC_REPRESENTATION_CONTEXT(2) 
PARAMETRIC_REPRESENTATION_CONTEXT() REPRESENTATION_CONTEXT('2D SPACE',''
  ) );
#835 = ORIENTED_EDGE('',*,*,#836,.F.);
#836 = EDGE_CURVE('',#837,#811,#839,.T.);
#837 = VERTEX_POINT('',#838);
#838 = CARTESIAN_POINT('',(-0.153757313665,-3.159204181345,4.));
#839 = SURFACE_CURVE('',#840,(#844,#850),.PCURVE_S1.);
#840 = LINE('',#841,#842);
#841 = CARTESIAN_POINT('',(-0.844187504463,-2.647146253178,4.));
#842 = VECTOR('',#843,1.);
#843 = DIRECTION('',(0.803207531481,-0.595699304492,0.));
#844 = PCURVE('',#72,#845);
#845 = DEFINITIONAL_REPRESENTATION('',(#846),#849);
#846 = B_SPLINE_CURVE_WITH_KNOTS('',1,(#847,#848),.UNSPECIFIED.,.F.,.F.,
  (2,2),(0.859591280879,0.898845420341),.PIECEWISE_BEZIER_KNOTS.);
#847 = CARTESIAN_POINT('',(-0.153757313665,-3.159204181345));
#848 = CARTESIAN_POINT('',(-0.122228093208,-3.182587844921));
#849 = ( GEOMETRIC_REPRESENTATION_CONTEXT(2) 
PARAMETRIC_REPRESENTATION_CONTEXT() REPRESENTATION_CONTEXT('2D SPACE',''
  ) );
#850 = PCURVE('',#851,#856);
#851 = PLANE('',#852);
#852 = AXIS2_PLACEMENT_3D('',#853,#854,#855);
#853 = CARTESIAN_POINT('',(-0.122228093208,-3.182587844921,3.4));
#854 = DIRECTION('',(-0.595699304492,-0.803207531481,0.));
#855 = DIRECTION('',(-0.803207531481,0.595699304492,0.));
#856 = DEFINITIONAL_REPRESENTATION('',(#857),#860);
#857 = B_SPLINE_CURVE_WITH_KNOTS('',1,(#858,#859),.UNSPECIFIED.,.F.,.F.,
  (2,2),(0.859591280879,0.898845420341),.PIECEWISE_BEZIER_KNOTS.);
#858 = CARTESIAN_POINT('',(3.925413946193E-02,-0.6));
#859 = CARTESIAN_POINT('',(0.,-0.6));
#860 = ( GEOMETRIC_REPRESENTATION_CONTEXT(2) 
PARAMETRIC_REPRESENTATION_CONTEXT() REPRESENTATION_CONTEXT('2D SPACE',''
  ) );
#861 = ORIENTED_EDGE('',*,*,#862,.F.);
#862 = EDGE_CURVE('',#863,#837,#865,.T.);
#863 = VERTEX_POINT('',#864);
#864 = CARTESIAN_POINT('',(-0.182842712475,-3.132842712475,4.));
#865 = SURFACE_CURVE('',#866,(#870,#876),.PCURVE_S1.);
#866 = LINE('',#867,#868);
#867 = CARTESIAN_POINT('',(-0.89754820963,-2.485071408445,4.));
#868 = VECTOR('',#869,1.);
#869 = DIRECTION('',(0.740951125355,-0.671558954847,0.));
#870 = PCURVE('',#72,#871);
#871 = DEFINITIONAL_REPRESENTATION('',(#872),#875);
#872 = B_SPLINE_CURVE_WITH_KNOTS('',1,(#873,#874),.UNSPECIFIED.,.F.,.F.,
  (2,2),(0.964578462328,1.00383260179),.PIECEWISE_BEZIER_KNOTS.);
#873 = CARTESIAN_POINT('',(-0.182842712475,-3.132842712475));
#874 = CARTESIAN_POINT('',(-0.153757313665,-3.159204181345));
#875 = ( GEOMETRIC_REPRESENTATION_CONTEXT(2) 
PARAMETRIC_REPRESENTATION_CONTEXT() REPRESENTATION_CONTEXT('2D SPACE',''
  ) );
#876 = PCURVE('',#877,#882);
#877 = PLANE('',#878);
#878 = AXIS2_PLACEMENT_3D('',#879,#880,#881);
#879 = CARTESIAN_POINT('',(-0.153757313665,-3.159204181345,3.4));
#880 = DIRECTION('',(-0.671558954847,-0.740951125355,0.));
#881 = DIRECTION('',(-0.740951125355,0.671558954847,0.));
#882 = DEFINITIONAL_REPRESENTATION('',(#883),#886);
#883 = B_SPLINE_CURVE_WITH_KNOTS('',1,(#884,#885),.UNSPECIFIED.,.F.,.F.,
  (2,2),(0.964578462328,1.00383260179),.PIECEWISE_BEZIER_KNOTS.);
#884 = CARTESIAN_POINT('',(3.925413946193E-02,-0.6));
#885 = CARTESIAN_POINT('',(0.,-0.6));
#886 = ( GEOMETRIC_REPRESENTATION_CONTEXT(2) 
PARAMETRIC_REPRESENTATION_CONTEXT() REPRESENTATION_CONTEXT('2D SPACE',''
  ) );
#887 = ORIENTED_EDGE('',*,*,#888,.F.);
#888 = EDGE_CURVE('',#889,#863,#891,.T.);
#889 = VERTEX_POINT('',#890);
#890 = CARTESIAN_POINT('',(-0.209204181345,-3.103757313665,4.));
#891 = SURFACE_CURVE('',#892,(#896,#902),.PCURVE_S1.);
#892 = LINE('',#893,#894);
#893 = CARTESIAN_POINT('',(-0.921051768938,-2.318354532121,4.));
#894 = VECTOR('',#895,1.);
#895 = DIRECTION('',(0.671558954847,-0.740951125355,0.));
#896 = PCURVE('',#72,#897);
#897 = DEFINITIONAL_REPRESENTATION('',(#898),#901);
#898 = B_SPLINE_CURVE_WITH_KNOTS('',1,(#899,#900),.UNSPECIFIED.,.F.,.F.,
  (2,2),(1.059992696777,1.099246836239),.PIECEWISE_BEZIER_KNOTS.);
#899 = CARTESIAN_POINT('',(-0.209204181345,-3.103757313665));
#900 = CARTESIAN_POINT('',(-0.182842712475,-3.132842712475));
#901 = ( GEOMETRIC_REPRESENTATION_CONTEXT(2) 
PARAMETRIC_REPRESENTATION_CONTEXT() REPRESENTATION_CONTEXT('2D SPACE',''
  ) );
#902 = PCURVE('',#903,#908);
#903 = PLANE('',#904);
#904 = AXIS2_PLACEMENT_3D('',#905,#906,#907);
#905 = CARTESIAN_POINT('',(-0.182842712475,-3.132842712475,3.4));
#906 = DIRECTION('',(-0.740951125355,-0.671558954847,0.));
#907 = DIRECTION('',(-0.671558954847,0.740951125355,0.));
#908 = DEFINITIONAL_REPRESENTATION('',(#909),#912);
#909 = B_SPLINE_CURVE_WITH_KNOTS('',1,(#910,#911),.UNSPECIFIED.,.F.,.F.,
  (2,2),(1.059992696777,1.099246836239),.PIECEWISE_BEZIER_KNOTS.);
#910 = CARTESIAN_POINT('',(3.925413946193E-02,-0.6));
#911 = CARTESIAN_POINT('',(0.,-0.6));
#912 = ( GEOMETRIC_REPRESENTATION_CONTEXT(2) 
PARAMETRIC_REPRESENTATION_CONTEXT() REPRESENTATION_CONTEXT('2D SPACE',''
  ) );
#913 = ORIENTED_EDGE('',*,*,#914,.F.);
#914 = EDGE_CURVE('',#915,#889,#917,.T.);
#915 = VERTEX_POINT('',#916);
#916 = CARTESIAN_POINT('',(-0.232587844921,-3.072228093208,4.));
#917 = SURFACE_CURVE('',#918,(#922,#928),.PCURVE_S1.);
#918 = LINE('',#919,#920);
#919 = CARTESIAN_POINT('',(-0.914612969517,-2.152623667614,4.));
#920 = VECTOR('',#921,1.);
#921 = DIRECTION('',(0.595699304492,-0.803207531481,0.));
#922 = PCURVE('',#72,#923);
#923 = DEFINITIONAL_REPRESENTATION('',(#924),#927);
#924 = B_SPLINE_CURVE_WITH_KNOTS('',1,(#925,#926),.UNSPECIFIED.,.F.,.F.,
  (2,2),(1.144915092988,1.18416923245),.PIECEWISE_BEZIER_KNOTS.);
#925 = CARTESIAN_POINT('',(-0.232587844921,-3.072228093208));
#926 = CARTESIAN_POINT('',(-0.209204181345,-3.103757313665));
#927 = ( GEOMETRIC_REPRESENTATION_CONTEXT(2) 
PARAMETRIC_REPRESENTATION_CONTEXT() REPRESENTATION_CONTEXT('2D SPACE',''
  ) );
#928 = PCURVE('',#929,#934);
#929 = PLANE('',#930);
#930 = AXIS2_PLACEMENT_3D('',#931,#932,#933);
#931 = CARTESIAN_POINT('',(-0.209204181345,-3.103757313665,3.4));
#932 = DIRECTION('',(-0.803207531481,-0.595699304492,0.));
#933 = DIRECTION('',(-0.595699304492,0.803207531481,0.));
#934 = DEFINITIONAL_REPRESENTATION('',(#935),#938);
#935 = B_SPLINE_CURVE_WITH_KNOTS('',1,(#936,#937),.UNSPECIFIED.,.F.,.F.,
  (2,2),(1.144915092988,1.18416923245),.PIECEWISE_BEZIER_KNOTS.);
#936 = CARTESIAN_POINT('',(3.925413946193E-02,-0.6));
#937 = CARTESIAN_POINT('',(0.,-0.6));
#938 = ( GEOMETRIC_REPRESENTATION_CONTEXT(2) 
PARAMETRIC_REPRESENTATION_CONTEXT() REPRESENTATION_CONTEXT('2D SPACE',''
  ) );
#939 = ORIENTED_EDGE('',*,*,#940,.F.);
#940 = EDGE_CURVE('',#941,#915,#943,.T.);
#941 = VERTEX_POINT('',#942);
#942 = CARTESIAN_POINT('',(-0.252768505739,-3.03855869473,4.));
#943 = SURFACE_CURVE('',#944,(#948,#954),.PCURVE_S1.);
#944 = LINE('',#945,#946);
#945 = CARTESIAN_POINT('',(-0.879216992553,-1.993392536991,4.));
#946 = VECTOR('',#947,1.);
#947 = DIRECTION('',(0.514102744193,-0.85772861,0.));
#948 = PCURVE('',#72,#949);
#949 = DEFINITIONAL_REPRESENTATION('',(#950),#953);
#950 = B_SPLINE_CURVE_WITH_KNOTS('',1,(#951,#952),.UNSPECIFIED.,.F.,.F.,
  (2,2),(1.218527801864,1.257781941326),.PIECEWISE_BEZIER_KNOTS.);
#951 = CARTESIAN_POINT('',(-0.252768505739,-3.03855869473));
#952 = CARTESIAN_POINT('',(-0.232587844921,-3.072228093208));
#953 = ( GEOMETRIC_REPRESENTATION_CONTEXT(2) 
PARAMETRIC_REPRESENTATION_CONTEXT() REPRESENTATION_CONTEXT('2D SPACE',''
  ) );
#954 = PCURVE('',#955,#960);
#955 = PLANE('',#956);
#956 = AXIS2_PLACEMENT_3D('',#957,#958,#959);
#957 = CARTESIAN_POINT('',(-0.232587844921,-3.072228093208,3.4));
#958 = DIRECTION('',(-0.85772861,-0.514102744193,0.));
#959 = DIRECTION('',(-0.514102744193,0.85772861,0.));
#960 = DEFINITIONAL_REPRESENTATION('',(#961),#964);
#961 = B_SPLINE_CURVE_WITH_KNOTS('',1,(#962,#963),.UNSPECIFIED.,.F.,.F.,
  (2,2),(1.218527801864,1.257781941326),.PIECEWISE_BEZIER_KNOTS.);
#962 = CARTESIAN_POINT('',(3.925413946193E-02,-0.6));
#963 = CARTESIAN_POINT('',(0.,-0.6));
#964 = ( GEOMETRIC_REPRESENTATION_CONTEXT(2) 
PARAMETRIC_REPRESENTATION_CONTEXT() REPRESENTATION_CONTEXT('2D SPACE',''
  ) );
#965 = ORIENTED_EDGE('',*,*,#966,.F.);
#966 = EDGE_CURVE('',#967,#941,#969,.T.);
#967 = VERTEX_POINT('',#968);
#968 = CARTESIAN_POINT('',(-0.269551813005,-3.003073372946,4.));
#969 = SURFACE_CURVE('',#970,(#974,#980),.PCURVE_S1.);
#970 = LINE('',#971,#972);
#971 = CARTESIAN_POINT('',(-0.816874448472,-1.845856887984,4.));
#972 = VECTOR('',#973,1.);
#973 = DIRECTION('',(0.42755509343,-0.903989293123,0.));
#974 = PCURVE('',#72,#975);
#975 = DEFINITIONAL_REPRESENTATION('',(#976),#979);
#976 = B_SPLINE_CURVE_WITH_KNOTS('',1,(#977,#978),.UNSPECIFIED.,.F.,.F.,
  (2,2),(1.280121892776,1.319376032238),.PIECEWISE_BEZIER_KNOTS.);
#977 = CARTESIAN_POINT('',(-0.269551813005,-3.003073372946));
#978 = CARTESIAN_POINT('',(-0.252768505739,-3.03855869473));
#979 = ( GEOMETRIC_REPRESENTATION_CONTEXT(2) 
PARAMETRIC_REPRESENTATION_CONTEXT() REPRESENTATION_CONTEXT('2D SPACE',''
  ) );
#980 = PCURVE('',#981,#986);
#981 = PLANE('',#982);
#982 = AXIS2_PLACEMENT_3D('',#983,#984,#985);
#983 = CARTESIAN_POINT('',(-0.252768505739,-3.03855869473,3.4));
#984 = DIRECTION('',(-0.903989293123,-0.42755509343,0.));
#985 = DIRECTION('',(-0.42755509343,0.903989293123,0.));
#986 = DEFINITIONAL_REPRESENTATION('',(#987),#990);
#987 = B_SPLINE_CURVE_WITH_KNOTS('',1,(#988,#989),.UNSPECIFIED.,.F.,.F.,
  (2,2),(1.280121892776,1.319376032238),.PIECEWISE_BEZIER_KNOTS.);
#988 = CARTESIAN_POINT('',(3.925413946193E-02,-0.6));
#989 = CARTESIAN_POINT('',(0.,-0.6));
#990 = ( GEOMETRIC_REPRESENTATION_CONTEXT(2) 
PARAMETRIC_REPRESENTATION_CONTEXT() REPRESENTATION_CONTEXT('2D SPACE',''
  ) );
#991 = ORIENTED_EDGE('',*,*,#992,.F.);
#992 = EDGE_CURVE('',#993,#967,#995,.T.);
#993 = VERTEX_POINT('',#994);
#994 = CARTESIAN_POINT('',(-0.282776134293,-2.966113870902,4.));
#995 = SURFACE_CURVE('',#996,(#1000,#1006),.PCURVE_S1.);
#996 = LINE('',#997,#998);
#997 = CARTESIAN_POINT('',(-0.730537846959,-1.71470371731,4.));
#998 = VECTOR('',#999,1.);
#999 = DIRECTION('',(0.336889853392,-0.941544065183,0.));
#1000 = PCURVE('',#72,#1001);
#1001 = DEFINITIONAL_REPRESENTATION('',(#1002),#1005);
#1002 = B_SPLINE_CURVE_WITH_KNOTS('',1,(#1003,#1004),.UNSPECIFIED.,.F.,
  .F.,(2,2),(1.329104180959,1.368358320421),.PIECEWISE_BEZIER_KNOTS.);
#1003 = CARTESIAN_POINT('',(-0.282776134293,-2.966113870902));
#1004 = CARTESIAN_POINT('',(-0.269551813005,-3.003073372946));
#1005 = ( GEOMETRIC_REPRESENTATION_CONTEXT(2) 
PARAMETRIC_REPRESENTATION_CONTEXT() REPRESENTATION_CONTEXT('2D SPACE',''
  ) );
#1006 = PCURVE('',#1007,#1012);
#1007 = PLANE('',#1008);
#1008 = AXIS2_PLACEMENT_3D('',#1009,#1010,#1011);
#1009 = CARTESIAN_POINT('',(-0.269551813005,-3.003073372946,3.4));
#1010 = DIRECTION('',(-0.941544065183,-0.336889853392,0.));
#1011 = DIRECTION('',(-0.336889853392,0.941544065183,0.));
#1012 = DEFINITIONAL_REPRESENTATION('',(#1013),#1016);
#1013 = B_SPLINE_CURVE_WITH_KNOTS('',1,(#1014,#1015),.UNSPECIFIED.,.F.,
  .F.,(2,2),(1.329104180959,1.368358320421),.PIECEWISE_BEZIER_KNOTS.);
#1014 = CARTESIAN_POINT('',(3.925413946193E-02,-0.6));
#1015 = CARTESIAN_POINT('',(0.,-0.6));
#1016 = ( GEOMETRIC_REPRESENTATION_CONTEXT(2) 
PARAMETRIC_REPRESENTATION_CONTEXT() REPRESENTATION_CONTEXT('2D SPACE',''
  ) );
#1017 = ORIENTED_EDGE('',*,*,#1018,.F.);
#1018 = EDGE_CURVE('',#1019,#993,#1021,.T.);
#1019 = VERTEX_POINT('',#1020);
#1020 = CARTESIAN_POINT('',(-0.292314112161,-2.928036128806,4.));
#1021 = SURFACE_CURVE('',#1022,(#1026,#1032),.PCURVE_S1.);
#1022 = LINE('',#1023,#1024);
#1023 = CARTESIAN_POINT('',(-0.62398277214,-1.603940616109,4.));
#1024 = VECTOR('',#1025,1.);
#1025 = DIRECTION('',(0.242980179903,-0.970031253195,0.));
#1026 = PCURVE('',#72,#1027);
#1027 = DEFINITIONAL_REPRESENTATION('',(#1028),#1031);
#1028 = B_SPLINE_CURVE_WITH_KNOTS('',1,(#1029,#1030),.UNSPECIFIED.,.F.,
  .F.,(2,2),(1.365002940201,1.404257079663),.PIECEWISE_BEZIER_KNOTS.);
#1029 = CARTESIAN_POINT('',(-0.292314112161,-2.928036128806));
#1030 = CARTESIAN_POINT('',(-0.282776134293,-2.966113870902));
#1031 = ( GEOMETRIC_REPRESENTATION_CONTEXT(2) 
PARAMETRIC_REPRESENTATION_CONTEXT() REPRESENTATION_CONTEXT('2D SPACE',''
  ) );
#1032 = PCURVE('',#1033,#1038);
#1033 = PLANE('',#1034);
#1034 = AXIS2_PLACEMENT_3D('',#1035,#1036,#1037);
#1035 = CARTESIAN_POINT('',(-0.282776134293,-2.966113870902,3.4));
#1036 = DIRECTION('',(-0.970031253195,-0.242980179903,0.));
#1037 = DIRECTION('',(-0.242980179903,0.970031253195,0.));
#1038 = DEFINITIONAL_REPRESENTATION('',(#1039),#1042);
#1039 = B_SPLINE_CURVE_WITH_KNOTS('',1,(#1040,#1041),.UNSPECIFIED.,.F.,
  .F.,(2,2),(1.365002940201,1.404257079663),.PIECEWISE_BEZIER_KNOTS.);
#1040 = CARTESIAN_POINT('',(3.925413946193E-02,-0.6));
#1041 = CARTESIAN_POINT('',(0.,-0.6));
#1042 = ( GEOMETRIC_REPRESENTATION_CONTEXT(2) 
PARAMETRIC_REPRESENTATION_CONTEXT() REPRESENTATION_CONTEXT('2D SPACE',''
  ) );
#1043 = ORIENTED_EDGE('',*,*,#1044,.F.);
#1044 = EDGE_CURVE('',#1045,#1019,#1047,.T.);
#1045 = VERTEX_POINT('',#1046);
#1046 = CARTESIAN_POINT('',(-0.298073890669,-2.889206856132,4.));
#1047 = SURFACE_CURVE('',#1048,(#1052,#1058),.PCURVE_S1.);
#1048 = LINE('',#1049,#1050);
#1049 = CARTESIAN_POINT('',(-0.501658380939,-1.516751704497,4.));
#1050 = VECTOR('',#1051,1.);
#1051 = DIRECTION('',(0.146730474455,-0.989176509965,0.));
#1052 = PCURVE('',#72,#1053);
#1053 = DEFINITIONAL_REPRESENTATION('',(#1054),#1057);
#1054 = B_SPLINE_CURVE_WITH_KNOTS('',1,(#1055,#1056),.UNSPECIFIED.,.F.,
  .F.,(2,2),(1.387472445826,1.426726585288),.PIECEWISE_BEZIER_KNOTS.);
#1055 = CARTESIAN_POINT('',(-0.298073890669,-2.889206856132));
#1056 = CARTESIAN_POINT('',(-0.292314112161,-2.928036128806));
#1057 = ( GEOMETRIC_REPRESENTATION_CONTEXT(2) 
PARAMETRIC_REPRESENTATION_CONTEXT() REPRESENTATION_CONTEXT('2D SPACE',''
  ) );
#1058 = PCURVE('',#1059,#1064);
#1059 = PLANE('',#1060);
#1060 = AXIS2_PLACEMENT_3D('',#1061,#1062,#1063);
#1061 = CARTESIAN_POINT('',(-0.292314112161,-2.928036128806,3.4));
#1062 = DIRECTION('',(-0.989176509965,-0.146730474455,0.));
#1063 = DIRECTION('',(-0.146730474455,0.989176509965,0.));
#1064 = DEFINITIONAL_REPRESENTATION('',(#1065),#1068);
#1065 = B_SPLINE_CURVE_WITH_KNOTS('',1,(#1066,#1067),.UNSPECIFIED.,.F.,
  .F.,(2,2),(1.387472445826,1.426726585288),.PIECEWISE_BEZIER_KNOTS.);
#1066 = CARTESIAN_POINT('',(3.925413946193E-02,-0.6));
#1067 = CARTESIAN_POINT('',(0.,-0.6));
#1068 = ( GEOMETRIC_REPRESENTATION_CONTEXT(2) 
PARAMETRIC_REPRESENTATION_CONTEXT() REPRESENTATION_CONTEXT('2D SPACE',''
  ) );
#1069 = ORIENTED_EDGE('',*,*,#1070,.F.);
#1070 = EDGE_CURVE('',#1071,#1045,#1073,.T.);
#1071 = VERTEX_POINT('',#1072);
#1072 = CARTESIAN_POINT('',(-0.3,-2.85,4.));
#1073 = SURFACE_CURVE('',#1074,(#1078,#1084),.PCURVE_S1.);
#1074 = LINE('',#1075,#1076);
#1075 = CARTESIAN_POINT('',(-0.36851301232,-1.455385595837,4.));
#1076 = VECTOR('',#1077,1.);
#1077 = DIRECTION('',(4.906767432742E-02,-0.998795456205,0.));
#1078 = PCURVE('',#72,#1079);
#1079 = DEFINITIONAL_REPRESENTATION('',(#1080),#1083);
#1080 = B_SPLINE_CURVE_WITH_KNOTS('',1,(#1081,#1082),.UNSPECIFIED.,.F.,
  .F.,(2,2),(1.396296304212,1.435550443674),.PIECEWISE_BEZIER_KNOTS.);
#1081 = CARTESIAN_POINT('',(-0.3,-2.85));
#1082 = CARTESIAN_POINT('',(-0.298073890669,-2.889206856132));
#1083 = ( GEOMETRIC_REPRESENTATION_CONTEXT(2) 
PARAMETRIC_REPRESENTATION_CONTEXT() REPRESENTATION_CONTEXT('2D SPACE',''
  ) );
#1084 = PCURVE('',#1085,#1090);
#1085 = PLANE('',#1086);
#1086 = AXIS2_PLACEMENT_3D('',#1087,#1088,#1089);
#1087 = CARTESIAN_POINT('',(-0.298073890669,-2.889206856132,3.4));
#1088 = DIRECTION('',(-0.998795456205,-4.906767432742E-02,0.));
#1089 = DIRECTION('',(-4.906767432742E-02,0.998795456205,0.));
#1090 = DEFINITIONAL_REPRESENTATION('',(#1091),#1094);
#1091 = B_SPLINE_CURVE_WITH_KNOTS('',1,(#1092,#1093),.UNSPECIFIED.,.F.,
  .F.,(2,2),(1.396296304212,1.435550443674),.PIECEWISE_BEZIER_KNOTS.);
#1092 = CARTESIAN_POINT('',(3.925413946193E-02,-0.6));
#1093 = CARTESIAN_POINT('',(0.,-0.6));
#1094 = ( GEOMETRIC_REPRESENTATION_CONTEXT(2) 
PARAMETRIC_REPRESENTATION_CONTEXT() REPRESENTATION_CONTEXT('2D SPACE',''
  ) );
#1095 = ORIENTED_EDGE('',*,*,#1096,.F.);
#1096 = EDGE_CURVE('',#1097,#1071,#1099,.T.);
#1097 = VERTEX_POINT('',#1098);
#1098 = CARTESIAN_POINT('',(-0.298073890669,-2.810793143868,4.));
#1099 = SURFACE_CURVE('',#1100,(#1104,#1110),.PCURVE_S1.);
#1100 = LINE('',#1101,#1102);
#1101 = CARTESIAN_POINT('',(-0.229801642016,-1.421079596721,4.));
#1102 = VECTOR('',#1103,1.);
#1103 = DIRECTION('',(-4.906767432742E-02,-0.998795456205,0.));
#1104 = PCURVE('',#72,#1105);
#1105 = DEFINITIONAL_REPRESENTATION('',(#1106),#1109);
#1106 = B_SPLINE_CURVE_WITH_KNOTS('',1,(#1107,#1108),.UNSPECIFIED.,.F.,
  .F.,(2,2),(1.39138953678,1.430643676241),.PIECEWISE_BEZIER_KNOTS.);
#1107 = CARTESIAN_POINT('',(-0.298073890669,-2.810793143868));
#1108 = CARTESIAN_POINT('',(-0.3,-2.85));
#1109 = ( GEOMETRIC_REPRESENTATION_CONTEXT(2) 
PARAMETRIC_REPRESENTATION_CONTEXT() REPRESENTATION_CONTEXT('2D SPACE',''
  ) );
#1110 = PCURVE('',#1111,#1116);
#1111 = PLANE('',#1112);
#1112 = AXIS2_PLACEMENT_3D('',#1113,#1114,#1115);
#1113 = CARTESIAN_POINT('',(-0.3,-2.85,3.4));
#1114 = DIRECTION('',(-0.998795456205,4.906767432742E-02,0.));
#1115 = DIRECTION('',(4.906767432742E-02,0.998795456205,0.));
#1116 = DEFINITIONAL_REPRESENTATION('',(#1117),#1120);
#1117 = B_SPLINE_CURVE_WITH_KNOTS('',1,(#1118,#1119),.UNSPECIFIED.,.F.,
  .F.,(2,2),(1.39138953678,1.430643676241),.PIECEWISE_BEZIER_KNOTS.);
#1118 = CARTESIAN_POINT('',(3.925413946193E-02,-0.6));
#1119 = CARTESIAN_POINT('',(0.,-0.6));
#1120 = ( GEOMETRIC_REPRESENTATION_CONTEXT(2) 
PARAMETRIC_REPRESENTATION_CONTEXT() REPRESENTATION_CONTEXT('2D SPACE',''
  ) );
#1121 = ORIENTED_EDGE('',*,*,#1122,.F.);
#1122 = EDGE_CURVE('',#1123,#1097,#1125,.T.);
#1123 = VERTEX_POINT('',#1124);
#1124 = CARTESIAN_POINT('',(-0.292314112161,-2.771963871194,4.));
#1125 = SURFACE_CURVE('',#1126,(#1130,#1136),.PCURVE_S1.);
#1126 = LINE('',#1127,#1128);
#1127 = CARTESIAN_POINT('',(-9.088260510487E-02,-1.414022953422,4.));
#1128 = VECTOR('',#1129,1.);
#1129 = DIRECTION('',(-0.146730474455,-0.989176509965,0.));
#1130 = PCURVE('',#72,#1131);
#1131 = DEFINITIONAL_REPRESENTATION('',(#1132),#1135);
#1132 = B_SPLINE_CURVE_WITH_KNOTS('',1,(#1133,#1134),.UNSPECIFIED.,.F.,
  .F.,(2,2),(1.372799398381,1.412053537843),.PIECEWISE_BEZIER_KNOTS.);
#1133 = CARTESIAN_POINT('',(-0.292314112161,-2.771963871194));
#1134 = CARTESIAN_POINT('',(-0.298073890669,-2.810793143868));
#1135 = ( GEOMETRIC_REPRESENTATION_CONTEXT(2) 
PARAMETRIC_REPRESENTATION_CONTEXT() REPRESENTATION_CONTEXT('2D SPACE',''
  ) );
#1136 = PCURVE('',#1137,#1142);
#1137 = PLANE('',#1138);
#1138 = AXIS2_PLACEMENT_3D('',#1139,#1140,#1141);
#1139 = CARTESIAN_POINT('',(-0.298073890669,-2.810793143868,3.4));
#1140 = DIRECTION('',(-0.989176509965,0.146730474455,0.));
#1141 = DIRECTION('',(0.146730474455,0.989176509965,0.));
#1142 = DEFINITIONAL_REPRESENTATION('',(#1143),#1146);
#1143 = B_SPLINE_CURVE_WITH_KNOTS('',1,(#1144,#1145),.UNSPECIFIED.,.F.,
  .F.,(2,2),(1.372799398381,1.412053537843),.PIECEWISE_BEZIER_KNOTS.);
#1144 = CARTESIAN_POINT('',(3.925413946193E-02,-0.6));
#1145 = CARTESIAN_POINT('',(0.,-0.6));
#1146 = ( GEOMETRIC_REPRESENTATION_CONTEXT(2) 
PARAMETRIC_REPRESENTATION_CONTEXT() REPRESENTATION_CONTEXT('2D SPACE',''
  ) );
#1147 = ORIENTED_EDGE('',*,*,#1148,.F.);
#1148 = EDGE_CURVE('',#1149,#1123,#1151,.T.);
#1149 = VERTEX_POINT('',#1150);
#1150 = CARTESIAN_POINT('',(-0.282776134293,-2.733886129098,4.));
#1151 = SURFACE_CURVE('',#1152,(#1156,#1162),.PCURVE_S1.);
#1152 = LINE('',#1153,#1154);
#1153 = CARTESIAN_POINT('',(4.298858890306E-02,-1.433360453242,4.));
#1154 = VECTOR('',#1155,1.);
#1155 = DIRECTION('',(-0.242980179903,-0.970031253195,0.));
#1156 = PCURVE('',#72,#1157);
#1157 = DEFINITIONAL_REPRESENTATION('',(#1158),#1161);
#1158 = B_SPLINE_CURVE_WITH_KNOTS('',1,(#1159,#1160),.UNSPECIFIED.,.F.,
  .F.,(2,2),(1.340704922211,1.379959061673),.PIECEWISE_BEZIER_KNOTS.);
#1159 = CARTESIAN_POINT('',(-0.282776134293,-2.733886129098));
#1160 = CARTESIAN_POINT('',(-0.292314112161,-2.771963871194));
#1161 = ( GEOMETRIC_REPRESENTATION_CONTEXT(2) 
PARAMETRIC_REPRESENTATION_CONTEXT() REPRESENTATION_CONTEXT('2D SPACE',''
  ) );
#1162 = PCURVE('',#1163,#1168);
#1163 = PLANE('',#1164);
#1164 = AXIS2_PLACEMENT_3D('',#1165,#1166,#1167);
#1165 = CARTESIAN_POINT('',(-0.292314112161,-2.771963871194,3.4));
#1166 = DIRECTION('',(-0.970031253195,0.242980179903,0.));
#1167 = DIRECTION('',(0.242980179903,0.970031253195,0.));
#1168 = DEFINITIONAL_REPRESENTATION('',(#1169),#1172);
#1169 = B_SPLINE_CURVE_WITH_KNOTS('',1,(#1170,#1171),.UNSPECIFIED.,.F.,
  .F.,(2,2),(1.340704922211,1.379959061673),.PIECEWISE_BEZIER_KNOTS.);
#1170 = CARTESIAN_POINT('',(3.925413946193E-02,-0.6));
#1171 = CARTESIAN_POINT('',(0.,-0.6));
#1172 = ( GEOMETRIC_REPRESENTATION_CONTEXT(2) 
PARAMETRIC_REPRESENTATION_CONTEXT() REPRESENTATION_CONTEXT('2D SPACE',''
  ) );
#1173 = ORIENTED_EDGE('',*,*,#1174,.F.);
#1174 = EDGE_CURVE('',#1175,#1149,#1177,.T.);
#1175 = VERTEX_POINT('',#1176);
#1176 = CARTESIAN_POINT('',(-0.269551813005,-2.696926627054,4.));
#1177 = SURFACE_CURVE('',#1178,(#1182,#1188),.PCURVE_S1.);
#1178 = LINE('',#1179,#1180);
#1179 = CARTESIAN_POINT('',(0.16686042233,-1.47723613767,4.));
#1180 = VECTOR('',#1181,1.);
#1181 = DIRECTION('',(-0.336889853392,-0.941544065183,0.));
#1182 = PCURVE('',#72,#1183);
#1183 = DEFINITIONAL_REPRESENTATION('',(#1184),#1187);
#1184 = B_SPLINE_CURVE_WITH_KNOTS('',1,(#1185,#1186),.UNSPECIFIED.,.F.,
  .F.,(2,2),(1.29541519562,1.334669335082),.PIECEWISE_BEZIER_KNOTS.);
#1185 = CARTESIAN_POINT('',(-0.269551813005,-2.696926627054));
#1186 = CARTESIAN_POINT('',(-0.282776134293,-2.733886129098));
#1187 = ( GEOMETRIC_REPRESENTATION_CONTEXT(2) 
PARAMETRIC_REPRESENTATION_CONTEXT() REPRESENTATION_CONTEXT('2D SPACE',''
  ) );
#1188 = PCURVE('',#1189,#1194);
#1189 = PLANE('',#1190);
#1190 = AXIS2_PLACEMENT_3D('',#1191,#1192,#1193);
#1191 = CARTESIAN_POINT('',(-0.282776134293,-2.733886129098,3.4));
#1192 = DIRECTION('',(-0.941544065183,0.336889853392,0.));
#1193 = DIRECTION('',(0.336889853392,0.941544065183,0.));
#1194 = DEFINITIONAL_REPRESENTATION('',(#1195),#1198);
#1195 = B_SPLINE_CURVE_WITH_KNOTS('',1,(#1196,#1197),.UNSPECIFIED.,.F.,
  .F.,(2,2),(1.29541519562,1.334669335082),.PIECEWISE_BEZIER_KNOTS.);
#1196 = CARTESIAN_POINT('',(3.925413946193E-02,-0.6));
#1197 = CARTESIAN_POINT('',(0.,-0.6));
#1198 = ( GEOMETRIC_REPRESENTATION_CONTEXT(2) 
PARAMETRIC_REPRESENTATION_CONTEXT() REPRESENTATION_CONTEXT('2D SPACE',''
  ) );
#1199 = ORIENTED_EDGE('',*,*,#1200,.F.);
#1200 = EDGE_CURVE('',#1201,#1175,#1203,.T.);
#1201 = VERTEX_POINT('',#1202);
#1202 = CARTESIAN_POINT('',(-0.252768505739,-2.66144130527,4.));
#1203 = SURFACE_CURVE('',#1204,(#1208,#1214),.PCURVE_S1.);
#1204 = LINE('',#1205,#1206);
#1205 = CARTESIAN_POINT('',(0.276273793937,-1.542875342975,4.));
#1206 = VECTOR('',#1207,1.);
#1207 = DIRECTION('',(-0.42755509343,-0.903989293123,0.));
#1208 = PCURVE('',#72,#1209);
#1209 = DEFINITIONAL_REPRESENTATION('',(#1210),#1213);
#1210 = B_SPLINE_CURVE_WITH_KNOTS('',1,(#1211,#1212),.UNSPECIFIED.,.F.,
  .F.,(2,2),(1.237366383433,1.276620522895),.PIECEWISE_BEZIER_KNOTS.);
#1211 = CARTESIAN_POINT('',(-0.252768505739,-2.66144130527));
#1212 = CARTESIAN_POINT('',(-0.269551813005,-2.696926627054));
#1213 = ( GEOMETRIC_REPRESENTATION_CONTEXT(2) 
PARAMETRIC_REPRESENTATION_CONTEXT() REPRESENTATION_CONTEXT('2D SPACE',''
  ) );
#1214 = PCURVE('',#1215,#1220);
#1215 = PLANE('',#1216);
#1216 = AXIS2_PLACEMENT_3D('',#1217,#1218,#1219);
#1217 = CARTESIAN_POINT('',(-0.269551813005,-2.696926627054,3.4));
#1218 = DIRECTION('',(-0.903989293123,0.42755509343,0.));
#1219 = DIRECTION('',(0.42755509343,0.903989293123,0.));
#1220 = DEFINITIONAL_REPRESENTATION('',(#1221),#1224);
#1221 = B_SPLINE_CURVE_WITH_KNOTS('',1,(#1222,#1223),.UNSPECIFIED.,.F.,
  .F.,(2,2),(1.237366383433,1.276620522895),.PIECEWISE_BEZIER_KNOTS.);
#1222 = CARTESIAN_POINT('',(3.925413946193E-02,-0.6));
#1223 = CARTESIAN_POINT('',(0.,-0.6));
#1224 = ( GEOMETRIC_REPRESENTATION_CONTEXT(2) 
PARAMETRIC_REPRESENTATION_CONTEXT() REPRESENTATION_CONTEXT('2D SPACE',''
  ) );
#1225 = ORIENTED_EDGE('',*,*,#1226,.F.);
#1226 = EDGE_CURVE('',#1227,#1201,#1229,.T.);
#1227 = VERTEX_POINT('',#1228);
#1228 = CARTESIAN_POINT('',(-0.232587844921,-2.627771906792,4.));
#1229 = SURFACE_CURVE('',#1230,(#1234,#1240),.PCURVE_S1.);
#1230 = LINE('',#1231,#1232);
#1231 = CARTESIAN_POINT('',(0.367430478734,-1.62670181227,4.));
#1232 = VECTOR('',#1233,1.);
#1233 = DIRECTION('',(-0.514102744193,-0.85772861,0.));
#1234 = PCURVE('',#72,#1235);
#1235 = DEFINITIONAL_REPRESENTATION('',(#1236),#1239);
#1236 = B_SPLINE_CURVE_WITH_KNOTS('',1,(#1237,#1238),.UNSPECIFIED.,.F.,
  .F.,(2,2),(1.167117527444,1.206371666906),.PIECEWISE_BEZIER_KNOTS.);
#1237 = CARTESIAN_POINT('',(-0.232587844921,-2.627771906792));
#1238 = CARTESIAN_POINT('',(-0.252768505739,-2.66144130527));
#1239 = ( GEOMETRIC_REPRESENTATION_CONTEXT(2) 
PARAMETRIC_REPRESENTATION_CONTEXT() REPRESENTATION_CONTEXT('2D SPACE',''
  ) );
#1240 = PCURVE('',#1241,#1246);
#1241 = PLANE('',#1242);
#1242 = AXIS2_PLACEMENT_3D('',#1243,#1244,#1245);
#1243 = CARTESIAN_POINT('',(-0.252768505739,-2.66144130527,3.4));
#1244 = DIRECTION('',(-0.85772861,0.514102744193,0.));
#1245 = DIRECTION('',(0.514102744193,0.85772861,0.));
#1246 = DEFINITIONAL_REPRESENTATION('',(#1247),#1250);
#1247 = B_SPLINE_CURVE_WITH_KNOTS('',1,(#1248,#1249),.UNSPECIFIED.,.F.,
  .F.,(2,2),(1.167117527444,1.206371666906),.PIECEWISE_BEZIER_KNOTS.);
#1248 = CARTESIAN_POINT('',(3.925413946193E-02,-0.6));
#1249 = CARTESIAN_POINT('',(0.,-0.6));
#1250 = ( GEOMETRIC_REPRESENTATION_CONTEXT(2) 
PARAMETRIC_REPRESENTATION_CONTEXT() REPRESENTATION_CONTEXT('2D SPACE',''
  ) );
#1251 = ORIENTED_EDGE('',*,*,#1252,.F.);
#1252 = EDGE_CURVE('',#1253,#1227,#1255,.T.);
#1253 = VERTEX_POINT('',#1254);
#1254 = CARTESIAN_POINT('',(-0.209204181345,-2.596242686335,4.));
#1255 = SURFACE_CURVE('',#1256,(#1260,#1266),.PCURVE_S1.);
#1256 = LINE('',#1257,#1258);
#1257 = CARTESIAN_POINT('',(0.437335177114,-1.724485277527,4.));
#1258 = VECTOR('',#1259,1.);
#1259 = DIRECTION('',(-0.595699304492,-0.803207531481,0.));
#1260 = PCURVE('',#72,#1261);
#1261 = DEFINITIONAL_REPRESENTATION('',(#1262),#1265);
#1262 = B_SPLINE_CURVE_WITH_KNOTS('',1,(#1263,#1264),.UNSPECIFIED.,.F.,
  .F.,(2,2),(1.085345162539,1.124599302001),.PIECEWISE_BEZIER_KNOTS.);
#1263 = CARTESIAN_POINT('',(-0.209204181345,-2.596242686335));
#1264 = CARTESIAN_POINT('',(-0.232587844921,-2.627771906792));
#1265 = ( GEOMETRIC_REPRESENTATION_CONTEXT(2) 
PARAMETRIC_REPRESENTATION_CONTEXT() REPRESENTATION_CONTEXT('2D SPACE',''
  ) );
#1266 = PCURVE('',#1267,#1272);
#1267 = PLANE('',#1268);
#1268 = AXIS2_PLACEMENT_3D('',#1269,#1270,#1271);
#1269 = CARTESIAN_POINT('',(-0.232587844921,-2.627771906792,3.4));
#1270 = DIRECTION('',(-0.803207531481,0.595699304492,0.));
#1271 = DIRECTION('',(0.595699304492,0.803207531481,0.));
#1272 = DEFINITIONAL_REPRESENTATION('',(#1273),#1276);
#1273 = B_SPLINE_CURVE_WITH_KNOTS('',1,(#1274,#1275),.UNSPECIFIED.,.F.,
  .F.,(2,2),(1.085345162539,1.124599302001),.PIECEWISE_BEZIER_KNOTS.);
#1274 = CARTESIAN_POINT('',(3.925413946193E-02,-0.6));
#1275 = CARTESIAN_POINT('',(0.,-0.6));
#1276 = ( GEOMETRIC_REPRESENTATION_CONTEXT(2) 
PARAMETRIC_REPRESENTATION_CONTEXT() REPRESENTATION_CONTEXT('2D SPACE',''
  ) );
#1277 = ORIENTED_EDGE('',*,*,#1278,.F.);
#1278 = EDGE_CURVE('',#1279,#1253,#1281,.T.);
#1279 = VERTEX_POINT('',#1280);
#1280 = CARTESIAN_POINT('',(-0.182842712475,-2.567157287525,4.));
#1281 = SURFACE_CURVE('',#1282,(#1286,#1292),.PCURVE_S1.);
#1282 = LINE('',#1283,#1284);
#1283 = CARTESIAN_POINT('',(0.483905732135,-1.831513742314,4.));
#1284 = VECTOR('',#1285,1.);
#1285 = DIRECTION('',(-0.671558954847,-0.740951125355,0.));
#1286 = PCURVE('',#72,#1287);
#1287 = DEFINITIONAL_REPRESENTATION('',(#1288),#1291);
#1288 = B_SPLINE_CURVE_WITH_KNOTS('',1,(#1289,#1290),.UNSPECIFIED.,.F.,
  .F.,(2,2),(0.992836801292,1.032090940754),.PIECEWISE_BEZIER_KNOTS.);
#1289 = CARTESIAN_POINT('',(-0.182842712475,-2.567157287525));
#1290 = CARTESIAN_POINT('',(-0.209204181345,-2.596242686335));
#1291 = ( GEOMETRIC_REPRESENTATION_CONTEXT(2) 
PARAMETRIC_REPRESENTATION_CONTEXT() REPRESENTATION_CONTEXT('2D SPACE',''
  ) );
#1292 = PCURVE('',#1293,#1298);
#1293 = PLANE('',#1294);
#1294 = AXIS2_PLACEMENT_3D('',#1295,#1296,#1297);
#1295 = CARTESIAN_POINT('',(-0.209204181345,-2.596242686335,3.4));
#1296 = DIRECTION('',(-0.740951125355,0.671558954847,0.));
#1297 = DIRECTION('',(0.671558954847,0.740951125355,0.));
#1298 = DEFINITIONAL_REPRESENTATION('',(#1299),#1302);
#1299 = B_SPLINE_CURVE_WITH_KNOTS('',1,(#1300,#1301),.UNSPECIFIED.,.F.,
  .F.,(2,2),(0.992836801292,1.032090940754),.PIECEWISE_BEZIER_KNOTS.);
#1300 = CARTESIAN_POINT('',(3.925413946193E-02,-0.6));
#1301 = CARTESIAN_POINT('',(0.,-0.6));
#1302 = ( GEOMETRIC_REPRESENTATION_CONTEXT(2) 
PARAMETRIC_REPRESENTATION_CONTEXT() REPRESENTATION_CONTEXT('2D SPACE',''
  ) );
#1303 = ORIENTED_EDGE('',*,*,#1304,.F.);
#1304 = EDGE_CURVE('',#1305,#1279,#1307,.T.);
#1305 = VERTEX_POINT('',#1306);
#1306 = CARTESIAN_POINT('',(-0.153757313665,-2.540795818655,4.));
#1307 = SURFACE_CURVE('',#1308,(#1312,#1318),.PCURVE_S1.);
#1308 = LINE('',#1309,#1310);
#1309 = CARTESIAN_POINT('',(0.506047326473,-1.942783750959,4.));
#1310 = VECTOR('',#1311,1.);
#1311 = DIRECTION('',(-0.740951125355,-0.671558954847,0.));
#1312 = PCURVE('',#72,#1313);
#1313 = DEFINITIONAL_REPRESENTATION('',(#1314),#1317);
#1314 = B_SPLINE_CURVE_WITH_KNOTS('',1,(#1315,#1316),.UNSPECIFIED.,.F.,
  .F.,(2,2),(0.890483349793,0.929737489255),.PIECEWISE_BEZIER_KNOTS.);
#1315 = CARTESIAN_POINT('',(-0.153757313665,-2.540795818655));
#1316 = CARTESIAN_POINT('',(-0.182842712475,-2.567157287525));
#1317 = ( GEOMETRIC_REPRESENTATION_CONTEXT(2) 
PARAMETRIC_REPRESENTATION_CONTEXT() REPRESENTATION_CONTEXT('2D SPACE',''
  ) );
#1318 = PCURVE('',#1319,#1324);
#1319 = PLANE('',#1320);
#1320 = AXIS2_PLACEMENT_3D('',#1321,#1322,#1323);
#1321 = CARTESIAN_POINT('',(-0.182842712475,-2.567157287525,3.4));
#1322 = DIRECTION('',(-0.671558954847,0.740951125355,0.));
#1323 = DIRECTION('',(0.740951125355,0.671558954847,0.));
#1324 = DEFINITIONAL_REPRESENTATION('',(#1325),#1328);
#1325 = B_SPLINE_CURVE_WITH_KNOTS('',1,(#1326,#1327),.UNSPECIFIED.,.F.,
  .F.,(2,2),(0.890483349793,0.929737489255),.PIECEWISE_BEZIER_KNOTS.);
#1326 = CARTESIAN_POINT('',(3.925413946193E-02,-0.6));
#1327 = CARTESIAN_POINT('',(0.,-0.6));
#1328 = ( GEOMETRIC_REPRESENTATION_CONTEXT(2) 
PARAMETRIC_REPRESENTATION_CONTEXT() REPRESENTATION_CONTEXT('2D SPACE',''
  ) );
#1329 = ORIENTED_EDGE('',*,*,#1330,.F.);
#1330 = EDGE_CURVE('',#1331,#1305,#1333,.T.);
#1331 = VERTEX_POINT('',#1332);
#1332 = CARTESIAN_POINT('',(-0.122228093208,-2.517412155079,4.));
#1333 = SURFACE_CURVE('',#1334,(#1338,#1344),.PCURVE_S1.);
#1334 = LINE('',#1335,#1336);
#1335 = CARTESIAN_POINT('',(0.503687863727,-2.053201243698,4.));
#1336 = VECTOR('',#1337,1.);
#1337 = DIRECTION('',(-0.803207531481,-0.595699304492,0.));
#1338 = PCURVE('',#72,#1339);
#1339 = DEFINITIONAL_REPRESENTATION('',(#1340),#1343);
#1340 = B_SPLINE_CURVE_WITH_KNOTS('',1,(#1341,#1342),.UNSPECIFIED.,.F.,
  .F.,(2,2),(0.779270527731,0.818524667193),.PIECEWISE_BEZIER_KNOTS.);
#1341 = CARTESIAN_POINT('',(-0.122228093208,-2.517412155079));
#1342 = CARTESIAN_POINT('',(-0.153757313665,-2.540795818655));
#1343 = ( GEOMETRIC_REPRESENTATION_CONTEXT(2) 
PARAMETRIC_REPRESENTATION_CONTEXT() REPRESENTATION_CONTEXT('2D SPACE',''
  ) );
#1344 = PCURVE('',#1345,#1350);
#1345 = PLANE('',#1346);
#1346 = AXIS2_PLACEMENT_3D('',#1347,#1348,#1349);
#1347 = CARTESIAN_POINT('',(-0.153757313665,-2.540795818655,3.4));
#1348 = DIRECTION('',(-0.595699304492,0.803207531481,0.));
#1349 = DIRECTION('',(0.803207531481,0.595699304492,0.));
#1350 = DEFINITIONAL_REPRESENTATION('',(#1351),#1354);
#1351 = B_SPLINE_CURVE_WITH_KNOTS('',1,(#1352,#1353),.UNSPECIFIED.,.F.,
  .F.,(2,2),(0.779270527731,0.818524667193),.PIECEWISE_BEZIER_KNOTS.);
#1352 = CARTESIAN_POINT('',(3.925413946193E-02,-0.6));
#1353 = CARTESIAN_POINT('',(0.,-0.6));
#1354 = ( GEOMETRIC_REPRESENTATION_CONTEXT(2) 
PARAMETRIC_REPRESENTATION_CONTEXT() REPRESENTATION_CONTEXT('2D SPACE',''
  ) );
#1355 = ORIENTED_EDGE('',*,*,#1356,.F.);
#1356 = EDGE_CURVE('',#1357,#1331,#1359,.T.);
#1357 = VERTEX_POINT('',#1358);
#1358 = CARTESIAN_POINT('',(-8.85586947304E-02,-2.497231494261,4.));
#1359 = SURFACE_CURVE('',#1360,(#1364,#1370),.PCURVE_S1.);
#1360 = LINE('',#1361,#1362);
#1361 = CARTESIAN_POINT('',(0.477773238839,-2.157785196472,4.));
#1362 = VECTOR('',#1363,1.);
#1363 = DIRECTION('',(-0.85772861,-0.514102744193,0.));
#1364 = PCURVE('',#72,#1365);
#1365 = DEFINITIONAL_REPRESENTATION('',(#1366),#1369);
#1366 = B_SPLINE_CURVE_WITH_KNOTS('',1,(#1367,#1368),.UNSPECIFIED.,.F.,
  .F.,(2,2),(0.660269375379,0.699523514841),.PIECEWISE_BEZIER_KNOTS.);
#1367 = CARTESIAN_POINT('',(-8.85586947304E-02,-2.497231494261));
#1368 = CARTESIAN_POINT('',(-0.122228093208,-2.517412155079));
#1369 = ( GEOMETRIC_REPRESENTATION_CONTEXT(2) 
PARAMETRIC_REPRESENTATION_CONTEXT() REPRESENTATION_CONTEXT('2D SPACE',''
  ) );
#1370 = PCURVE('',#1371,#1376);
#1371 = PLANE('',#1372);
#1372 = AXIS2_PLACEMENT_3D('',#1373,#1374,#1375);
#1373 = CARTESIAN_POINT('',(-0.122228093208,-2.517412155079,3.4));
#1374 = DIRECTION('',(-0.514102744193,0.85772861,0.));
#1375 = DIRECTION('',(0.85772861,0.514102744193,0.));
#1376 = DEFINITIONAL_REPRESENTATION('',(#1377),#1380);
#1377 = B_SPLINE_CURVE_WITH_KNOTS('',1,(#1378,#1379),.UNSPECIFIED.,.F.,
  .F.,(2,2),(0.660269375379,0.699523514841),.PIECEWISE_BEZIER_KNOTS.);
#1378 = CARTESIAN_POINT('',(3.925413946193E-02,-0.6));
#1379 = CARTESIAN_POINT('',(0.,-0.6));
#1380 = ( GEOMETRIC_REPRESENTATION_CONTEXT(2) 
PARAMETRIC_REPRESENTATION_CONTEXT() REPRESENTATION_CONTEXT('2D SPACE',''
  ) );
#1381 = ORIENTED_EDGE('',*,*,#1382,.F.);
#1382 = EDGE_CURVE('',#1383,#1357,#1385,.T.);
#1383 = VERTEX_POINT('',#1384);
#1384 = CARTESIAN_POINT('',(-5.307337294604E-02,-2.480448186995,4.));
#1385 = SURFACE_CURVE('',#1386,(#1390,#1396),.PCURVE_S1.);
#1386 = LINE('',#1387,#1388);
#1387 = CARTESIAN_POINT('',(0.430222751633,-2.251866143745,4.));
#1388 = VECTOR('',#1389,1.);
#1389 = DIRECTION('',(-0.903989293123,-0.42755509343,0.));
#1390 = PCURVE('',#72,#1391);
#1391 = DEFINITIONAL_REPRESENTATION('',(#1392),#1395);
#1392 = B_SPLINE_CURVE_WITH_KNOTS('',1,(#1393,#1394),.UNSPECIFIED.,.F.,
  .F.,(2,2),(0.534625938886,0.573880078347),.PIECEWISE_BEZIER_KNOTS.);
#1393 = CARTESIAN_POINT('',(-5.307337294604E-02,-2.480448186995));
#1394 = CARTESIAN_POINT('',(-8.85586947304E-02,-2.497231494261));
#1395 = ( GEOMETRIC_REPRESENTATION_CONTEXT(2) 
PARAMETRIC_REPRESENTATION_CONTEXT() REPRESENTATION_CONTEXT('2D SPACE',''
  ) );
#1396 = PCURVE('',#1397,#1402);
#1397 = PLANE('',#1398);
#1398 = AXIS2_PLACEMENT_3D('',#1399,#1400,#1401);
#1399 = CARTESIAN_POINT('',(-8.85586947304E-02,-2.497231494261,3.4));
#1400 = DIRECTION('',(-0.42755509343,0.903989293123,0.));
#1401 = DIRECTION('',(0.903989293123,0.42755509343,0.));
#1402 = DEFINITIONAL_REPRESENTATION('',(#1403),#1406);
#1403 = B_SPLINE_CURVE_WITH_KNOTS('',1,(#1404,#1405),.UNSPECIFIED.,.F.,
  .F.,(2,2),(0.534625938886,0.573880078347),.PIECEWISE_BEZIER_KNOTS.);
#1404 = CARTESIAN_POINT('',(3.925413946193E-02,-0.6));
#1405 = CARTESIAN_POINT('',(0.,-0.6));
#1406 = ( GEOMETRIC_REPRESENTATION_CONTEXT(2) 
PARAMETRIC_REPRESENTATION_CONTEXT() REPRESENTATION_CONTEXT('2D SPACE',''
  ) );
#1407 = ORIENTED_EDGE('',*,*,#1408,.F.);
#1408 = EDGE_CURVE('',#1409,#1383,#1411,.T.);
#1409 = VERTEX_POINT('',#1410);
#1410 = CARTESIAN_POINT('',(-1.611387090179E-02,-2.467223865707,4.));
#1411 = SURFACE_CURVE('',#1412,(#1416,#1422),.PCURVE_S1.);
#1412 = LINE('',#1413,#1414);
#1413 = CARTESIAN_POINT('',(0.363846456198,-2.331271886798,4.));
#1414 = VECTOR('',#1415,1.);
#1415 = DIRECTION('',(-0.941544065183,-0.336889853392,0.));
#1416 = PCURVE('',#72,#1417);
#1417 = DEFINITIONAL_REPRESENTATION('',(#1418),#1421);
#1418 = B_SPLINE_CURVE_WITH_KNOTS('',1,(#1419,#1420),.UNSPECIFIED.,.F.,
  .F.,(2,2),(0.403550233228,0.44280437269),.PIECEWISE_BEZIER_KNOTS.);
#1419 = CARTESIAN_POINT('',(-1.611387090179E-02,-2.467223865707));
#1420 = CARTESIAN_POINT('',(-5.307337294604E-02,-2.480448186995));
#1421 = ( GEOMETRIC_REPRESENTATION_CONTEXT(2) 
PARAMETRIC_REPRESENTATION_CONTEXT() REPRESENTATION_CONTEXT('2D SPACE',''
  ) );
#1422 = PCURVE('',#1423,#1428);
#1423 = PLANE('',#1424);
#1424 = AXIS2_PLACEMENT_3D('',#1425,#1426,#1427);
#1425 = CARTESIAN_POINT('',(-5.307337294604E-02,-2.480448186995,3.4));
#1426 = DIRECTION('',(-0.336889853392,0.941544065183,0.));
#1427 = DIRECTION('',(0.941544065183,0.336889853392,0.));
#1428 = DEFINITIONAL_REPRESENTATION('',(#1429),#1432);
#1429 = B_SPLINE_CURVE_WITH_KNOTS('',1,(#1430,#1431),.UNSPECIFIED.,.F.,
  .F.,(2,2),(0.403550233228,0.44280437269),.PIECEWISE_BEZIER_KNOTS.);
#1430 = CARTESIAN_POINT('',(3.925413946193E-02,-0.6));
#1431 = CARTESIAN_POINT('',(0.,-0.6));
#1432 = ( GEOMETRIC_REPRESENTATION_CONTEXT(2) 
PARAMETRIC_REPRESENTATION_CONTEXT() REPRESENTATION_CONTEXT('2D SPACE',''
  ) );
#1433 = ORIENTED_EDGE('',*,*,#1434,.F.);
#1434 = EDGE_CURVE('',#1435,#1409,#1437,.T.);
#1435 = VERTEX_POINT('',#1436);
#1436 = CARTESIAN_POINT('',(2.196387119355E-02,-2.457685887839,4.));
#1437 = SURFACE_CURVE('',#1438,(#1442,#1448),.PCURVE_S1.);
#1438 = LINE('',#1439,#1440);
#1439 = CARTESIAN_POINT('',(0.282227708002,-2.392493190509,4.));
#1440 = VECTOR('',#1441,1.);
#1441 = DIRECTION('',(-0.970031253195,-0.242980179903,0.));
#1442 = PCURVE('',#72,#1443);
#1443 = DEFINITIONAL_REPRESENTATION('',(#1444),#1447);
#1444 = B_SPLINE_CURVE_WITH_KNOTS('',1,(#1445,#1446),.UNSPECIFIED.,.F.,
  .F.,(2,2),(0.268304589106,0.307558728568),.PIECEWISE_BEZIER_KNOTS.);
#1445 = CARTESIAN_POINT('',(2.196387119355E-02,-2.457685887839));
#1446 = CARTESIAN_POINT('',(-1.611387090179E-02,-2.467223865707));
#1447 = ( GEOMETRIC_REPRESENTATION_CONTEXT(2) 
PARAMETRIC_REPRESENTATION_CONTEXT() REPRESENTATION_CONTEXT('2D SPACE',''
  ) );
#1448 = PCURVE('',#1449,#1454);
#1449 = PLANE('',#1450);
#1450 = AXIS2_PLACEMENT_3D('',#1451,#1452,#1453);
#1451 = CARTESIAN_POINT('',(-1.611387090179E-02,-2.467223865707,3.4));
#1452 = DIRECTION('',(-0.242980179903,0.970031253195,0.));
#1453 = DIRECTION('',(0.970031253195,0.242980179903,0.));
#1454 = DEFINITIONAL_REPRESENTATION('',(#1455),#1458);
#1455 = B_SPLINE_CURVE_WITH_KNOTS('',1,(#1456,#1457),.UNSPECIFIED.,.F.,
  .F.,(2,2),(0.268304589106,0.307558728568),.PIECEWISE_BEZIER_KNOTS.);
#1456 = CARTESIAN_POINT('',(3.925413946193E-02,-0.6));
#1457 = CARTESIAN_POINT('',(0.,-0.6));
#1458 = ( GEOMETRIC_REPRESENTATION_CONTEXT(2) 
PARAMETRIC_REPRESENTATION_CONTEXT() REPRESENTATION_CONTEXT('2D SPACE',''
  ) );
#1459 = ORIENTED_EDGE('',*,*,#1460,.F.);
#1460 = EDGE_CURVE('',#1461,#1435,#1463,.T.);
#1461 = VERTEX_POINT('',#1462);
#1462 = CARTESIAN_POINT('',(6.079314386818E-02,-2.451926109331,4.));
#1463 = SURFACE_CURVE('',#1464,(#1468,#1474),.PCURVE_S1.);
#1464 = LINE('',#1465,#1466);
#1465 = CARTESIAN_POINT('',(0.189575513513,-2.432823049352,4.));
#1466 = VECTOR('',#1467,1.);
#1467 = DIRECTION('',(-0.989176509965,-0.146730474455,0.));
#1468 = PCURVE('',#72,#1469);
#1469 = DEFINITIONAL_REPRESENTATION('',(#1470),#1473);
#1470 = B_SPLINE_CURVE_WITH_KNOTS('',1,(#1471,#1472),.UNSPECIFIED.,.F.,
  .F.,(2,2),(0.130191496004,0.169445635466),.PIECEWISE_BEZIER_KNOTS.);
#1471 = CARTESIAN_POINT('',(6.079314386818E-02,-2.451926109331));
#1472 = CARTESIAN_POINT('',(2.196387119355E-02,-2.457685887839));
#1473 = ( GEOMETRIC_REPRESENTATION_CONTEXT(2) 
PARAMETRIC_REPRESENTATION_CONTEXT() REPRESENTATION_CONTEXT('2D SPACE',''
  ) );
#1474 = PCURVE('',#1475,#1480);
#1475 = PLANE('',#1476);
#1476 = AXIS2_PLACEMENT_3D('',#1477,#1478,#1479);
#1477 = CARTESIAN_POINT('',(2.196387119355E-02,-2.457685887839,3.4));
#1478 = DIRECTION('',(-0.146730474455,0.989176509965,0.));
#1479 = DIRECTION('',(0.989176509965,0.146730474455,0.));
#1480 = DEFINITIONAL_REPRESENTATION('',(#1481),#1484);
#1481 = B_SPLINE_CURVE_WITH_KNOTS('',1,(#1482,#1483),.UNSPECIFIED.,.F.,
  .F.,(2,2),(0.130191496004,0.169445635466),.PIECEWISE_BEZIER_KNOTS.);
#1482 = CARTESIAN_POINT('',(3.925413946193E-02,-0.6));
#1483 = CARTESIAN_POINT('',(0.,-0.6));
#1484 = ( GEOMETRIC_REPRESENTATION_CONTEXT(2) 
PARAMETRIC_REPRESENTATION_CONTEXT() REPRESENTATION_CONTEXT('2D SPACE',''
  ) );
#1485 = ORIENTED_EDGE('',*,*,#1486,.F.);
#1486 = EDGE_CURVE('',#1487,#1461,#1489,.T.);
#1487 = VERTEX_POINT('',#1488);
#1488 = CARTESIAN_POINT('',(1.E-01,-2.45,4.));
#1489 = SURFACE_CURVE('',#1490,(#1494,#1500),.PCURVE_S1.);
#1490 = LINE('',#1491,#1492);
#1491 = CARTESIAN_POINT('',(9.055245221914E-02,-2.450464128261,4.));
#1492 = VECTOR('',#1493,1.);
#1493 = DIRECTION('',(-0.998795456205,-4.906767432742E-02,0.));
#1494 = PCURVE('',#72,#1495);
#1495 = DEFINITIONAL_REPRESENTATION('',(#1496),#1499);
#1496 = B_SPLINE_CURVE_WITH_KNOTS('',1,(#1497,#1498),.UNSPECIFIED.,.F.,
  .F.,(2,2),(-9.458941490142E-03,2.979519797179E-02),
  .PIECEWISE_BEZIER_KNOTS.);
#1497 = CARTESIAN_POINT('',(1.E-01,-2.45));
#1498 = CARTESIAN_POINT('',(6.079314386818E-02,-2.451926109331));
#1499 = ( GEOMETRIC_REPRESENTATION_CONTEXT(2) 
PARAMETRIC_REPRESENTATION_CONTEXT() REPRESENTATION_CONTEXT('2D SPACE',''
  ) );
#1500 = PCURVE('',#1501,#1506);
#1501 = PLANE('',#1502);
#1502 = AXIS2_PLACEMENT_3D('',#1503,#1504,#1505);
#1503 = CARTESIAN_POINT('',(6.079314386818E-02,-2.451926109331,3.4));
#1504 = DIRECTION('',(-4.906767432742E-02,0.998795456205,0.));
#1505 = DIRECTION('',(0.998795456205,4.906767432742E-02,0.));
#1506 = DEFINITIONAL_REPRESENTATION('',(#1507),#1510);
#1507 = B_SPLINE_CURVE_WITH_KNOTS('',1,(#1508,#1509),.UNSPECIFIED.,.F.,
  .F.,(2,2),(-9.458941490142E-03,2.979519797179E-02),
  .PIECEWISE_BEZIER_KNOTS.);
#1508 = CARTESIAN_POINT('',(3.925413946193E-02,-0.6));
#1509 = CARTESIAN_POINT('',(0.,-0.6));
#1510 = ( GEOMETRIC_REPRESENTATION_CONTEXT(2) 
PARAMETRIC_REPRESENTATION_CONTEXT() REPRESENTATION_CONTEXT('2D SPACE',''
  ) );
#1511 = ORIENTED_EDGE('',*,*,#1512,.F.);
#1512 = EDGE_CURVE('',#1513,#1487,#1515,.T.);
#1513 = VERTEX_POINT('',#1514);
#1514 = CARTESIAN_POINT('',(0.139206856132,-2.451926109331,4.));
#1515 = SURFACE_CURVE('',#1516,(#1520,#1526),.PCURVE_S1.);
#1516 = LINE('',#1517,#1518);
#1517 = CARTESIAN_POINT('',(-9.915116618658E-03,-2.444600216578,4.));
#1518 = VECTOR('',#1519,1.);
#1519 = DIRECTION('',(-0.998795456205,4.906767432742E-02,0.));
#1520 = PCURVE('',#72,#1521);
#1521 = DEFINITIONAL_REPRESENTATION('',(#1522),#1525);
#1522 = B_SPLINE_CURVE_WITH_KNOTS('',1,(#1523,#1524),.UNSPECIFIED.,.F.,
  .F.,(2,2),(-0.149301813323,-0.110047673861),.PIECEWISE_BEZIER_KNOTS.);
#1523 = CARTESIAN_POINT('',(0.139206856132,-2.451926109331));
#1524 = CARTESIAN_POINT('',(1.E-01,-2.45));
#1525 = ( GEOMETRIC_REPRESENTATION_CONTEXT(2) 
PARAMETRIC_REPRESENTATION_CONTEXT() REPRESENTATION_CONTEXT('2D SPACE',''
  ) );
#1526 = PCURVE('',#1527,#1532);
#1527 = PLANE('',#1528);
#1528 = AXIS2_PLACEMENT_3D('',#1529,#1530,#1531);
#1529 = CARTESIAN_POINT('',(1.E-01,-2.45,3.4));
#1530 = DIRECTION('',(4.906767432742E-02,0.998795456205,-0.));
#1531 = DIRECTION('',(0.998795456205,-4.906767432742E-02,0.));
#1532 = DEFINITIONAL_REPRESENTATION('',(#1533),#1536);
#1533 = B_SPLINE_CURVE_WITH_KNOTS('',1,(#1534,#1535),.UNSPECIFIED.,.F.,
  .F.,(2,2),(-0.149301813323,-0.110047673861),.PIECEWISE_BEZIER_KNOTS.);
#1534 = CARTESIAN_POINT('',(3.925413946193E-02,-0.6));
#1535 = CARTESIAN_POINT('',(0.,-0.6));
#1536 = ( GEOMETRIC_REPRESENTATION_CONTEXT(2) 
PARAMETRIC_REPRESENTATION_CONTEXT() REPRESENTATION_CONTEXT('2D SPACE',''
  ) );
#1537 = ORIENTED_EDGE('',*,*,#1538,.F.);
#1538 = EDGE_CURVE('',#1539,#1513,#1541,.T.);
#1539 = VERTEX_POINT('',#1540);
#1540 = CARTESIAN_POINT('',(0.178036128806,-2.457685887839,4.));
#1541 = SURFACE_CURVE('',#1542,(#1546,#1552),.PCURVE_S1.);
#1542 = LINE('',#1543,#1544);
#1543 = CARTESIAN_POINT('',(-0.106837166637,-2.415428926236,4.));
#1544 = VECTOR('',#1545,1.);
#1545 = DIRECTION('',(-0.989176509965,0.146730474455,0.));
#1546 = PCURVE('',#72,#1547);
#1547 = DEFINITIONAL_REPRESENTATION('',(#1548),#1551);
#1548 = B_SPLINE_CURVE_WITH_KNOTS('',1,(#1549,#1550),.UNSPECIFIED.,.F.,
  .F.,(2,2),(-0.287990356194,-0.248736216732),.PIECEWISE_BEZIER_KNOTS.);
#1549 = CARTESIAN_POINT('',(0.178036128806,-2.457685887839));
#1550 = CARTESIAN_POINT('',(0.139206856132,-2.451926109331));
#1551 = ( GEOMETRIC_REPRESENTATION_CONTEXT(2) 
PARAMETRIC_REPRESENTATION_CONTEXT() REPRESENTATION_CONTEXT('2D SPACE',''
  ) );
#1552 = PCURVE('',#1553,#1558);
#1553 = PLANE('',#1554);
#1554 = AXIS2_PLACEMENT_3D('',#1555,#1556,#1557);
#1555 = CARTESIAN_POINT('',(0.139206856132,-2.451926109331,3.4));
#1556 = DIRECTION('',(0.146730474455,0.989176509965,-0.));
#1557 = DIRECTION('',(0.989176509965,-0.146730474455,0.));
#1558 = DEFINITIONAL_REPRESENTATION('',(#1559),#1562);
#1559 = B_SPLINE_CURVE_WITH_KNOTS('',1,(#1560,#1561),.UNSPECIFIED.,.F.,
  .F.,(2,2),(-0.287990356194,-0.248736216732),.PIECEWISE_BEZIER_KNOTS.);
#1560 = CARTESIAN_POINT('',(3.925413946193E-02,-0.6));
#1561 = CARTESIAN_POINT('',(0.,-0.6));
#1562 = ( GEOMETRIC_REPRESENTATION_CONTEXT(2) 
PARAMETRIC_REPRESENTATION_CONTEXT() REPRESENTATION_CONTEXT('2D SPACE',''
  ) );
#1563 = ORIENTED_EDGE('',*,*,#1564,.F.);
#1564 = EDGE_CURVE('',#1565,#1539,#1567,.T.);
#1565 = VERTEX_POINT('',#1566);
#1566 = CARTESIAN_POINT('',(0.216113870902,-2.467223865707,4.));
#1567 = SURFACE_CURVE('',#1568,(#1572,#1578),.PCURVE_S1.);
#1568 = LINE('',#1569,#1570);
#1569 = CARTESIAN_POINT('',(-0.195362642267,-2.364154364733,4.));
#1570 = VECTOR('',#1571,1.);
#1571 = DIRECTION('',(-0.970031253195,0.242980179903,0.));
#1572 = PCURVE('',#72,#1573);
#1573 = DEFINITIONAL_REPRESENTATION('',(#1574),#1577);
#1574 = B_SPLINE_CURVE_WITH_KNOTS('',1,(#1575,#1576),.UNSPECIFIED.,.F.,
  .F.,(2,2),(-0.424188923618,-0.384934784156),.PIECEWISE_BEZIER_KNOTS.);
#1575 = CARTESIAN_POINT('',(0.216113870902,-2.467223865707));
#1576 = CARTESIAN_POINT('',(0.178036128806,-2.457685887839));
#1577 = ( GEOMETRIC_REPRESENTATION_CONTEXT(2) 
PARAMETRIC_REPRESENTATION_CONTEXT() REPRESENTATION_CONTEXT('2D SPACE',''
  ) );
#1578 = PCURVE('',#1579,#1584);
#1579 = PLANE('',#1580);
#1580 = AXIS2_PLACEMENT_3D('',#1581,#1582,#1583);
#1581 = CARTESIAN_POINT('',(0.178036128806,-2.457685887839,3.4));
#1582 = DIRECTION('',(0.242980179903,0.970031253195,-0.));
#1583 = DIRECTION('',(0.970031253195,-0.242980179903,0.));
#1584 = DEFINITIONAL_REPRESENTATION('',(#1585),#1588);
#1585 = B_SPLINE_CURVE_WITH_KNOTS('',1,(#1586,#1587),.UNSPECIFIED.,.F.,
  .F.,(2,2),(-0.424188923618,-0.384934784156),.PIECEWISE_BEZIER_KNOTS.);
#1586 = CARTESIAN_POINT('',(3.925413946193E-02,-0.6));
#1587 = CARTESIAN_POINT('',(0.,-0.6));
#1588 = ( GEOMETRIC_REPRESENTATION_CONTEXT(2) 
PARAMETRIC_REPRESENTATION_CONTEXT() REPRESENTATION_CONTEXT('2D SPACE',''
  ) );
#1589 = ORIENTED_EDGE('',*,*,#1590,.F.);
#1590 = EDGE_CURVE('',#1591,#1565,#1593,.T.);
#1591 = VERTEX_POINT('',#1592);
#1592 = CARTESIAN_POINT('',(0.253073372946,-2.480448186995,4.));
#1593 = SURFACE_CURVE('',#1594,(#1598,#1604),.PCURVE_S1.);
#1594 = LINE('',#1595,#1596);
#1595 = CARTESIAN_POINT('',(-0.270976729888,-2.292940061946,4.));
#1596 = VECTOR('',#1597,1.);
#1597 = DIRECTION('',(-0.941544065183,0.336889853392,0.));
#1598 = PCURVE('',#72,#1599);
#1599 = DEFINITIONAL_REPRESENTATION('',(#1600),#1603);
#1600 = B_SPLINE_CURVE_WITH_KNOTS('',1,(#1601,#1602),.UNSPECIFIED.,.F.,
  .F.,(2,2),(-0.55658584894,-0.517331709478),.PIECEWISE_BEZIER_KNOTS.);
#1601 = CARTESIAN_POINT('',(0.253073372946,-2.480448186995));
#1602 = CARTESIAN_POINT('',(0.216113870902,-2.467223865707));
#1603 = ( GEOMETRIC_REPRESENTATION_CONTEXT(2) 
PARAMETRIC_REPRESENTATION_CONTEXT() REPRESENTATION_CONTEXT('2D SPACE',''
  ) );
#1604 = PCURVE('',#1605,#1610);
#1605 = PLANE('',#1606);
#1606 = AXIS2_PLACEMENT_3D('',#1607,#1608,#1609);
#1607 = CARTESIAN_POINT('',(0.216113870902,-2.467223865707,3.4));
#1608 = DIRECTION('',(0.336889853392,0.941544065183,-0.));
#1609 = DIRECTION('',(0.941544065183,-0.336889853392,0.));
#1610 = DEFINITIONAL_REPRESENTATION('',(#1611),#1614);
#1611 = B_SPLINE_CURVE_WITH_KNOTS('',1,(#1612,#1613),.UNSPECIFIED.,.F.,
  .F.,(2,2),(-0.55658584894,-0.517331709478),.PIECEWISE_BEZIER_KNOTS.);
#1612 = CARTESIAN_POINT('',(3.925413946193E-02,-0.6));
#1613 = CARTESIAN_POINT('',(0.,-0.6));
#1614 = ( GEOMETRIC_REPRESENTATION_CONTEXT(2) 
PARAMETRIC_REPRESENTATION_CONTEXT() REPRESENTATION_CONTEXT('2D SPACE',''
  ) );
#1615 = ORIENTED_EDGE('',*,*,#1616,.F.);
#1616 = EDGE_CURVE('',#1617,#1591,#1619,.T.);
#1617 = VERTEX_POINT('',#1618);
#1618 = CARTESIAN_POINT('',(0.28855869473,-2.497231494261,4.));
#1619 = SURFACE_CURVE('',#1620,(#1624,#1630),.PCURVE_S1.);
#1620 = LINE('',#1621,#1622);
#1621 = CARTESIAN_POINT('',(-0.329685076733,-2.204823967444,4.));
#1622 = VECTOR('',#1623,1.);
#1623 = DIRECTION('',(-0.903989293123,0.42755509343,0.));
#1624 = PCURVE('',#72,#1625);
#1625 = DEFINITIONAL_REPRESENTATION('',(#1626),#1629);
#1626 = B_SPLINE_CURVE_WITH_KNOTS('',1,(#1627,#1628),.UNSPECIFIED.,.F.,
  .F.,(2,2),(-0.683906077391,-0.644651937929),.PIECEWISE_BEZIER_KNOTS.);
#1627 = CARTESIAN_POINT('',(0.28855869473,-2.497231494261));
#1628 = CARTESIAN_POINT('',(0.253073372946,-2.480448186995));
#1629 = ( GEOMETRIC_REPRESENTATION_CONTEXT(2) 
PARAMETRIC_REPRESENTATION_CONTEXT() REPRESENTATION_CONTEXT('2D SPACE',''
  ) );
#1630 = PCURVE('',#1631,#1636);
#1631 = PLANE('',#1632);
#1632 = AXIS2_PLACEMENT_3D('',#1633,#1634,#1635);
#1633 = CARTESIAN_POINT('',(0.253073372946,-2.480448186995,3.4));
#1634 = DIRECTION('',(0.42755509343,0.903989293123,-0.));
#1635 = DIRECTION('',(0.903989293123,-0.42755509343,0.));
#1636 = DEFINITIONAL_REPRESENTATION('',(#1637),#1640);
#1637 = B_SPLINE_CURVE_WITH_KNOTS('',1,(#1638,#1639),.UNSPECIFIED.,.F.,
  .F.,(2,2),(-0.683906077391,-0.644651937929),.PIECEWISE_BEZIER_KNOTS.);
#1638 = CARTESIAN_POINT('',(3.925413946193E-02,-0.6));
#1639 = CARTESIAN_POINT('',(0.,-0.6));
#1640 = ( GEOMETRIC_REPRESENTATION_CONTEXT(2) 
PARAMETRIC_REPRESENTATION_CONTEXT() REPRESENTATION_CONTEXT('2D SPACE',''
  ) );
#1641 = ORIENTED_EDGE('',*,*,#1642,.F.);
#1642 = EDGE_CURVE('',#1643,#1617,#1645,.T.);
#1643 = VERTEX_POINT('',#1644);
#1644 = CARTESIAN_POINT('',(0.322228093208,-2.517412155079,4.));
#1645 = SURFACE_CURVE('',#1646,(#1650,#1656),.PCURVE_S1.);
#1646 = LINE('',#1647,#1648);
#1647 = CARTESIAN_POINT('',(-0.368177774919,-2.103598802845,4.));
#1648 = VECTOR('',#1649,1.);
#1649 = DIRECTION('',(-0.85772861,0.514102744193,0.));
#1650 = PCURVE('',#72,#1651);
#1651 = DEFINITIONAL_REPRESENTATION('',(#1652),#1655);
#1652 = B_SPLINE_CURVE_WITH_KNOTS('',1,(#1653,#1654),.UNSPECIFIED.,.F.,
  .F.,(2,2),(-0.804923445572,-0.76566930611),.PIECEWISE_BEZIER_KNOTS.);
#1653 = CARTESIAN_POINT('',(0.322228093208,-2.517412155079));
#1654 = CARTESIAN_POINT('',(0.28855869473,-2.497231494261));
#1655 = ( GEOMETRIC_REPRESENTATION_CONTEXT(2) 
PARAMETRIC_REPRESENTATION_CONTEXT() REPRESENTATION_CONTEXT('2D SPACE',''
  ) );
#1656 = PCURVE('',#1657,#1662);
#1657 = PLANE('',#1658);
#1658 = AXIS2_PLACEMENT_3D('',#1659,#1660,#1661);
#1659 = CARTESIAN_POINT('',(0.28855869473,-2.497231494261,3.4));
#1660 = DIRECTION('',(0.514102744193,0.85772861,-0.));
#1661 = DIRECTION('',(0.85772861,-0.514102744193,0.));
#1662 = DEFINITIONAL_REPRESENTATION('',(#1663),#1666);
#1663 = B_SPLINE_CURVE_WITH_KNOTS('',1,(#1664,#1665),.UNSPECIFIED.,.F.,
  .F.,(2,2),(-0.804923445572,-0.76566930611),.PIECEWISE_BEZIER_KNOTS.);
#1664 = CARTESIAN_POINT('',(3.925413946193E-02,-0.6));
#1665 = CARTESIAN_POINT('',(0.,-0.6));
#1666 = ( GEOMETRIC_REPRESENTATION_CONTEXT(2) 
PARAMETRIC_REPRESENTATION_CONTEXT() REPRESENTATION_CONTEXT('2D SPACE',''
  ) );
#1667 = ORIENTED_EDGE('',*,*,#1668,.F.);
#1668 = EDGE_CURVE('',#1669,#1643,#1671,.T.);
#1669 = VERTEX_POINT('',#1670);
#1670 = CARTESIAN_POINT('',(0.353757313665,-2.540795818655,4.));
#1671 = SURFACE_CURVE('',#1672,(#1676,#1682),.PCURVE_S1.);
#1672 = LINE('',#1673,#1674);
#1673 = CARTESIAN_POINT('',(-0.383966707818,-1.993662395123,4.));
#1674 = VECTOR('',#1675,1.);
#1675 = DIRECTION('',(-0.803207531481,0.595699304492,0.));
#1676 = PCURVE('',#72,#1677);
#1677 = DEFINITIONAL_REPRESENTATION('',(#1678),#1681);
#1678 = B_SPLINE_CURVE_WITH_KNOTS('',1,(#1679,#1680),.UNSPECIFIED.,.F.,
  .F.,(2,2),(-0.918472490072,-0.87921835061),.PIECEWISE_BEZIER_KNOTS.);
#1679 = CARTESIAN_POINT('',(0.353757313665,-2.540795818655));
#1680 = CARTESIAN_POINT('',(0.322228093208,-2.517412155079));
#1681 = ( GEOMETRIC_REPRESENTATION_CONTEXT(2) 
PARAMETRIC_REPRESENTATION_CONTEXT() REPRESENTATION_CONTEXT('2D SPACE',''
  ) );
#1682 = PCURVE('',#1683,#1688);
#1683 = PLANE('',#1684);
#1684 = AXIS2_PLACEMENT_3D('',#1685,#1686,#1687);
#1685 = CARTESIAN_POINT('',(0.322228093208,-2.517412155079,3.4));
#1686 = DIRECTION('',(0.595699304492,0.803207531481,-0.));
#1687 = DIRECTION('',(0.803207531481,-0.595699304492,0.));
#1688 = DEFINITIONAL_REPRESENTATION('',(#1689),#1692);
#1689 = B_SPLINE_CURVE_WITH_KNOTS('',1,(#1690,#1691),.UNSPECIFIED.,.F.,
  .F.,(2,2),(-0.918472490072,-0.87921835061),.PIECEWISE_BEZIER_KNOTS.);
#1690 = CARTESIAN_POINT('',(3.925413946193E-02,-0.6));
#1691 = CARTESIAN_POINT('',(0.,-0.6));
#1692 = ( GEOMETRIC_REPRESENTATION_CONTEXT(2) 
PARAMETRIC_REPRESENTATION_CONTEXT() REPRESENTATION_CONTEXT('2D SPACE',''
  ) );
#1693 = ORIENTED_EDGE('',*,*,#1694,.F.);
#1694 = EDGE_CURVE('',#1695,#1669,#1697,.T.);
#1695 = VERTEX_POINT('',#1696);
#1696 = CARTESIAN_POINT('',(0.382842712475,-2.567157287525,4.));
#1697 = SURFACE_CURVE('',#1698,(#1702,#1708),.PCURVE_S1.);
#1698 = LINE('',#1699,#1700);
#1699 = CARTESIAN_POINT('',(-0.375490882894,-1.879843780191,4.));
#1700 = VECTOR('',#1701,1.);
#1701 = DIRECTION('',(-0.740951125355,0.671558954847,0.));
#1702 = PCURVE('',#72,#1703);
#1703 = DEFINITIONAL_REPRESENTATION('',(#1704),#1707);
#1704 = B_SPLINE_CURVE_WITH_KNOTS('',1,(#1705,#1706),.UNSPECIFIED.,.F.,
  .F.,(2,2),(-1.023459671521,-0.984205532059),.PIECEWISE_BEZIER_KNOTS.);
#1705 = CARTESIAN_POINT('',(0.382842712475,-2.567157287525));
#1706 = CARTESIAN_POINT('',(0.353757313665,-2.540795818655));
#1707 = ( GEOMETRIC_REPRESENTATION_CONTEXT(2) 
PARAMETRIC_REPRESENTATION_CONTEXT() REPRESENTATION_CONTEXT('2D SPACE',''
  ) );
#1708 = PCURVE('',#1709,#1714);
#1709 = PLANE('',#1710);
#1710 = AXIS2_PLACEMENT_3D('',#1711,#1712,#1713);
#1711 = CARTESIAN_POINT('',(0.353757313665,-2.540795818655,3.4));
#1712 = DIRECTION('',(0.671558954847,0.740951125355,-0.));
#1713 = DIRECTION('',(0.740951125355,-0.671558954847,0.));
#1714 = DEFINITIONAL_REPRESENTATION('',(#1715),#1718);
#1715 = B_SPLINE_CURVE_WITH_KNOTS('',1,(#1716,#1717),.UNSPECIFIED.,.F.,
  .F.,(2,2),(-1.023459671521,-0.984205532059),.PIECEWISE_BEZIER_KNOTS.);
#1716 = CARTESIAN_POINT('',(3.925413946193E-02,-0.6));
#1717 = CARTESIAN_POINT('',(0.,-0.6));
#1718 = ( GEOMETRIC_REPRESENTATION_CONTEXT(2) 
PARAMETRIC_REPRESENTATION_CONTEXT() REPRESENTATION_CONTEXT('2D SPACE',''
  ) );
#1719 = ORIENTED_EDGE('',*,*,#1720,.F.);
#1720 = EDGE_CURVE('',#1721,#1695,#1723,.T.);
#1721 = VERTEX_POINT('',#1722);
#1722 = CARTESIAN_POINT('',(0.409204181345,-2.596242686335,4.));
#1723 = SURFACE_CURVE('',#1724,(#1728,#1734),.PCURVE_S1.);
#1724 = LINE('',#1725,#1726);
#1725 = CARTESIAN_POINT('',(-0.342185609553,-1.767211806576,4.));
#1726 = VECTOR('',#1727,1.);
#1727 = DIRECTION('',(-0.671558954847,0.740951125355,0.));
#1728 = PCURVE('',#72,#1729);
#1729 = DEFINITIONAL_REPRESENTATION('',(#1730),#1733);
#1730 = B_SPLINE_CURVE_WITH_KNOTS('',1,(#1731,#1732),.UNSPECIFIED.,.F.,
  .F.,(2,2),(-1.11887390597,-1.079619766508),.PIECEWISE_BEZIER_KNOTS.);
#1731 = CARTESIAN_POINT('',(0.409204181345,-2.596242686335));
#1732 = CARTESIAN_POINT('',(0.382842712475,-2.567157287525));
#1733 = ( GEOMETRIC_REPRESENTATION_CONTEXT(2) 
PARAMETRIC_REPRESENTATION_CONTEXT() REPRESENTATION_CONTEXT('2D SPACE',''
  ) );
#1734 = PCURVE('',#1735,#1740);
#1735 = PLANE('',#1736);
#1736 = AXIS2_PLACEMENT_3D('',#1737,#1738,#1739);
#1737 = CARTESIAN_POINT('',(0.382842712475,-2.567157287525,3.4));
#1738 = DIRECTION('',(0.740951125355,0.671558954847,-0.));
#1739 = DIRECTION('',(0.671558954847,-0.740951125355,0.));
#1740 = DEFINITIONAL_REPRESENTATION('',(#1741),#1744);
#1741 = B_SPLINE_CURVE_WITH_KNOTS('',1,(#1742,#1743),.UNSPECIFIED.,.F.,
  .F.,(2,2),(-1.11887390597,-1.079619766508),.PIECEWISE_BEZIER_KNOTS.);
#1742 = CARTESIAN_POINT('',(3.925413946193E-02,-0.6));
#1743 = CARTESIAN_POINT('',(0.,-0.6));
#1744 = ( GEOMETRIC_REPRESENTATION_CONTEXT(2) 
PARAMETRIC_REPRESENTATION_CONTEXT() REPRESENTATION_CONTEXT('2D SPACE',''
  ) );
#1745 = ORIENTED_EDGE('',*,*,#1746,.F.);
#1746 = EDGE_CURVE('',#1747,#1721,#1749,.T.);
#1747 = VERTEX_POINT('',#1748);
#1748 = CARTESIAN_POINT('',(0.432587844921,-2.627771906792,4.));
#1749 = SURFACE_CURVE('',#1750,(#1754,#1760),.PCURVE_S1.);
#1750 = LINE('',#1751,#1752);
#1751 = CARTESIAN_POINT('',(-0.284512775039,-1.660873650512,4.));
#1752 = VECTOR('',#1753,1.);
#1753 = DIRECTION('',(-0.595699304492,0.803207531481,0.));
#1754 = PCURVE('',#72,#1755);
#1755 = DEFINITIONAL_REPRESENTATION('',(#1756),#1759);
#1756 = B_SPLINE_CURVE_WITH_KNOTS('',1,(#1757,#1758),.UNSPECIFIED.,.F.,
  .F.,(2,2),(-1.203796302181,-1.164542162719),.PIECEWISE_BEZIER_KNOTS.);
#1757 = CARTESIAN_POINT('',(0.432587844921,-2.627771906792));
#1758 = CARTESIAN_POINT('',(0.409204181345,-2.596242686335));
#1759 = ( GEOMETRIC_REPRESENTATION_CONTEXT(2) 
PARAMETRIC_REPRESENTATION_CONTEXT() REPRESENTATION_CONTEXT('2D SPACE',''
  ) );
#1760 = PCURVE('',#1761,#1766);
#1761 = PLANE('',#1762);
#1762 = AXIS2_PLACEMENT_3D('',#1763,#1764,#1765);
#1763 = CARTESIAN_POINT('',(0.409204181345,-2.596242686335,3.4));
#1764 = DIRECTION('',(0.803207531481,0.595699304492,-0.));
#1765 = DIRECTION('',(0.595699304492,-0.803207531481,0.));
#1766 = DEFINITIONAL_REPRESENTATION('',(#1767),#1770);
#1767 = B_SPLINE_CURVE_WITH_KNOTS('',1,(#1768,#1769),.UNSPECIFIED.,.F.,
  .F.,(2,2),(-1.203796302181,-1.164542162719),.PIECEWISE_BEZIER_KNOTS.);
#1768 = CARTESIAN_POINT('',(3.925413946193E-02,-0.6));
#1769 = CARTESIAN_POINT('',(0.,-0.6));
#1770 = ( GEOMETRIC_REPRESENTATION_CONTEXT(2) 
PARAMETRIC_REPRESENTATION_CONTEXT() REPRESENTATION_CONTEXT('2D SPACE',''
  ) );
#1771 = ORIENTED_EDGE('',*,*,#1772,.F.);
#1772 = EDGE_CURVE('',#1773,#1747,#1775,.T.);
#1773 = VERTEX_POINT('',#1774);
#1774 = CARTESIAN_POINT('',(0.452768505739,-2.66144130527,4.));
#1775 = SURFACE_CURVE('',#1776,(#1780,#1786),.PCURVE_S1.);
#1776 = LINE('',#1777,#1778);
#1777 = CARTESIAN_POINT('',(-0.203950972302,-1.565771049814,4.));
#1778 = VECTOR('',#1779,1.);
#1779 = DIRECTION('',(-0.514102744193,0.85772861,0.));
#1780 = PCURVE('',#72,#1781);
#1781 = DEFINITIONAL_REPRESENTATION('',(#1782),#1785);
#1782 = B_SPLINE_CURVE_WITH_KNOTS('',1,(#1783,#1784),.UNSPECIFIED.,.F.,
  .F.,(2,2),(-1.277409011056,-1.238154871595),.PIECEWISE_BEZIER_KNOTS.);
#1783 = CARTESIAN_POINT('',(0.452768505739,-2.66144130527));
#1784 = CARTESIAN_POINT('',(0.432587844921,-2.627771906792));
#1785 = ( GEOMETRIC_REPRESENTATION_CONTEXT(2) 
PARAMETRIC_REPRESENTATION_CONTEXT() REPRESENTATION_CONTEXT('2D SPACE',''
  ) );
#1786 = PCURVE('',#1787,#1792);
#1787 = PLANE('',#1788);
#1788 = AXIS2_PLACEMENT_3D('',#1789,#1790,#1791);
#1789 = CARTESIAN_POINT('',(0.432587844921,-2.627771906792,3.4));
#1790 = DIRECTION('',(0.85772861,0.514102744193,-0.));
#1791 = DIRECTION('',(0.514102744193,-0.85772861,0.));
#1792 = DEFINITIONAL_REPRESENTATION('',(#1793),#1796);
#1793 = B_SPLINE_CURVE_WITH_KNOTS('',1,(#1794,#1795),.UNSPECIFIED.,.F.,
  .F.,(2,2),(-1.277409011056,-1.238154871595),.PIECEWISE_BEZIER_KNOTS.);
#1794 = CARTESIAN_POINT('',(3.925413946193E-02,-0.6));
#1795 = CARTESIAN_POINT('',(0.,-0.6));
#1796 = ( GEOMETRIC_REPRESENTATION_CONTEXT(2) 
PARAMETRIC_REPRESENTATION_CONTEXT() REPRESENTATION_CONTEXT('2D SPACE',''
  ) );
#1797 = ORIENTED_EDGE('',*,*,#1798,.F.);
#1798 = EDGE_CURVE('',#1799,#1773,#1801,.T.);
#1799 = VERTEX_POINT('',#1800);
#1800 = CARTESIAN_POINT('',(0.469551813005,-2.696926627054,4.));
#1801 = SURFACE_CURVE('',#1802,(#1806,#1812),.PCURVE_S1.);
#1802 = LINE('',#1803,#1804);
#1803 = CARTESIAN_POINT('',(-0.102945783361,-1.486482159415,4.));
#1804 = VECTOR('',#1805,1.);
#1805 = DIRECTION('',(-0.42755509343,0.903989293123,0.));
#1806 = PCURVE('',#72,#1807);
#1807 = DEFINITIONAL_REPRESENTATION('',(#1808),#1811);
#1808 = B_SPLINE_CURVE_WITH_KNOTS('',1,(#1809,#1810),.UNSPECIFIED.,.F.,
  .F.,(2,2),(-1.339003101969,-1.299748962507),.PIECEWISE_BEZIER_KNOTS.);
#1809 = CARTESIAN_POINT('',(0.469551813005,-2.696926627054));
#1810 = CARTESIAN_POINT('',(0.452768505739,-2.66144130527));
#1811 = ( GEOMETRIC_REPRESENTATION_CONTEXT(2) 
PARAMETRIC_REPRESENTATION_CONTEXT() REPRESENTATION_CONTEXT('2D SPACE',''
  ) );
#1812 = PCURVE('',#1813,#1818);
#1813 = PLANE('',#1814);
#1814 = AXIS2_PLACEMENT_3D('',#1815,#1816,#1817);
#1815 = CARTESIAN_POINT('',(0.452768505739,-2.66144130527,3.4));
#1816 = DIRECTION('',(0.903989293123,0.42755509343,-0.));
#1817 = DIRECTION('',(0.42755509343,-0.903989293123,0.));
#1818 = DEFINITIONAL_REPRESENTATION('',(#1819),#1822);
#1819 = B_SPLINE_CURVE_WITH_KNOTS('',1,(#1820,#1821),.UNSPECIFIED.,.F.,
  .F.,(2,2),(-1.339003101969,-1.299748962507),.PIECEWISE_BEZIER_KNOTS.);
#1820 = CARTESIAN_POINT('',(3.925413946193E-02,-0.6));
#1821 = CARTESIAN_POINT('',(0.,-0.6));
#1822 = ( GEOMETRIC_REPRESENTATION_CONTEXT(2) 
PARAMETRIC_REPRESENTATION_CONTEXT() REPRESENTATION_CONTEXT('2D SPACE',''
  ) );
#1823 = ORIENTED_EDGE('',*,*,#1824,.F.);
#1824 = EDGE_CURVE('',#1825,#1799,#1827,.T.);
#1825 = VERTEX_POINT('',#1826);
#1826 = CARTESIAN_POINT('',(0.482776134293,-2.733886129098,4.));
#1827 = SURFACE_CURVE('',#1828,(#1832,#1838),.PCURVE_S1.);
#1828 = LINE('',#1829,#1830);
#1829 = CARTESIAN_POINT('',(1.517793969409E-02,-1.42703672244,4.));
#1830 = VECTOR('',#1831,1.);
#1831 = DIRECTION('',(-0.336889853392,0.941544065183,0.));
#1832 = PCURVE('',#72,#1833);
#1833 = DEFINITIONAL_REPRESENTATION('',(#1834),#1837);
#1834 = B_SPLINE_CURVE_WITH_KNOTS('',1,(#1835,#1836),.UNSPECIFIED.,.F.,
  .F.,(2,2),(-1.387985390152,-1.34873125069),.PIECEWISE_BEZIER_KNOTS.);
#1835 = CARTESIAN_POINT('',(0.482776134293,-2.733886129098));
#1836 = CARTESIAN_POINT('',(0.469551813005,-2.696926627054));
#1837 = ( GEOMETRIC_REPRESENTATION_CONTEXT(2) 
PARAMETRIC_REPRESENTATION_CONTEXT() REPRESENTATION_CONTEXT('2D SPACE',''
  ) );
#1838 = PCURVE('',#1839,#1844);
#1839 = PLANE('',#1840);
#1840 = AXIS2_PLACEMENT_3D('',#1841,#1842,#1843);
#1841 = CARTESIAN_POINT('',(0.469551813005,-2.696926627054,3.4));
#1842 = DIRECTION('',(0.941544065183,0.336889853392,-0.));
#1843 = DIRECTION('',(0.336889853392,-0.941544065183,0.));
#1844 = DEFINITIONAL_REPRESENTATION('',(#1845),#1848);
#1845 = B_SPLINE_CURVE_WITH_KNOTS('',1,(#1846,#1847),.UNSPECIFIED.,.F.,
  .F.,(2,2),(-1.387985390152,-1.34873125069),.PIECEWISE_BEZIER_KNOTS.);
#1846 = CARTESIAN_POINT('',(3.925413946193E-02,-0.6));
#1847 = CARTESIAN_POINT('',(0.,-0.6));
#1848 = ( GEOMETRIC_REPRESENTATION_CONTEXT(2) 
PARAMETRIC_REPRESENTATION_CONTEXT() REPRESENTATION_CONTEXT('2D SPACE',''
  ) );
#1849 = ORIENTED_EDGE('',*,*,#1850,.F.);
#1850 = EDGE_CURVE('',#1851,#1825,#1853,.T.);
#1851 = VERTEX_POINT('',#1852);
#1852 = CARTESIAN_POINT('',(0.492314112161,-2.771963871194,4.));
#1853 = SURFACE_CURVE('',#1854,(#1858,#1864),.PCURVE_S1.);
#1854 = LINE('',#1855,#1856);
#1855 = CARTESIAN_POINT('',(0.14633848538,-1.390751745353,4.));
#1856 = VECTOR('',#1857,1.);
#1857 = DIRECTION('',(-0.242980179903,0.970031253195,0.));
#1858 = PCURVE('',#72,#1859);
#1859 = DEFINITIONAL_REPRESENTATION('',(#1860),#1863);
#1860 = B_SPLINE_CURVE_WITH_KNOTS('',1,(#1861,#1862),.UNSPECIFIED.,.F.,
  .F.,(2,2),(-1.423884149394,-1.384630009932),.PIECEWISE_BEZIER_KNOTS.);
#1861 = CARTESIAN_POINT('',(0.492314112161,-2.771963871194));
#1862 = CARTESIAN_POINT('',(0.482776134293,-2.733886129098));
#1863 = ( GEOMETRIC_REPRESENTATION_CONTEXT(2) 
PARAMETRIC_REPRESENTATION_CONTEXT() REPRESENTATION_CONTEXT('2D SPACE',''
  ) );
#1864 = PCURVE('',#1865,#1870);
#1865 = PLANE('',#1866);
#1866 = AXIS2_PLACEMENT_3D('',#1867,#1868,#1869);
#1867 = CARTESIAN_POINT('',(0.482776134293,-2.733886129098,3.4));
#1868 = DIRECTION('',(0.970031253195,0.242980179903,-0.));
#1869 = DIRECTION('',(0.242980179903,-0.970031253195,0.));
#1870 = DEFINITIONAL_REPRESENTATION('',(#1871),#1874);
#1871 = B_SPLINE_CURVE_WITH_KNOTS('',1,(#1872,#1873),.UNSPECIFIED.,.F.,
  .F.,(2,2),(-1.423884149394,-1.384630009932),.PIECEWISE_BEZIER_KNOTS.);
#1872 = CARTESIAN_POINT('',(3.925413946193E-02,-0.6));
#1873 = CARTESIAN_POINT('',(0.,-0.6));
#1874 = ( GEOMETRIC_REPRESENTATION_CONTEXT(2) 
PARAMETRIC_REPRESENTATION_CONTEXT() REPRESENTATION_CONTEXT('2D SPACE',''
  ) );
#1875 = ORIENTED_EDGE('',*,*,#1876,.F.);
#1876 = EDGE_CURVE('',#1877,#1851,#1879,.T.);
#1877 = VERTEX_POINT('',#1878);
#1878 = CARTESIAN_POINT('',(0.498073890669,-2.810793143868,4.));
#1879 = SURFACE_CURVE('',#1880,(#1884,#1890),.PCURVE_S1.);
#1880 = LINE('',#1881,#1882);
#1881 = CARTESIAN_POINT('',(0.285849732638,-1.380094083222,4.));
#1882 = VECTOR('',#1883,1.);
#1883 = DIRECTION('',(-0.146730474455,0.989176509965,0.));
#1884 = PCURVE('',#72,#1885);
#1885 = DEFINITIONAL_REPRESENTATION('',(#1886),#1889);
#1886 = B_SPLINE_CURVE_WITH_KNOTS('',1,(#1887,#1888),.UNSPECIFIED.,.F.,
  .F.,(2,2),(-1.446353655019,-1.407099515557),.PIECEWISE_BEZIER_KNOTS.);
#1887 = CARTESIAN_POINT('',(0.498073890669,-2.810793143868));
#1888 = CARTESIAN_POINT('',(0.492314112161,-2.771963871194));
#1889 = ( GEOMETRIC_REPRESENTATION_CONTEXT(2) 
PARAMETRIC_REPRESENTATION_CONTEXT() REPRESENTATION_CONTEXT('2D SPACE',''
  ) );
#1890 = PCURVE('',#1891,#1896);
#1891 = PLANE('',#1892);
#1892 = AXIS2_PLACEMENT_3D('',#1893,#1894,#1895);
#1893 = CARTESIAN_POINT('',(0.492314112161,-2.771963871194,3.4));
#1894 = DIRECTION('',(0.989176509965,0.146730474455,-0.));
#1895 = DIRECTION('',(0.146730474455,-0.989176509965,0.));
#1896 = DEFINITIONAL_REPRESENTATION('',(#1897),#1900);
#1897 = B_SPLINE_CURVE_WITH_KNOTS('',1,(#1898,#1899),.UNSPECIFIED.,.F.,
  .F.,(2,2),(-1.446353655019,-1.407099515557),.PIECEWISE_BEZIER_KNOTS.);
#1898 = CARTESIAN_POINT('',(3.925413946194E-02,-0.6));
#1899 = CARTESIAN_POINT('',(0.,-0.6));
#1900 = ( GEOMETRIC_REPRESENTATION_CONTEXT(2) 
PARAMETRIC_REPRESENTATION_CONTEXT() REPRESENTATION_CONTEXT('2D SPACE',''
  ) );
#1901 = ORIENTED_EDGE('',*,*,#1902,.F.);
#1902 = EDGE_CURVE('',#1903,#1877,#1905,.T.);
#1903 = VERTEX_POINT('',#1904);
#1904 = CARTESIAN_POINT('',(0.5,-2.85,4.));
#1905 = SURFACE_CURVE('',#1906,(#1910,#1916),.PCURVE_S1.);
#1906 = LINE('',#1907,#1908);
#1907 = CARTESIAN_POINT('',(0.428597823684,-1.396575311639,4.));
#1908 = VECTOR('',#1909,1.);
#1909 = DIRECTION('',(-4.906767432742E-02,0.998795456205,0.));
#1910 = PCURVE('',#72,#1911);
#1911 = DEFINITIONAL_REPRESENTATION('',(#1912),#1915);
#1912 = B_SPLINE_CURVE_WITH_KNOTS('',1,(#1913,#1914),.UNSPECIFIED.,.F.,
  .F.,(2,2),(-1.455177513405,-1.415923373943),.PIECEWISE_BEZIER_KNOTS.);
#1913 = CARTESIAN_POINT('',(0.5,-2.85));
#1914 = CARTESIAN_POINT('',(0.498073890669,-2.810793143868));
#1915 = ( GEOMETRIC_REPRESENTATION_CONTEXT(2) 
PARAMETRIC_REPRESENTATION_CONTEXT() REPRESENTATION_CONTEXT('2D SPACE',''
  ) );
#1916 = PCURVE('',#1917,#1922);
#1917 = PLANE('',#1918);
#1918 = AXIS2_PLACEMENT_3D('',#1919,#1920,#1921);
#1919 = CARTESIAN_POINT('',(0.498073890669,-2.810793143868,3.4));
#1920 = DIRECTION('',(0.998795456205,4.906767432742E-02,-0.));
#1921 = DIRECTION('',(4.906767432742E-02,-0.998795456205,0.));
#1922 = DEFINITIONAL_REPRESENTATION('',(#1923),#1926);
#1923 = B_SPLINE_CURVE_WITH_KNOTS('',1,(#1924,#1925),.UNSPECIFIED.,.F.,
  .F.,(2,2),(-1.455177513405,-1.415923373943),.PIECEWISE_BEZIER_KNOTS.);
#1924 = CARTESIAN_POINT('',(3.925413946193E-02,-0.6));
#1925 = CARTESIAN_POINT('',(0.,-0.6));
#1926 = ( GEOMETRIC_REPRESENTATION_CONTEXT(2) 
PARAMETRIC_REPRESENTATION_CONTEXT() REPRESENTATION_CONTEXT('2D SPACE',''
  ) );
#1927 = ORIENTED_EDGE('',*,*,#1928,.F.);
#1928 = EDGE_CURVE('',#1929,#1903,#1931,.T.);
#1929 = VERTEX_POINT('',#1930);
#1930 = CARTESIAN_POINT('',(0.498073890669,-2.889206856132,4.));
#1931 = SURFACE_CURVE('',#1932,(#1936,#1942),.PCURVE_S1.);
#1932 = LINE('',#1933,#1934);
#1933 = CARTESIAN_POINT('',(0.569235303319,-1.440683024787,4.));
#1934 = VECTOR('',#1935,1.);
#1935 = DIRECTION('',(4.906767432742E-02,0.998795456205,-0.));
#1936 = PCURVE('',#72,#1937);
#1937 = DEFINITIONAL_REPRESENTATION('',(#1938),#1941);
#1938 = B_SPLINE_CURVE_WITH_KNOTS('',1,(#1939,#1940),.UNSPECIFIED.,.F.,
  .F.,(2,2),(-1.450270745972,-1.411016606511),.PIECEWISE_BEZIER_KNOTS.);
#1939 = CARTESIAN_POINT('',(0.498073890669,-2.889206856132));
#1940 = CARTESIAN_POINT('',(0.5,-2.85));
#1941 = ( GEOMETRIC_REPRESENTATION_CONTEXT(2) 
PARAMETRIC_REPRESENTATION_CONTEXT() REPRESENTATION_CONTEXT('2D SPACE',''
  ) );
#1942 = PCURVE('',#1943,#1948);
#1943 = PLANE('',#1944);
#1944 = AXIS2_PLACEMENT_3D('',#1945,#1946,#1947);
#1945 = CARTESIAN_POINT('',(0.5,-2.85,3.4));
#1946 = DIRECTION('',(0.998795456205,-4.906767432742E-02,0.));
#1947 = DIRECTION('',(-4.906767432742E-02,-0.998795456205,0.));
#1948 = DEFINITIONAL_REPRESENTATION('',(#1949),#1952);
#1949 = B_SPLINE_CURVE_WITH_KNOTS('',1,(#1950,#1951),.UNSPECIFIED.,.F.,
  .F.,(2,2),(-1.450270745972,-1.411016606511),.PIECEWISE_BEZIER_KNOTS.);
#1950 = CARTESIAN_POINT('',(3.925413946193E-02,-0.6));
#1951 = CARTESIAN_POINT('',(0.,-0.6));
#1952 = ( GEOMETRIC_REPRESENTATION_CONTEXT(2) 
PARAMETRIC_REPRESENTATION_CONTEXT() REPRESENTATION_CONTEXT('2D SPACE',''
  ) );
#1953 = ORIENTED_EDGE('',*,*,#1954,.F.);
#1954 = EDGE_CURVE('',#1955,#1929,#1957,.T.);
#1955 = VERTEX_POINT('',#1956);
#1956 = CARTESIAN_POINT('',(0.492314112161,-2.928036128806,4.));
#1957 = SURFACE_CURVE('',#1958,(#1962,#1968),.PCURVE_S1.);
#1958 = LINE('',#1959,#1960);
#1959 = CARTESIAN_POINT('',(0.702385286979,-1.511851302023,4.));
#1960 = VECTOR('',#1961,1.);
#1961 = DIRECTION('',(0.146730474455,0.989176509965,-0.));
#1962 = PCURVE('',#72,#1963);
#1963 = DEFINITIONAL_REPRESENTATION('',(#1964),#1967);
#1964 = B_SPLINE_CURVE_WITH_KNOTS('',1,(#1965,#1966),.UNSPECIFIED.,.F.,
  .F.,(2,2),(-1.431680607573,-1.392426468112),.PIECEWISE_BEZIER_KNOTS.);
#1965 = CARTESIAN_POINT('',(0.492314112161,-2.928036128806));
#1966 = CARTESIAN_POINT('',(0.498073890669,-2.889206856132));
#1967 = ( GEOMETRIC_REPRESENTATION_CONTEXT(2) 
PARAMETRIC_REPRESENTATION_CONTEXT() REPRESENTATION_CONTEXT('2D SPACE',''
  ) );
#1968 = PCURVE('',#1969,#1974);
#1969 = PLANE('',#1970);
#1970 = AXIS2_PLACEMENT_3D('',#1971,#1972,#1973);
#1971 = CARTESIAN_POINT('',(0.498073890669,-2.889206856132,3.4));
#1972 = DIRECTION('',(0.989176509965,-0.146730474455,0.));
#1973 = DIRECTION('',(-0.146730474455,-0.989176509965,0.));
#1974 = DEFINITIONAL_REPRESENTATION('',(#1975),#1978);
#1975 = B_SPLINE_CURVE_WITH_KNOTS('',1,(#1976,#1977),.UNSPECIFIED.,.F.,
  .F.,(2,2),(-1.431680607573,-1.392426468112),.PIECEWISE_BEZIER_KNOTS.);
#1976 = CARTESIAN_POINT('',(3.925413946193E-02,-0.6));
#1977 = CARTESIAN_POINT('',(0.,-0.6));
#1978 = ( GEOMETRIC_REPRESENTATION_CONTEXT(2) 
PARAMETRIC_REPRESENTATION_CONTEXT() REPRESENTATION_CONTEXT('2D SPACE',''
  ) );
#1979 = ORIENTED_EDGE('',*,*,#1980,.F.);
#1980 = EDGE_CURVE('',#343,#1955,#1981,.T.);
#1981 = SURFACE_CURVE('',#1982,(#1986,#1992),.PCURVE_S1.);
#1982 = LINE('',#1983,#1984);
#1983 = CARTESIAN_POINT('',(0.822847824291,-1.608471581903,4.));
#1984 = VECTOR('',#1985,1.);
#1985 = DIRECTION('',(0.242980179903,0.970031253195,-0.));
#1986 = PCURVE('',#72,#1987);
#1987 = DEFINITIONAL_REPRESENTATION('',(#1988),#1991);
#1988 = B_SPLINE_CURVE_WITH_KNOTS('',1,(#1989,#1990),.UNSPECIFIED.,.F.,
  .F.,(2,2),(-1.399586131404,-1.360331991942),.PIECEWISE_BEZIER_KNOTS.);
#1989 = CARTESIAN_POINT('',(0.482776134293,-2.966113870902));
#1990 = CARTESIAN_POINT('',(0.492314112161,-2.928036128806));
#1991 = ( GEOMETRIC_REPRESENTATION_CONTEXT(2) 
PARAMETRIC_REPRESENTATION_CONTEXT() REPRESENTATION_CONTEXT('2D SPACE',''
  ) );
#1992 = PCURVE('',#1993,#1998);
#1993 = PLANE('',#1994);
#1994 = AXIS2_PLACEMENT_3D('',#1995,#1996,#1997);
#1995 = CARTESIAN_POINT('',(0.492314112161,-2.928036128806,3.4));
#1996 = DIRECTION('',(0.970031253195,-0.242980179903,0.));
#1997 = DIRECTION('',(-0.242980179903,-0.970031253195,0.));
#1998 = DEFINITIONAL_REPRESENTATION('',(#1999),#2002);
#1999 = B_SPLINE_CURVE_WITH_KNOTS('',1,(#2000,#2001),.UNSPECIFIED.,.F.,
  .F.,(2,2),(-1.399586131404,-1.360331991942),.PIECEWISE_BEZIER_KNOTS.);
#2000 = CARTESIAN_POINT('',(3.925413946193E-02,-0.6));
#2001 = CARTESIAN_POINT('',(0.,-0.6));
#2002 = ( GEOMETRIC_REPRESENTATION_CONTEXT(2) 
PARAMETRIC_REPRESENTATION_CONTEXT() REPRESENTATION_CONTEXT('2D SPACE',''
  ) );
#2003 = FACE_BOUND('',#2004,.T.);
#2004 = EDGE_LOOP('',(#2005,#2033,#2059,#2085,#2111,#2137,#2163,#2189,
    #2215,#2243,#2269,#2295));
#2005 = ORIENTED_EDGE('',*,*,#2006,.F.);
#2006 = EDGE_CURVE('',#2007,#2009,#2011,.T.);
#2007 = VERTEX_POINT('',#2008);
#2008 = CARTESIAN_POINT('',(-5.15,0.,4.));
#2009 = VERTEX_POINT('',#2010);
#2010 = CARTESIAN_POINT('',(-5.15,-0.32,4.));
#2011 = SURFACE_CURVE('',#2012,(#2016,#2022),.PCURVE_S1.);
#2012 = LINE('',#2013,#2014);
#2013 = CARTESIAN_POINT('',(-5.15,-0.16,4.));
#2014 = VECTOR('',#2015,1.);
#2015 = DIRECTION('',(0.,-1.,0.));
#2016 = PCURVE('',#72,#2017);
#2017 = DEFINITIONAL_REPRESENTATION('',(#2018),#2021);
#2018 = B_SPLINE_CURVE_WITH_KNOTS('',1,(#2019,#2020),.UNSPECIFIED.,.F.,
  .F.,(2,2),(-0.16,0.16),.PIECEWISE_BEZIER_KNOTS.);
#2019 = CARTESIAN_POINT('',(-5.15,0.));
#2020 = CARTESIAN_POINT('',(-5.15,-0.32));
#2021 = ( GEOMETRIC_REPRESENTATION_CONTEXT(2) 
PARAMETRIC_REPRESENTATION_CONTEXT() REPRESENTATION_CONTEXT('2D SPACE',''
  ) );
#2022 = PCURVE('',#2023,#2028);
#2023 = PLANE('',#2024);
#2024 = AXIS2_PLACEMENT_3D('',#2025,#2026,#2027);
#2025 = CARTESIAN_POINT('',(-5.15,-0.32,3.4));
#2026 = DIRECTION('',(-1.,0.,0.));
#2027 = DIRECTION('',(0.,1.,0.));
#2028 = DEFINITIONAL_REPRESENTATION('',(#2029),#2032);
#2029 = B_SPLINE_CURVE_WITH_KNOTS('',1,(#2030,#2031),.UNSPECIFIED.,.F.,
  .F.,(2,2),(-0.16,0.16),.PIECEWISE_BEZIER_KNOTS.);
#2030 = CARTESIAN_POINT('',(0.32,-0.6));
#2031 = CARTESIAN_POINT('',(0.,-0.6));
#2032 = ( GEOMETRIC_REPRESENTATION_CONTEXT(2) 
PARAMETRIC_REPRESENTATION_CONTEXT() REPRESENTATION_CONTEXT('2D SPACE',''
  ) );
#2033 = ORIENTED_EDGE('',*,*,#2034,.F.);
#2034 = EDGE_CURVE('',#2035,#2007,#2037,.T.);
#2035 = VERTEX_POINT('',#2036);
#2036 = CARTESIAN_POINT('',(-5.47,0.,4.));
#2037 = SURFACE_CURVE('',#2038,(#2042,#2048),.PCURVE_S1.);
#2038 = LINE('',#2039,#2040);
#2039 = CARTESIAN_POINT('',(-2.575,0.,4.));
#2040 = VECTOR('',#2041,1.);
#2041 = DIRECTION('',(1.,0.,-0.));
#2042 = PCURVE('',#72,#2043);
#2043 = DEFINITIONAL_REPRESENTATION('',(#2044),#2047);
#2044 = B_SPLINE_CURVE_WITH_KNOTS('',1,(#2045,#2046),.UNSPECIFIED.,.F.,
  .F.,(2,2),(-2.895,-2.575),.PIECEWISE_BEZIER_KNOTS.);
#2045 = CARTESIAN_POINT('',(-5.47,0.));
#2046 = CARTESIAN_POINT('',(-5.15,0.));
#2047 = ( GEOMETRIC_REPRESENTATION_CONTEXT(2) 
PARAMETRIC_REPRESENTATION_CONTEXT() REPRESENTATION_CONTEXT('2D SPACE',''
  ) );
#2048 = PCURVE('',#2049,#2054);
#2049 = PLANE('',#2050);
#2050 = AXIS2_PLACEMENT_3D('',#2051,#2052,#2053);
#2051 = CARTESIAN_POINT('',(-5.15,0.,3.4));
#2052 = DIRECTION('',(0.,-1.,0.));
#2053 = DIRECTION('',(-1.,0.,0.));
#2054 = DEFINITIONAL_REPRESENTATION('',(#2055),#2058);
#2055 = B_SPLINE_CURVE_WITH_KNOTS('',1,(#2056,#2057),.UNSPECIFIED.,.F.,
  .F.,(2,2),(-2.895,-2.575),.PIECEWISE_BEZIER_KNOTS.);
#2056 = CARTESIAN_POINT('',(0.32,-0.6));
#2057 = CARTESIAN_POINT('',(0.,-0.6));
#2058 = ( GEOMETRIC_REPRESENTATION_CONTEXT(2) 
PARAMETRIC_REPRESENTATION_CONTEXT() REPRESENTATION_CONTEXT('2D SPACE',''
  ) );
#2059 = ORIENTED_EDGE('',*,*,#2060,.F.);
#2060 = EDGE_CURVE('',#2061,#2035,#2063,.T.);
#2061 = VERTEX_POINT('',#2062);
#2062 = CARTESIAN_POINT('',(-5.47,3.,4.));
#2063 = SURFACE_CURVE('',#2064,(#2068,#2074),.PCURVE_S1.);
#2064 = LINE('',#2065,#2066);
#2065 = CARTESIAN_POINT('',(-5.47,0.,4.));
#2066 = VECTOR('',#2067,1.);
#2067 = DIRECTION('',(0.,-1.,0.));
#2068 = PCURVE('',#72,#2069);
#2069 = DEFINITIONAL_REPRESENTATION('',(#2070),#2073);
#2070 = B_SPLINE_CURVE_WITH_KNOTS('',1,(#2071,#2072),.UNSPECIFIED.,.F.,
  .F.,(2,2),(-3.,0.),.PIECEWISE_BEZIER_KNOTS.);
#2071 = CARTESIAN_POINT('',(-5.47,3.));
#2072 = CARTESIAN_POINT('',(-5.47,0.));
#2073 = ( GEOMETRIC_REPRESENTATION_CONTEXT(2) 
PARAMETRIC_REPRESENTATION_CONTEXT() REPRESENTATION_CONTEXT('2D SPACE',''
  ) );
#2074 = PCURVE('',#2075,#2080);
#2075 = PLANE('',#2076);
#2076 = AXIS2_PLACEMENT_3D('',#2077,#2078,#2079);
#2077 = CARTESIAN_POINT('',(-5.47,0.,3.4));
#2078 = DIRECTION('',(-1.,0.,0.));
#2079 = DIRECTION('',(0.,1.,0.));
#2080 = DEFINITIONAL_REPRESENTATION('',(#2081),#2084);
#2081 = B_SPLINE_CURVE_WITH_KNOTS('',1,(#2082,#2083),.UNSPECIFIED.,.F.,
  .F.,(2,2),(-3.,0.),.PIECEWISE_BEZIER_KNOTS.);
#2082 = CARTESIAN_POINT('',(3.,-0.6));
#2083 = CARTESIAN_POINT('',(0.,-0.6));
#2084 = ( GEOMETRIC_REPRESENTATION_CONTEXT(2) 
PARAMETRIC_REPRESENTATION_CONTEXT() REPRESENTATION_CONTEXT('2D SPACE',''
  ) );
#2085 = ORIENTED_EDGE('',*,*,#2086,.F.);
#2086 = EDGE_CURVE('',#2087,#2061,#2089,.T.);
#2087 = VERTEX_POINT('',#2088);
#2088 = CARTESIAN_POINT('',(-4.83,3.,4.));
#2089 = SURFACE_CURVE('',#2090,(#2094,#2100),.PCURVE_S1.);
#2090 = LINE('',#2091,#2092);
#2091 = CARTESIAN_POINT('',(-2.735,3.,4.));
#2092 = VECTOR('',#2093,1.);
#2093 = DIRECTION('',(-1.,0.,0.));
#2094 = PCURVE('',#72,#2095);
#2095 = DEFINITIONAL_REPRESENTATION('',(#2096),#2099);
#2096 = B_SPLINE_CURVE_WITH_KNOTS('',1,(#2097,#2098),.UNSPECIFIED.,.F.,
  .F.,(2,2),(2.095,2.735),.PIECEWISE_BEZIER_KNOTS.);
#2097 = CARTESIAN_POINT('',(-4.83,3.));
#2098 = CARTESIAN_POINT('',(-5.47,3.));
#2099 = ( GEOMETRIC_REPRESENTATION_CONTEXT(2) 
PARAMETRIC_REPRESENTATION_CONTEXT() REPRESENTATION_CONTEXT('2D SPACE',''
  ) );
#2100 = PCURVE('',#2101,#2106);
#2101 = PLANE('',#2102);
#2102 = AXIS2_PLACEMENT_3D('',#2103,#2104,#2105);
#2103 = CARTESIAN_POINT('',(-5.47,3.,3.4));
#2104 = DIRECTION('',(0.,1.,0.));
#2105 = DIRECTION('',(1.,0.,0.));
#2106 = DEFINITIONAL_REPRESENTATION('',(#2107),#2110);
#2107 = B_SPLINE_CURVE_WITH_KNOTS('',1,(#2108,#2109),.UNSPECIFIED.,.F.,
  .F.,(2,2),(2.095,2.735),.PIECEWISE_BEZIER_KNOTS.);
#2108 = CARTESIAN_POINT('',(0.64,-0.6));
#2109 = CARTESIAN_POINT('',(0.,-0.6));
#2110 = ( GEOMETRIC_REPRESENTATION_CONTEXT(2) 
PARAMETRIC_REPRESENTATION_CONTEXT() REPRESENTATION_CONTEXT('2D SPACE',''
  ) );
#2111 = ORIENTED_EDGE('',*,*,#2112,.F.);
#2112 = EDGE_CURVE('',#2113,#2087,#2115,.T.);
#2113 = VERTEX_POINT('',#2114);
#2114 = CARTESIAN_POINT('',(-4.83,0.32,4.));
#2115 = SURFACE_CURVE('',#2116,(#2120,#2126),.PCURVE_S1.);
#2116 = LINE('',#2117,#2118);
#2117 = CARTESIAN_POINT('',(-4.83,1.5,4.));
#2118 = VECTOR('',#2119,1.);
#2119 = DIRECTION('',(-0.,1.,0.));
#2120 = PCURVE('',#72,#2121);
#2121 = DEFINITIONAL_REPRESENTATION('',(#2122),#2125);
#2122 = B_SPLINE_CURVE_WITH_KNOTS('',1,(#2123,#2124),.UNSPECIFIED.,.F.,
  .F.,(2,2),(-1.18,1.5),.PIECEWISE_BEZIER_KNOTS.);
#2123 = CARTESIAN_POINT('',(-4.83,0.32));
#2124 = CARTESIAN_POINT('',(-4.83,3.));
#2125 = ( GEOMETRIC_REPRESENTATION_CONTEXT(2) 
PARAMETRIC_REPRESENTATION_CONTEXT() REPRESENTATION_CONTEXT('2D SPACE',''
  ) );
#2126 = PCURVE('',#2127,#2132);
#2127 = PLANE('',#2128);
#2128 = AXIS2_PLACEMENT_3D('',#2129,#2130,#2131);
#2129 = CARTESIAN_POINT('',(-4.83,3.,3.4));
#2130 = DIRECTION('',(1.,0.,-0.));
#2131 = DIRECTION('',(0.,-1.,0.));
#2132 = DEFINITIONAL_REPRESENTATION('',(#2133),#2136);
#2133 = B_SPLINE_CURVE_WITH_KNOTS('',1,(#2134,#2135),.UNSPECIFIED.,.F.,
  .F.,(2,2),(-1.18,1.5),.PIECEWISE_BEZIER_KNOTS.);
#2134 = CARTESIAN_POINT('',(2.68,-0.6));
#2135 = CARTESIAN_POINT('',(0.,-0.6));
#2136 = ( GEOMETRIC_REPRESENTATION_CONTEXT(2) 
PARAMETRIC_REPRESENTATION_CONTEXT() REPRESENTATION_CONTEXT('2D SPACE',''
  ) );
#2137 = ORIENTED_EDGE('',*,*,#2138,.F.);
#2138 = EDGE_CURVE('',#2139,#2113,#2141,.T.);
#2139 = VERTEX_POINT('',#2140);
#2140 = CARTESIAN_POINT('',(-1.87,0.32,4.));
#2141 = SURFACE_CURVE('',#2142,(#2146,#2152),.PCURVE_S1.);
#2142 = LINE('',#2143,#2144);
#2143 = CARTESIAN_POINT('',(-2.415,0.32,4.));
#2144 = VECTOR('',#2145,1.);
#2145 = DIRECTION('',(-1.,0.,0.));
#2146 = PCURVE('',#72,#2147);
#2147 = DEFINITIONAL_REPRESENTATION('',(#2148),#2151);
#2148 = B_SPLINE_CURVE_WITH_KNOTS('',1,(#2149,#2150),.UNSPECIFIED.,.F.,
  .F.,(2,2),(-0.545,2.415),.PIECEWISE_BEZIER_KNOTS.);
#2149 = CARTESIAN_POINT('',(-1.87,0.32));
#2150 = CARTESIAN_POINT('',(-4.83,0.32));
#2151 = ( GEOMETRIC_REPRESENTATION_CONTEXT(2) 
PARAMETRIC_REPRESENTATION_CONTEXT() REPRESENTATION_CONTEXT('2D SPACE',''
  ) );
#2152 = PCURVE('',#2153,#2158);
#2153 = PLANE('',#2154);
#2154 = AXIS2_PLACEMENT_3D('',#2155,#2156,#2157);
#2155 = CARTESIAN_POINT('',(-4.83,0.32,3.4));
#2156 = DIRECTION('',(0.,1.,0.));
#2157 = DIRECTION('',(1.,0.,0.));
#2158 = DEFINITIONAL_REPRESENTATION('',(#2159),#2162);
#2159 = B_SPLINE_CURVE_WITH_KNOTS('',1,(#2160,#2161),.UNSPECIFIED.,.F.,
  .F.,(2,2),(-0.545,2.415),.PIECEWISE_BEZIER_KNOTS.);
#2160 = CARTESIAN_POINT('',(2.96,-0.6));
#2161 = CARTESIAN_POINT('',(0.,-0.6));
#2162 = ( GEOMETRIC_REPRESENTATION_CONTEXT(2) 
PARAMETRIC_REPRESENTATION_CONTEXT() REPRESENTATION_CONTEXT('2D SPACE',''
  ) );
#2163 = ORIENTED_EDGE('',*,*,#2164,.F.);
#2164 = EDGE_CURVE('',#2165,#2139,#2167,.T.);
#2165 = VERTEX_POINT('',#2166);
#2166 = CARTESIAN_POINT('',(-1.87,3.,4.));
#2167 = SURFACE_CURVE('',#2168,(#2172,#2178),.PCURVE_S1.);
#2168 = LINE('',#2169,#2170);
#2169 = CARTESIAN_POINT('',(-1.87,0.16,4.));
#2170 = VECTOR('',#2171,1.);
#2171 = DIRECTION('',(0.,-1.,0.));
#2172 = PCURVE('',#72,#2173);
#2173 = DEFINITIONAL_REPRESENTATION('',(#2174),#2177);
#2174 = B_SPLINE_CURVE_WITH_KNOTS('',1,(#2175,#2176),.UNSPECIFIED.,.F.,
  .F.,(2,2),(-2.84,-0.16),.PIECEWISE_BEZIER_KNOTS.);
#2175 = CARTESIAN_POINT('',(-1.87,3.));
#2176 = CARTESIAN_POINT('',(-1.87,0.32));
#2177 = ( GEOMETRIC_REPRESENTATION_CONTEXT(2) 
PARAMETRIC_REPRESENTATION_CONTEXT() REPRESENTATION_CONTEXT('2D SPACE',''
  ) );
#2178 = PCURVE('',#2179,#2184);
#2179 = PLANE('',#2180);
#2180 = AXIS2_PLACEMENT_3D('',#2181,#2182,#2183);
#2181 = CARTESIAN_POINT('',(-1.87,0.32,3.4));
#2182 = DIRECTION('',(-1.,0.,0.));
#2183 = DIRECTION('',(0.,1.,0.));
#2184 = DEFINITIONAL_REPRESENTATION('',(#2185),#2188);
#2185 = B_SPLINE_CURVE_WITH_KNOTS('',1,(#2186,#2187),.UNSPECIFIED.,.F.,
  .F.,(2,2),(-2.84,-0.16),.PIECEWISE_BEZIER_KNOTS.);
#2186 = CARTESIAN_POINT('',(2.68,-0.6));
#2187 = CARTESIAN_POINT('',(0.,-0.6));
#2188 = ( GEOMETRIC_REPRESENTATION_CONTEXT(2) 
PARAMETRIC_REPRESENTATION_CONTEXT() REPRESENTATION_CONTEXT('2D SPACE',''
  ) );
#2189 = ORIENTED_EDGE('',*,*,#2190,.F.);
#2190 = EDGE_CURVE('',#2191,#2165,#2193,.T.);
#2191 = VERTEX_POINT('',#2192);
#2192 = CARTESIAN_POINT('',(-1.23,3.,4.));
#2193 = SURFACE_CURVE('',#2194,(#2198,#2204),.PCURVE_S1.);
#2194 = LINE('',#2195,#2196);
#2195 = CARTESIAN_POINT('',(-0.935,3.,4.));
#2196 = VECTOR('',#2197,1.);
#2197 = DIRECTION('',(-1.,0.,0.));
#2198 = PCURVE('',#72,#2199);
#2199 = DEFINITIONAL_REPRESENTATION('',(#2200),#2203);
#2200 = B_SPLINE_CURVE_WITH_KNOTS('',1,(#2201,#2202),.UNSPECIFIED.,.F.,
  .F.,(2,2),(0.295,0.935),.PIECEWISE_BEZIER_KNOTS.);
#2201 = CARTESIAN_POINT('',(-1.23,3.));
#2202 = CARTESIAN_POINT('',(-1.87,3.));
#2203 = ( GEOMETRIC_REPRESENTATION_CONTEXT(2) 
PARAMETRIC_REPRESENTATION_CONTEXT() REPRESENTATION_CONTEXT('2D SPACE',''
  ) );
#2204 = PCURVE('',#2205,#2210);
#2205 = PLANE('',#2206);
#2206 = AXIS2_PLACEMENT_3D('',#2207,#2208,#2209);
#2207 = CARTESIAN_POINT('',(-1.87,3.,3.4));
#2208 = DIRECTION('',(0.,1.,0.));
#2209 = DIRECTION('',(1.,0.,0.));
#2210 = DEFINITIONAL_REPRESENTATION('',(#2211),#2214);
#2211 = B_SPLINE_CURVE_WITH_KNOTS('',1,(#2212,#2213),.UNSPECIFIED.,.F.,
  .F.,(2,2),(0.295,0.935),.PIECEWISE_BEZIER_KNOTS.);
#2212 = CARTESIAN_POINT('',(0.64,-0.6));
#2213 = CARTESIAN_POINT('',(0.,-0.6));
#2214 = ( GEOMETRIC_REPRESENTATION_CONTEXT(2) 
PARAMETRIC_REPRESENTATION_CONTEXT() REPRESENTATION_CONTEXT('2D SPACE',''
  ) );
#2215 = ORIENTED_EDGE('',*,*,#2216,.T.);
#2216 = EDGE_CURVE('',#2191,#2217,#2219,.T.);
#2217 = VERTEX_POINT('',#2218);
#2218 = CARTESIAN_POINT('',(-1.23,-3.,4.));
#2219 = SURFACE_CURVE('',#2220,(#2224,#2231),.PCURVE_S1.);
#2220 = LINE('',#2221,#2222);
#2221 = CARTESIAN_POINT('',(-1.23,3.,4.));
#2222 = VECTOR('',#2223,1.);
#2223 = DIRECTION('',(0.,-1.,0.));
#2224 = PCURVE('',#72,#2225);
#2225 = DEFINITIONAL_REPRESENTATION('',(#2226),#2230);
#2226 = LINE('',#2227,#2228);
#2227 = CARTESIAN_POINT('',(-1.23,3.));
#2228 = VECTOR('',#2229,1.);
#2229 = DIRECTION('',(0.,-1.));
#2230 = ( GEOMETRIC_REPRESENTATION_CONTEXT(2) 
PARAMETRIC_REPRESENTATION_CONTEXT() REPRESENTATION_CONTEXT('2D SPACE',''
  ) );
#2231 = PCURVE('',#2232,#2237);
#2232 = PLANE('',#2233);
#2233 = AXIS2_PLACEMENT_3D('',#2234,#2235,#2236);
#2234 = CARTESIAN_POINT('',(-1.23,0.,3.4));
#2235 = DIRECTION('',(1.,0.,-0.));
#2236 = DIRECTION('',(0.,-1.,0.));
#2237 = DEFINITIONAL_REPRESENTATION('',(#2238),#2242);
#2238 = LINE('',#2239,#2240);
#2239 = CARTESIAN_POINT('',(-3.,-0.6));
#2240 = VECTOR('',#2241,1.);
#2241 = DIRECTION('',(1.,0.));
#2242 = ( GEOMETRIC_REPRESENTATION_CONTEXT(2) 
PARAMETRIC_REPRESENTATION_CONTEXT() REPRESENTATION_CONTEXT('2D SPACE',''
  ) );
#2243 = ORIENTED_EDGE('',*,*,#2244,.F.);
#2244 = EDGE_CURVE('',#2245,#2217,#2247,.T.);
#2245 = VERTEX_POINT('',#2246);
#2246 = CARTESIAN_POINT('',(-1.87,-3.,4.));
#2247 = SURFACE_CURVE('',#2248,(#2252,#2258),.PCURVE_S1.);
#2248 = LINE('',#2249,#2250);
#2249 = CARTESIAN_POINT('',(-0.615,-3.,4.));
#2250 = VECTOR('',#2251,1.);
#2251 = DIRECTION('',(1.,0.,-0.));
#2252 = PCURVE('',#72,#2253);
#2253 = DEFINITIONAL_REPRESENTATION('',(#2254),#2257);
#2254 = B_SPLINE_CURVE_WITH_KNOTS('',1,(#2255,#2256),.UNSPECIFIED.,.F.,
  .F.,(2,2),(-1.255,-0.615),.PIECEWISE_BEZIER_KNOTS.);
#2255 = CARTESIAN_POINT('',(-1.87,-3.));
#2256 = CARTESIAN_POINT('',(-1.23,-3.));
#2257 = ( GEOMETRIC_REPRESENTATION_CONTEXT(2) 
PARAMETRIC_REPRESENTATION_CONTEXT() REPRESENTATION_CONTEXT('2D SPACE',''
  ) );
#2258 = PCURVE('',#2259,#2264);
#2259 = PLANE('',#2260);
#2260 = AXIS2_PLACEMENT_3D('',#2261,#2262,#2263);
#2261 = CARTESIAN_POINT('',(-1.23,-3.,3.4));
#2262 = DIRECTION('',(0.,-1.,0.));
#2263 = DIRECTION('',(-1.,0.,0.));
#2264 = DEFINITIONAL_REPRESENTATION('',(#2265),#2268);
#2265 = B_SPLINE_CURVE_WITH_KNOTS('',1,(#2266,#2267),.UNSPECIFIED.,.F.,
  .F.,(2,2),(-1.255,-0.615),.PIECEWISE_BEZIER_KNOTS.);
#2266 = CARTESIAN_POINT('',(0.64,-0.6));
#2267 = CARTESIAN_POINT('',(0.,-0.6));
#2268 = ( GEOMETRIC_REPRESENTATION_CONTEXT(2) 
PARAMETRIC_REPRESENTATION_CONTEXT() REPRESENTATION_CONTEXT('2D SPACE',''
  ) );
#2269 = ORIENTED_EDGE('',*,*,#2270,.F.);
#2270 = EDGE_CURVE('',#2271,#2245,#2273,.T.);
#2271 = VERTEX_POINT('',#2272);
#2272 = CARTESIAN_POINT('',(-1.87,-0.32,4.));
#2273 = SURFACE_CURVE('',#2274,(#2278,#2284),.PCURVE_S1.);
#2274 = LINE('',#2275,#2276);
#2275 = CARTESIAN_POINT('',(-1.87,-1.5,4.));
#2276 = VECTOR('',#2277,1.);
#2277 = DIRECTION('',(0.,-1.,0.));
#2278 = PCURVE('',#72,#2279);
#2279 = DEFINITIONAL_REPRESENTATION('',(#2280),#2283);
#2280 = B_SPLINE_CURVE_WITH_KNOTS('',1,(#2281,#2282),.UNSPECIFIED.,.F.,
  .F.,(2,2),(-1.18,1.5),.PIECEWISE_BEZIER_KNOTS.);
#2281 = CARTESIAN_POINT('',(-1.87,-0.32));
#2282 = CARTESIAN_POINT('',(-1.87,-3.));
#2283 = ( GEOMETRIC_REPRESENTATION_CONTEXT(2) 
PARAMETRIC_REPRESENTATION_CONTEXT() REPRESENTATION_CONTEXT('2D SPACE',''
  ) );
#2284 = PCURVE('',#2285,#2290);
#2285 = PLANE('',#2286);
#2286 = AXIS2_PLACEMENT_3D('',#2287,#2288,#2289);
#2287 = CARTESIAN_POINT('',(-1.87,-3.,3.4));
#2288 = DIRECTION('',(-1.,0.,0.));
#2289 = DIRECTION('',(0.,1.,0.));
#2290 = DEFINITIONAL_REPRESENTATION('',(#2291),#2294);
#2291 = B_SPLINE_CURVE_WITH_KNOTS('',1,(#2292,#2293),.UNSPECIFIED.,.F.,
  .F.,(2,2),(-1.18,1.5),.PIECEWISE_BEZIER_KNOTS.);
#2292 = CARTESIAN_POINT('',(2.68,-0.6));
#2293 = CARTESIAN_POINT('',(0.,-0.6));
#2294 = ( GEOMETRIC_REPRESENTATION_CONTEXT(2) 
PARAMETRIC_REPRESENTATION_CONTEXT() REPRESENTATION_CONTEXT('2D SPACE',''
  ) );
#2295 = ORIENTED_EDGE('',*,*,#2296,.F.);
#2296 = EDGE_CURVE('',#2009,#2271,#2297,.T.);
#2297 = SURFACE_CURVE('',#2298,(#2302,#2308),.PCURVE_S1.);
#2298 = LINE('',#2299,#2300);
#2299 = CARTESIAN_POINT('',(-0.935,-0.32,4.));
#2300 = VECTOR('',#2301,1.);
#2301 = DIRECTION('',(1.,0.,-0.));
#2302 = PCURVE('',#72,#2303);
#2303 = DEFINITIONAL_REPRESENTATION('',(#2304),#2307);
#2304 = B_SPLINE_CURVE_WITH_KNOTS('',1,(#2305,#2306),.UNSPECIFIED.,.F.,
  .F.,(2,2),(-4.215,-0.935),.PIECEWISE_BEZIER_KNOTS.);
#2305 = CARTESIAN_POINT('',(-5.15,-0.32));
#2306 = CARTESIAN_POINT('',(-1.87,-0.32));
#2307 = ( GEOMETRIC_REPRESENTATION_CONTEXT(2) 
PARAMETRIC_REPRESENTATION_CONTEXT() REPRESENTATION_CONTEXT('2D SPACE',''
  ) );
#2308 = PCURVE('',#2309,#2314);
#2309 = PLANE('',#2310);
#2310 = AXIS2_PLACEMENT_3D('',#2311,#2312,#2313);
#2311 = CARTESIAN_POINT('',(-1.87,-0.32,3.4));
#2312 = DIRECTION('',(0.,-1.,0.));
#2313 = DIRECTION('',(-1.,0.,0.));
#2314 = DEFINITIONAL_REPRESENTATION('',(#2315),#2318);
#2315 = B_SPLINE_CURVE_WITH_KNOTS('',1,(#2316,#2317),.UNSPECIFIED.,.F.,
  .F.,(2,2),(-4.215,-0.935),.PIECEWISE_BEZIER_KNOTS.);
#2316 = CARTESIAN_POINT('',(3.28,-0.6));
#2317 = CARTESIAN_POINT('',(0.,-0.6));
#2318 = ( GEOMETRIC_REPRESENTATION_CONTEXT(2) 
PARAMETRIC_REPRESENTATION_CONTEXT() REPRESENTATION_CONTEXT('2D SPACE',''
  ) );
#2319 = FACE_BOUND('',#2320,.T.);
#2320 = EDGE_LOOP('',(#2321,#2349,#2375,#2401,#2427,#2455,#2481,#2507,
    #2533,#2559,#2585,#2611,#2637,#2663,#2689,#2715));
#2321 = ORIENTED_EDGE('',*,*,#2322,.F.);
#2322 = EDGE_CURVE('',#2323,#2325,#2327,.T.);
#2323 = VERTEX_POINT('',#2324);
#2324 = CARTESIAN_POINT('',(1.55,3.32,4.));
#2325 = VERTEX_POINT('',#2326);
#2326 = CARTESIAN_POINT('',(1.55,3.,4.));
#2327 = SURFACE_CURVE('',#2328,(#2332,#2338),.PCURVE_S1.);
#2328 = LINE('',#2329,#2330);
#2329 = CARTESIAN_POINT('',(1.55,1.5,4.));
#2330 = VECTOR('',#2331,1.);
#2331 = DIRECTION('',(0.,-1.,0.));
#2332 = PCURVE('',#72,#2333);
#2333 = DEFINITIONAL_REPRESENTATION('',(#2334),#2337);
#2334 = B_SPLINE_CURVE_WITH_KNOTS('',1,(#2335,#2336),.UNSPECIFIED.,.F.,
  .F.,(2,2),(-1.82,-1.5),.PIECEWISE_BEZIER_KNOTS.);
#2335 = CARTESIAN_POINT('',(1.55,3.32));
#2336 = CARTESIAN_POINT('',(1.55,3.));
#2337 = ( GEOMETRIC_REPRESENTATION_CONTEXT(2) 
PARAMETRIC_REPRESENTATION_CONTEXT() REPRESENTATION_CONTEXT('2D SPACE',''
  ) );
#2338 = PCURVE('',#2339,#2344);
#2339 = PLANE('',#2340);
#2340 = AXIS2_PLACEMENT_3D('',#2341,#2342,#2343);
#2341 = CARTESIAN_POINT('',(1.55,3.,3.4));
#2342 = DIRECTION('',(-1.,0.,0.));
#2343 = DIRECTION('',(0.,1.,0.));
#2344 = DEFINITIONAL_REPRESENTATION('',(#2345),#2348);
#2345 = B_SPLINE_CURVE_WITH_KNOTS('',1,(#2346,#2347),.UNSPECIFIED.,.F.,
  .F.,(2,2),(-1.82,-1.5),.PIECEWISE_BEZIER_KNOTS.);
#2346 = CARTESIAN_POINT('',(0.32,-0.6));
#2347 = CARTESIAN_POINT('',(0.,-0.6));
#2348 = ( GEOMETRIC_REPRESENTATION_CONTEXT(2) 
PARAMETRIC_REPRESENTATION_CONTEXT() REPRESENTATION_CONTEXT('2D SPACE',''
  ) );
#2349 = ORIENTED_EDGE('',*,*,#2350,.F.);
#2350 = EDGE_CURVE('',#2351,#2323,#2353,.T.);
#2351 = VERTEX_POINT('',#2352);
#2352 = CARTESIAN_POINT('',(5.15,3.32,4.));
#2353 = SURFACE_CURVE('',#2354,(#2358,#2364),.PCURVE_S1.);
#2354 = LINE('',#2355,#2356);
#2355 = CARTESIAN_POINT('',(0.775,3.32,4.));
#2356 = VECTOR('',#2357,1.);
#2357 = DIRECTION('',(-1.,0.,0.));
#2358 = PCURVE('',#72,#2359);
#2359 = DEFINITIONAL_REPRESENTATION('',(#2360),#2363);
#2360 = B_SPLINE_CURVE_WITH_KNOTS('',1,(#2361,#2362),.UNSPECIFIED.,.F.,
  .F.,(2,2),(-4.375,-0.775),.PIECEWISE_BEZIER_KNOTS.);
#2361 = CARTESIAN_POINT('',(5.15,3.32));
#2362 = CARTESIAN_POINT('',(1.55,3.32));
#2363 = ( GEOMETRIC_REPRESENTATION_CONTEXT(2) 
PARAMETRIC_REPRESENTATION_CONTEXT() REPRESENTATION_CONTEXT('2D SPACE',''
  ) );
#2364 = PCURVE('',#2365,#2370);
#2365 = PLANE('',#2366);
#2366 = AXIS2_PLACEMENT_3D('',#2367,#2368,#2369);
#2367 = CARTESIAN_POINT('',(1.55,3.32,3.4));
#2368 = DIRECTION('',(0.,1.,0.));
#2369 = DIRECTION('',(1.,0.,0.));
#2370 = DEFINITIONAL_REPRESENTATION('',(#2371),#2374);
#2371 = B_SPLINE_CURVE_WITH_KNOTS('',1,(#2372,#2373),.UNSPECIFIED.,.F.,
  .F.,(2,2),(-4.375,-0.775),.PIECEWISE_BEZIER_KNOTS.);
#2372 = CARTESIAN_POINT('',(3.6,-0.6));
#2373 = CARTESIAN_POINT('',(0.,-0.6));
#2374 = ( GEOMETRIC_REPRESENTATION_CONTEXT(2) 
PARAMETRIC_REPRESENTATION_CONTEXT() REPRESENTATION_CONTEXT('2D SPACE',''
  ) );
#2375 = ORIENTED_EDGE('',*,*,#2376,.F.);
#2376 = EDGE_CURVE('',#2377,#2351,#2379,.T.);
#2377 = VERTEX_POINT('',#2378);
#2378 = CARTESIAN_POINT('',(5.15,3.,4.));
#2379 = SURFACE_CURVE('',#2380,(#2384,#2390),.PCURVE_S1.);
#2380 = LINE('',#2381,#2382);
#2381 = CARTESIAN_POINT('',(5.15,1.66,4.));
#2382 = VECTOR('',#2383,1.);
#2383 = DIRECTION('',(-0.,1.,0.));
#2384 = PCURVE('',#72,#2385);
#2385 = DEFINITIONAL_REPRESENTATION('',(#2386),#2389);
#2386 = B_SPLINE_CURVE_WITH_KNOTS('',1,(#2387,#2388),.UNSPECIFIED.,.F.,
  .F.,(2,2),(1.34,1.66),.PIECEWISE_BEZIER_KNOTS.);
#2387 = CARTESIAN_POINT('',(5.15,3.));
#2388 = CARTESIAN_POINT('',(5.15,3.32));
#2389 = ( GEOMETRIC_REPRESENTATION_CONTEXT(2) 
PARAMETRIC_REPRESENTATION_CONTEXT() REPRESENTATION_CONTEXT('2D SPACE',''
  ) );
#2390 = PCURVE('',#2391,#2396);
#2391 = PLANE('',#2392);
#2392 = AXIS2_PLACEMENT_3D('',#2393,#2394,#2395);
#2393 = CARTESIAN_POINT('',(5.15,3.32,3.4));
#2394 = DIRECTION('',(1.,0.,-0.));
#2395 = DIRECTION('',(0.,-1.,0.));
#2396 = DEFINITIONAL_REPRESENTATION('',(#2397),#2400);
#2397 = B_SPLINE_CURVE_WITH_KNOTS('',1,(#2398,#2399),.UNSPECIFIED.,.F.,
  .F.,(2,2),(1.34,1.66),.PIECEWISE_BEZIER_KNOTS.);
#2398 = CARTESIAN_POINT('',(0.32,-0.6));
#2399 = CARTESIAN_POINT('',(0.,-0.6));
#2400 = ( GEOMETRIC_REPRESENTATION_CONTEXT(2) 
PARAMETRIC_REPRESENTATION_CONTEXT() REPRESENTATION_CONTEXT('2D SPACE',''
  ) );
#2401 = ORIENTED_EDGE('',*,*,#2402,.F.);
#2402 = EDGE_CURVE('',#2403,#2377,#2405,.T.);
#2403 = VERTEX_POINT('',#2404);
#2404 = CARTESIAN_POINT('',(5.47,3.,4.));
#2405 = SURFACE_CURVE('',#2406,(#2410,#2416),.PCURVE_S1.);
#2406 = LINE('',#2407,#2408);
#2407 = CARTESIAN_POINT('',(2.575,3.,4.));
#2408 = VECTOR('',#2409,1.);
#2409 = DIRECTION('',(-1.,0.,0.));
#2410 = PCURVE('',#72,#2411);
#2411 = DEFINITIONAL_REPRESENTATION('',(#2412),#2415);
#2412 = B_SPLINE_CURVE_WITH_KNOTS('',1,(#2413,#2414),.UNSPECIFIED.,.F.,
  .F.,(2,2),(-2.895,-2.575),.PIECEWISE_BEZIER_KNOTS.);
#2413 = CARTESIAN_POINT('',(5.47,3.));
#2414 = CARTESIAN_POINT('',(5.15,3.));
#2415 = ( GEOMETRIC_REPRESENTATION_CONTEXT(2) 
PARAMETRIC_REPRESENTATION_CONTEXT() REPRESENTATION_CONTEXT('2D SPACE',''
  ) );
#2416 = PCURVE('',#2417,#2422);
#2417 = PLANE('',#2418);
#2418 = AXIS2_PLACEMENT_3D('',#2419,#2420,#2421);
#2419 = CARTESIAN_POINT('',(5.15,3.,3.4));
#2420 = DIRECTION('',(0.,1.,0.));
#2421 = DIRECTION('',(1.,0.,0.));
#2422 = DEFINITIONAL_REPRESENTATION('',(#2423),#2426);
#2423 = B_SPLINE_CURVE_WITH_KNOTS('',1,(#2424,#2425),.UNSPECIFIED.,.F.,
  .F.,(2,2),(-2.895,-2.575),.PIECEWISE_BEZIER_KNOTS.);
#2424 = CARTESIAN_POINT('',(0.32,-0.6));
#2425 = CARTESIAN_POINT('',(0.,-0.6));
#2426 = ( GEOMETRIC_REPRESENTATION_CONTEXT(2) 
PARAMETRIC_REPRESENTATION_CONTEXT() REPRESENTATION_CONTEXT('2D SPACE',''
  ) );
#2427 = ORIENTED_EDGE('',*,*,#2428,.T.);
#2428 = EDGE_CURVE('',#2403,#2429,#2431,.T.);
#2429 = VERTEX_POINT('',#2430);
#2430 = CARTESIAN_POINT('',(5.47,-3.,4.));
#2431 = SURFACE_CURVE('',#2432,(#2436,#2443),.PCURVE_S1.);
#2432 = LINE('',#2433,#2434);
#2433 = CARTESIAN_POINT('',(5.47,3.,4.));
#2434 = VECTOR('',#2435,1.);
#2435 = DIRECTION('',(0.,-1.,0.));
#2436 = PCURVE('',#72,#2437);
#2437 = DEFINITIONAL_REPRESENTATION('',(#2438),#2442);
#2438 = LINE('',#2439,#2440);
#2439 = CARTESIAN_POINT('',(5.47,3.));
#2440 = VECTOR('',#2441,1.);
#2441 = DIRECTION('',(0.,-1.));
#2442 = ( GEOMETRIC_REPRESENTATION_CONTEXT(2) 
PARAMETRIC_REPRESENTATION_CONTEXT() REPRESENTATION_CONTEXT('2D SPACE',''
  ) );
#2443 = PCURVE('',#2444,#2449);
#2444 = PLANE('',#2445);
#2445 = AXIS2_PLACEMENT_3D('',#2446,#2447,#2448);
#2446 = CARTESIAN_POINT('',(5.47,0.,3.4));
#2447 = DIRECTION('',(1.,0.,-0.));
#2448 = DIRECTION('',(0.,-1.,0.));
#2449 = DEFINITIONAL_REPRESENTATION('',(#2450),#2454);
#2450 = LINE('',#2451,#2452);
#2451 = CARTESIAN_POINT('',(-3.,-0.6));
#2452 = VECTOR('',#2453,1.);
#2453 = DIRECTION('',(1.,0.));
#2454 = ( GEOMETRIC_REPRESENTATION_CONTEXT(2) 
PARAMETRIC_REPRESENTATION_CONTEXT() REPRESENTATION_CONTEXT('2D SPACE',''
  ) );
#2455 = ORIENTED_EDGE('',*,*,#2456,.F.);
#2456 = EDGE_CURVE('',#2457,#2429,#2459,.T.);
#2457 = VERTEX_POINT('',#2458);
#2458 = CARTESIAN_POINT('',(5.15,-3.,4.));
#2459 = SURFACE_CURVE('',#2460,(#2464,#2470),.PCURVE_S1.);
#2460 = LINE('',#2461,#2462);
#2461 = CARTESIAN_POINT('',(2.735,-3.,4.));
#2462 = VECTOR('',#2463,1.);
#2463 = DIRECTION('',(1.,0.,-0.));
#2464 = PCURVE('',#72,#2465);
#2465 = DEFINITIONAL_REPRESENTATION('',(#2466),#2469);
#2466 = B_SPLINE_CURVE_WITH_KNOTS('',1,(#2467,#2468),.UNSPECIFIED.,.F.,
  .F.,(2,2),(2.415,2.735),.PIECEWISE_BEZIER_KNOTS.);
#2467 = CARTESIAN_POINT('',(5.15,-3.));
#2468 = CARTESIAN_POINT('',(5.47,-3.));
#2469 = ( GEOMETRIC_REPRESENTATION_CONTEXT(2) 
PARAMETRIC_REPRESENTATION_CONTEXT() REPRESENTATION_CONTEXT('2D SPACE',''
  ) );
#2470 = PCURVE('',#2471,#2476);
#2471 = PLANE('',#2472);
#2472 = AXIS2_PLACEMENT_3D('',#2473,#2474,#2475);
#2473 = CARTESIAN_POINT('',(5.47,-3.,3.4));
#2474 = DIRECTION('',(0.,-1.,0.));
#2475 = DIRECTION('',(-1.,0.,0.));
#2476 = DEFINITIONAL_REPRESENTATION('',(#2477),#2480);
#2477 = B_SPLINE_CURVE_WITH_KNOTS('',1,(#2478,#2479),.UNSPECIFIED.,.F.,
  .F.,(2,2),(2.415,2.735),.PIECEWISE_BEZIER_KNOTS.);
#2478 = CARTESIAN_POINT('',(0.32,-0.6));
#2479 = CARTESIAN_POINT('',(0.,-0.6));
#2480 = ( GEOMETRIC_REPRESENTATION_CONTEXT(2) 
PARAMETRIC_REPRESENTATION_CONTEXT() REPRESENTATION_CONTEXT('2D SPACE',''
  ) );
#2481 = ORIENTED_EDGE('',*,*,#2482,.F.);
#2482 = EDGE_CURVE('',#2483,#2457,#2485,.T.);
#2483 = VERTEX_POINT('',#2484);
#2484 = CARTESIAN_POINT('',(5.15,-3.32,4.));
#2485 = SURFACE_CURVE('',#2486,(#2490,#2496),.PCURVE_S1.);
#2486 = LINE('',#2487,#2488);
#2487 = CARTESIAN_POINT('',(5.15,-1.5,4.));
#2488 = VECTOR('',#2489,1.);
#2489 = DIRECTION('',(-0.,1.,0.));
#2490 = PCURVE('',#72,#2491);
#2491 = DEFINITIONAL_REPRESENTATION('',(#2492),#2495);
#2492 = B_SPLINE_CURVE_WITH_KNOTS('',1,(#2493,#2494),.UNSPECIFIED.,.F.,
  .F.,(2,2),(-1.82,-1.5),.PIECEWISE_BEZIER_KNOTS.);
#2493 = CARTESIAN_POINT('',(5.15,-3.32));
#2494 = CARTESIAN_POINT('',(5.15,-3.));
#2495 = ( GEOMETRIC_REPRESENTATION_CONTEXT(2) 
PARAMETRIC_REPRESENTATION_CONTEXT() REPRESENTATION_CONTEXT('2D SPACE',''
  ) );
#2496 = PCURVE('',#2497,#2502);
#2497 = PLANE('',#2498);
#2498 = AXIS2_PLACEMENT_3D('',#2499,#2500,#2501);
#2499 = CARTESIAN_POINT('',(5.15,-3.,3.4));
#2500 = DIRECTION('',(1.,0.,-0.));
#2501 = DIRECTION('',(0.,-1.,0.));
#2502 = DEFINITIONAL_REPRESENTATION('',(#2503),#2506);
#2503 = B_SPLINE_CURVE_WITH_KNOTS('',1,(#2504,#2505),.UNSPECIFIED.,.F.,
  .F.,(2,2),(-1.82,-1.5),.PIECEWISE_BEZIER_KNOTS.);
#2504 = CARTESIAN_POINT('',(0.32,-0.6));
#2505 = CARTESIAN_POINT('',(0.,-0.6));
#2506 = ( GEOMETRIC_REPRESENTATION_CONTEXT(2) 
PARAMETRIC_REPRESENTATION_CONTEXT() REPRESENTATION_CONTEXT('2D SPACE',''
  ) );
#2507 = ORIENTED_EDGE('',*,*,#2508,.F.);
#2508 = EDGE_CURVE('',#2509,#2483,#2511,.T.);
#2509 = VERTEX_POINT('',#2510);
#2510 = CARTESIAN_POINT('',(1.55,-3.32,4.));
#2511 = SURFACE_CURVE('',#2512,(#2516,#2522),.PCURVE_S1.);
#2512 = LINE('',#2513,#2514);
#2513 = CARTESIAN_POINT('',(2.575,-3.32,4.));
#2514 = VECTOR('',#2515,1.);
#2515 = DIRECTION('',(1.,0.,-0.));
#2516 = PCURVE('',#72,#2517);
#2517 = DEFINITIONAL_REPRESENTATION('',(#2518),#2521);
#2518 = B_SPLINE_CURVE_WITH_KNOTS('',1,(#2519,#2520),.UNSPECIFIED.,.F.,
  .F.,(2,2),(-1.025,2.575),.PIECEWISE_BEZIER_KNOTS.);
#2519 = CARTESIAN_POINT('',(1.55,-3.32));
#2520 = CARTESIAN_POINT('',(5.15,-3.32));
#2521 = ( GEOMETRIC_REPRESENTATION_CONTEXT(2) 
PARAMETRIC_REPRESENTATION_CONTEXT() REPRESENTATION_CONTEXT('2D SPACE',''
  ) );
#2522 = PCURVE('',#2523,#2528);
#2523 = PLANE('',#2524);
#2524 = AXIS2_PLACEMENT_3D('',#2525,#2526,#2527);
#2525 = CARTESIAN_POINT('',(5.15,-3.32,3.4));
#2526 = DIRECTION('',(0.,-1.,0.));
#2527 = DIRECTION('',(-1.,0.,0.));
#2528 = DEFINITIONAL_REPRESENTATION('',(#2529),#2532);
#2529 = B_SPLINE_CURVE_WITH_KNOTS('',1,(#2530,#2531),.UNSPECIFIED.,.F.,
  .F.,(2,2),(-1.025,2.575),.PIECEWISE_BEZIER_KNOTS.);
#2530 = CARTESIAN_POINT('',(3.6,-0.6));
#2531 = CARTESIAN_POINT('',(0.,-0.6));
#2532 = ( GEOMETRIC_REPRESENTATION_CONTEXT(2) 
PARAMETRIC_REPRESENTATION_CONTEXT() REPRESENTATION_CONTEXT('2D SPACE',''
  ) );
#2533 = ORIENTED_EDGE('',*,*,#2534,.F.);
#2534 = EDGE_CURVE('',#2535,#2509,#2537,.T.);
#2535 = VERTEX_POINT('',#2536);
#2536 = CARTESIAN_POINT('',(1.55,-2.68,4.));
#2537 = SURFACE_CURVE('',#2538,(#2542,#2548),.PCURVE_S1.);
#2538 = LINE('',#2539,#2540);
#2539 = CARTESIAN_POINT('',(1.55,-1.66,4.));
#2540 = VECTOR('',#2541,1.);
#2541 = DIRECTION('',(0.,-1.,0.));
#2542 = PCURVE('',#72,#2543);
#2543 = DEFINITIONAL_REPRESENTATION('',(#2544),#2547);
#2544 = B_SPLINE_CURVE_WITH_KNOTS('',1,(#2545,#2546),.UNSPECIFIED.,.F.,
  .F.,(2,2),(1.02,1.66),.PIECEWISE_BEZIER_KNOTS.);
#2545 = CARTESIAN_POINT('',(1.55,-2.68));
#2546 = CARTESIAN_POINT('',(1.55,-3.32));
#2547 = ( GEOMETRIC_REPRESENTATION_CONTEXT(2) 
PARAMETRIC_REPRESENTATION_CONTEXT() REPRESENTATION_CONTEXT('2D SPACE',''
  ) );
#2548 = PCURVE('',#2549,#2554);
#2549 = PLANE('',#2550);
#2550 = AXIS2_PLACEMENT_3D('',#2551,#2552,#2553);
#2551 = CARTESIAN_POINT('',(1.55,-3.32,3.4));
#2552 = DIRECTION('',(-1.,0.,0.));
#2553 = DIRECTION('',(0.,1.,0.));
#2554 = DEFINITIONAL_REPRESENTATION('',(#2555),#2558);
#2555 = B_SPLINE_CURVE_WITH_KNOTS('',1,(#2556,#2557),.UNSPECIFIED.,.F.,
  .F.,(2,2),(1.02,1.66),.PIECEWISE_BEZIER_KNOTS.);
#2556 = CARTESIAN_POINT('',(0.64,-0.6));
#2557 = CARTESIAN_POINT('',(0.,-0.6));
#2558 = ( GEOMETRIC_REPRESENTATION_CONTEXT(2) 
PARAMETRIC_REPRESENTATION_CONTEXT() REPRESENTATION_CONTEXT('2D SPACE',''
  ) );
#2559 = ORIENTED_EDGE('',*,*,#2560,.F.);
#2560 = EDGE_CURVE('',#2561,#2535,#2563,.T.);
#2561 = VERTEX_POINT('',#2562);
#2562 = CARTESIAN_POINT('',(4.83,-2.68,4.));
#2563 = SURFACE_CURVE('',#2564,(#2568,#2574),.PCURVE_S1.);
#2564 = LINE('',#2565,#2566);
#2565 = CARTESIAN_POINT('',(0.775,-2.68,4.));
#2566 = VECTOR('',#2567,1.);
#2567 = DIRECTION('',(-1.,0.,0.));
#2568 = PCURVE('',#72,#2569);
#2569 = DEFINITIONAL_REPRESENTATION('',(#2570),#2573);
#2570 = B_SPLINE_CURVE_WITH_KNOTS('',1,(#2571,#2572),.UNSPECIFIED.,.F.,
  .F.,(2,2),(-4.055,-0.775),.PIECEWISE_BEZIER_KNOTS.);
#2571 = CARTESIAN_POINT('',(4.83,-2.68));
#2572 = CARTESIAN_POINT('',(1.55,-2.68));
#2573 = ( GEOMETRIC_REPRESENTATION_CONTEXT(2) 
PARAMETRIC_REPRESENTATION_CONTEXT() REPRESENTATION_CONTEXT('2D SPACE',''
  ) );
#2574 = PCURVE('',#2575,#2580);
#2575 = PLANE('',#2576);
#2576 = AXIS2_PLACEMENT_3D('',#2577,#2578,#2579);
#2577 = CARTESIAN_POINT('',(1.55,-2.68,3.4));
#2578 = DIRECTION('',(0.,1.,0.));
#2579 = DIRECTION('',(1.,0.,0.));
#2580 = DEFINITIONAL_REPRESENTATION('',(#2581),#2584);
#2581 = B_SPLINE_CURVE_WITH_KNOTS('',1,(#2582,#2583),.UNSPECIFIED.,.F.,
  .F.,(2,2),(-4.055,-0.775),.PIECEWISE_BEZIER_KNOTS.);
#2582 = CARTESIAN_POINT('',(3.28,-0.6));
#2583 = CARTESIAN_POINT('',(0.,-0.6));
#2584 = ( GEOMETRIC_REPRESENTATION_CONTEXT(2) 
PARAMETRIC_REPRESENTATION_CONTEXT() REPRESENTATION_CONTEXT('2D SPACE',''
  ) );
#2585 = ORIENTED_EDGE('',*,*,#2586,.F.);
#2586 = EDGE_CURVE('',#2587,#2561,#2589,.T.);
#2587 = VERTEX_POINT('',#2588);
#2588 = CARTESIAN_POINT('',(4.83,-0.32,4.));
#2589 = SURFACE_CURVE('',#2590,(#2594,#2600),.PCURVE_S1.);
#2590 = LINE('',#2591,#2592);
#2591 = CARTESIAN_POINT('',(4.83,-1.34,4.));
#2592 = VECTOR('',#2593,1.);
#2593 = DIRECTION('',(0.,-1.,0.));
#2594 = PCURVE('',#72,#2595);
#2595 = DEFINITIONAL_REPRESENTATION('',(#2596),#2599);
#2596 = B_SPLINE_CURVE_WITH_KNOTS('',1,(#2597,#2598),.UNSPECIFIED.,.F.,
  .F.,(2,2),(-1.02,1.34),.PIECEWISE_BEZIER_KNOTS.);
#2597 = CARTESIAN_POINT('',(4.83,-0.32));
#2598 = CARTESIAN_POINT('',(4.83,-2.68));
#2599 = ( GEOMETRIC_REPRESENTATION_CONTEXT(2) 
PARAMETRIC_REPRESENTATION_CONTEXT() REPRESENTATION_CONTEXT('2D SPACE',''
  ) );
#2600 = PCURVE('',#2601,#2606);
#2601 = PLANE('',#2602);
#2602 = AXIS2_PLACEMENT_3D('',#2603,#2604,#2605);
#2603 = CARTESIAN_POINT('',(4.83,-2.68,3.4));
#2604 = DIRECTION('',(-1.,0.,0.));
#2605 = DIRECTION('',(0.,1.,0.));
#2606 = DEFINITIONAL_REPRESENTATION('',(#2607),#2610);
#2607 = B_SPLINE_CURVE_WITH_KNOTS('',1,(#2608,#2609),.UNSPECIFIED.,.F.,
  .F.,(2,2),(-1.02,1.34),.PIECEWISE_BEZIER_KNOTS.);
#2608 = CARTESIAN_POINT('',(2.36,-0.6));
#2609 = CARTESIAN_POINT('',(0.,-0.6));
#2610 = ( GEOMETRIC_REPRESENTATION_CONTEXT(2) 
PARAMETRIC_REPRESENTATION_CONTEXT() REPRESENTATION_CONTEXT('2D SPACE',''
  ) );
#2611 = ORIENTED_EDGE('',*,*,#2612,.F.);
#2612 = EDGE_CURVE('',#2613,#2587,#2615,.T.);
#2613 = VERTEX_POINT('',#2614);
#2614 = CARTESIAN_POINT('',(1.55,-0.32,4.));
#2615 = SURFACE_CURVE('',#2616,(#2620,#2626),.PCURVE_S1.);
#2616 = LINE('',#2617,#2618);
#2617 = CARTESIAN_POINT('',(2.415,-0.32,4.));
#2618 = VECTOR('',#2619,1.);
#2619 = DIRECTION('',(1.,0.,-0.));
#2620 = PCURVE('',#72,#2621);
#2621 = DEFINITIONAL_REPRESENTATION('',(#2622),#2625);
#2622 = B_SPLINE_CURVE_WITH_KNOTS('',1,(#2623,#2624),.UNSPECIFIED.,.F.,
  .F.,(2,2),(-0.865,2.415),.PIECEWISE_BEZIER_KNOTS.);
#2623 = CARTESIAN_POINT('',(1.55,-0.32));
#2624 = CARTESIAN_POINT('',(4.83,-0.32));
#2625 = ( GEOMETRIC_REPRESENTATION_CONTEXT(2) 
PARAMETRIC_REPRESENTATION_CONTEXT() REPRESENTATION_CONTEXT('2D SPACE',''
  ) );
#2626 = PCURVE('',#2627,#2632);
#2627 = PLANE('',#2628);
#2628 = AXIS2_PLACEMENT_3D('',#2629,#2630,#2631);
#2629 = CARTESIAN_POINT('',(4.83,-0.32,3.4));
#2630 = DIRECTION('',(0.,-1.,0.));
#2631 = DIRECTION('',(-1.,0.,0.));
#2632 = DEFINITIONAL_REPRESENTATION('',(#2633),#2636);
#2633 = B_SPLINE_CURVE_WITH_KNOTS('',1,(#2634,#2635),.UNSPECIFIED.,.F.,
  .F.,(2,2),(-0.865,2.415),.PIECEWISE_BEZIER_KNOTS.);
#2634 = CARTESIAN_POINT('',(3.28,-0.6));
#2635 = CARTESIAN_POINT('',(0.,-0.6));
#2636 = ( GEOMETRIC_REPRESENTATION_CONTEXT(2) 
PARAMETRIC_REPRESENTATION_CONTEXT() REPRESENTATION_CONTEXT('2D SPACE',''
  ) );
#2637 = ORIENTED_EDGE('',*,*,#2638,.F.);
#2638 = EDGE_CURVE('',#2639,#2613,#2641,.T.);
#2639 = VERTEX_POINT('',#2640);
#2640 = CARTESIAN_POINT('',(1.55,0.,4.));
#2641 = SURFACE_CURVE('',#2642,(#2646,#2652),.PCURVE_S1.);
#2642 = LINE('',#2643,#2644);
#2643 = CARTESIAN_POINT('',(1.55,-0.16,4.));
#2644 = VECTOR('',#2645,1.);
#2645 = DIRECTION('',(0.,-1.,0.));
#2646 = PCURVE('',#72,#2647);
#2647 = DEFINITIONAL_REPRESENTATION('',(#2648),#2651);
#2648 = B_SPLINE_CURVE_WITH_KNOTS('',1,(#2649,#2650),.UNSPECIFIED.,.F.,
  .F.,(2,2),(-0.16,0.16),.PIECEWISE_BEZIER_KNOTS.);
#2649 = CARTESIAN_POINT('',(1.55,0.));
#2650 = CARTESIAN_POINT('',(1.55,-0.32));
#2651 = ( GEOMETRIC_REPRESENTATION_CONTEXT(2) 
PARAMETRIC_REPRESENTATION_CONTEXT() REPRESENTATION_CONTEXT('2D SPACE',''
  ) );
#2652 = PCURVE('',#2653,#2658);
#2653 = PLANE('',#2654);
#2654 = AXIS2_PLACEMENT_3D('',#2655,#2656,#2657);
#2655 = CARTESIAN_POINT('',(1.55,-0.32,3.4));
#2656 = DIRECTION('',(-1.,0.,0.));
#2657 = DIRECTION('',(0.,1.,0.));
#2658 = DEFINITIONAL_REPRESENTATION('',(#2659),#2662);
#2659 = B_SPLINE_CURVE_WITH_KNOTS('',1,(#2660,#2661),.UNSPECIFIED.,.F.,
  .F.,(2,2),(-0.16,0.16),.PIECEWISE_BEZIER_KNOTS.);
#2660 = CARTESIAN_POINT('',(0.32,-0.6));
#2661 = CARTESIAN_POINT('',(0.,-0.6));
#2662 = ( GEOMETRIC_REPRESENTATION_CONTEXT(2) 
PARAMETRIC_REPRESENTATION_CONTEXT() REPRESENTATION_CONTEXT('2D SPACE',''
  ) );
#2663 = ORIENTED_EDGE('',*,*,#2664,.F.);
#2664 = EDGE_CURVE('',#2665,#2639,#2667,.T.);
#2665 = VERTEX_POINT('',#2666);
#2666 = CARTESIAN_POINT('',(1.23,0.,4.));
#2667 = SURFACE_CURVE('',#2668,(#2672,#2678),.PCURVE_S1.);
#2668 = LINE('',#2669,#2670);
#2669 = CARTESIAN_POINT('',(0.775,0.,4.));
#2670 = VECTOR('',#2671,1.);
#2671 = DIRECTION('',(1.,0.,-0.));
#2672 = PCURVE('',#72,#2673);
#2673 = DEFINITIONAL_REPRESENTATION('',(#2674),#2677);
#2674 = B_SPLINE_CURVE_WITH_KNOTS('',1,(#2675,#2676),.UNSPECIFIED.,.F.,
  .F.,(2,2),(0.455,0.775),.PIECEWISE_BEZIER_KNOTS.);
#2675 = CARTESIAN_POINT('',(1.23,0.));
#2676 = CARTESIAN_POINT('',(1.55,0.));
#2677 = ( GEOMETRIC_REPRESENTATION_CONTEXT(2) 
PARAMETRIC_REPRESENTATION_CONTEXT() REPRESENTATION_CONTEXT('2D SPACE',''
  ) );
#2678 = PCURVE('',#2679,#2684);
#2679 = PLANE('',#2680);
#2680 = AXIS2_PLACEMENT_3D('',#2681,#2682,#2683);
#2681 = CARTESIAN_POINT('',(1.55,0.,3.4));
#2682 = DIRECTION('',(0.,-1.,0.));
#2683 = DIRECTION('',(-1.,0.,0.));
#2684 = DEFINITIONAL_REPRESENTATION('',(#2685),#2688);
#2685 = B_SPLINE_CURVE_WITH_KNOTS('',1,(#2686,#2687),.UNSPECIFIED.,.F.,
  .F.,(2,2),(0.455,0.775),.PIECEWISE_BEZIER_KNOTS.);
#2686 = CARTESIAN_POINT('',(0.32,-0.6));
#2687 = CARTESIAN_POINT('',(0.,-0.6));
#2688 = ( GEOMETRIC_REPRESENTATION_CONTEXT(2) 
PARAMETRIC_REPRESENTATION_CONTEXT() REPRESENTATION_CONTEXT('2D SPACE',''
  ) );
#2689 = ORIENTED_EDGE('',*,*,#2690,.F.);
#2690 = EDGE_CURVE('',#2691,#2665,#2693,.T.);
#2691 = VERTEX_POINT('',#2692);
#2692 = CARTESIAN_POINT('',(1.23,3.,4.));
#2693 = SURFACE_CURVE('',#2694,(#2698,#2704),.PCURVE_S1.);
#2694 = LINE('',#2695,#2696);
#2695 = CARTESIAN_POINT('',(1.23,0.,4.));
#2696 = VECTOR('',#2697,1.);
#2697 = DIRECTION('',(0.,-1.,0.));
#2698 = PCURVE('',#72,#2699);
#2699 = DEFINITIONAL_REPRESENTATION('',(#2700),#2703);
#2700 = B_SPLINE_CURVE_WITH_KNOTS('',1,(#2701,#2702),.UNSPECIFIED.,.F.,
  .F.,(2,2),(-3.,0.),.PIECEWISE_BEZIER_KNOTS.);
#2701 = CARTESIAN_POINT('',(1.23,3.));
#2702 = CARTESIAN_POINT('',(1.23,0.));
#2703 = ( GEOMETRIC_REPRESENTATION_CONTEXT(2) 
PARAMETRIC_REPRESENTATION_CONTEXT() REPRESENTATION_CONTEXT('2D SPACE',''
  ) );
#2704 = PCURVE('',#2705,#2710);
#2705 = PLANE('',#2706);
#2706 = AXIS2_PLACEMENT_3D('',#2707,#2708,#2709);
#2707 = CARTESIAN_POINT('',(1.23,0.,3.4));
#2708 = DIRECTION('',(-1.,0.,0.));
#2709 = DIRECTION('',(0.,1.,0.));
#2710 = DEFINITIONAL_REPRESENTATION('',(#2711),#2714);
#2711 = B_SPLINE_CURVE_WITH_KNOTS('',1,(#2712,#2713),.UNSPECIFIED.,.F.,
  .F.,(2,2),(-3.,0.),.PIECEWISE_BEZIER_KNOTS.);
#2712 = CARTESIAN_POINT('',(3.,-0.6));
#2713 = CARTESIAN_POINT('',(0.,-0.6));
#2714 = ( GEOMETRIC_REPRESENTATION_CONTEXT(2) 
PARAMETRIC_REPRESENTATION_CONTEXT() REPRESENTATION_CONTEXT('2D SPACE',''
  ) );
#2715 = ORIENTED_EDGE('',*,*,#2716,.F.);
#2716 = EDGE_CURVE('',#2325,#2691,#2717,.T.);
#2717 = SURFACE_CURVE('',#2718,(#2722,#2728),.PCURVE_S1.);
#2718 = LINE('',#2719,#2720);
#2719 = CARTESIAN_POINT('',(0.615,3.,4.));
#2720 = VECTOR('',#2721,1.);
#2721 = DIRECTION('',(-1.,0.,0.));
#2722 = PCURVE('',#72,#2723);
#2723 = DEFINITIONAL_REPRESENTATION('',(#2724),#2727);
#2724 = B_SPLINE_CURVE_WITH_KNOTS('',1,(#2725,#2726),.UNSPECIFIED.,.F.,
  .F.,(2,2),(-0.935,-0.615),.PIECEWISE_BEZIER_KNOTS.);
#2725 = CARTESIAN_POINT('',(1.55,3.));
#2726 = CARTESIAN_POINT('',(1.23,3.));
#2727 = ( GEOMETRIC_REPRESENTATION_CONTEXT(2) 
PARAMETRIC_REPRESENTATION_CONTEXT() REPRESENTATION_CONTEXT('2D SPACE',''
  ) );
#2728 = PCURVE('',#2729,#2734);
#2729 = PLANE('',#2730);
#2730 = AXIS2_PLACEMENT_3D('',#2731,#2732,#2733);
#2731 = CARTESIAN_POINT('',(1.23,3.,3.4));
#2732 = DIRECTION('',(0.,1.,0.));
#2733 = DIRECTION('',(1.,0.,0.));
#2734 = DEFINITIONAL_REPRESENTATION('',(#2735),#2738);
#2735 = B_SPLINE_CURVE_WITH_KNOTS('',1,(#2736,#2737),.UNSPECIFIED.,.F.,
  .F.,(2,2),(-0.935,-0.615),.PIECEWISE_BEZIER_KNOTS.);
#2736 = CARTESIAN_POINT('',(0.32,-0.6));
#2737 = CARTESIAN_POINT('',(0.,-0.6));
#2738 = ( GEOMETRIC_REPRESENTATION_CONTEXT(2) 
PARAMETRIC_REPRESENTATION_CONTEXT() REPRESENTATION_CONTEXT('2D SPACE',''
  ) );
#2739 = FACE_BOUND('',#2740,.T.);
#2740 = EDGE_LOOP('',(#2741,#2776,#2804,#2837));
#2741 = ORIENTED_EDGE('',*,*,#2742,.T.);
#2742 = EDGE_CURVE('',#2743,#2745,#2747,.T.);
#2743 = VERTEX_POINT('',#2744);
#2744 = CARTESIAN_POINT('',(2.45,15.,4.));
#2745 = VERTEX_POINT('',#2746);
#2746 = CARTESIAN_POINT('',(-2.45,15.,4.));
#2747 = SURFACE_CURVE('',#2748,(#2753,#2764),.PCURVE_S1.);
#2748 = CIRCLE('',#2749,2.45);
#2749 = AXIS2_PLACEMENT_3D('',#2750,#2751,#2752);
#2750 = CARTESIAN_POINT('',(-5.551115123126E-16,15.,4.));
#2751 = DIRECTION('',(-0.,0.,-1.));
#2752 = DIRECTION('',(1.,-4.735441064218E-16,-0.));
#2753 = PCURVE('',#72,#2754);
#2754 = DEFINITIONAL_REPRESENTATION('',(#2755),#2763);
#2755 = ( BOUNDED_CURVE() B_SPLINE_CURVE(2,(#2756,#2757,#2758,#2759,
#2760,#2761,#2762),.UNSPECIFIED.,.T.,.F.) B_SPLINE_CURVE_WITH_KNOTS((1,2
    ,2,2,2,1),(-2.094395102393,0.,2.094395102393,4.188790204786,
6.28318530718,8.377580409573),.UNSPECIFIED.) CURVE() 
GEOMETRIC_REPRESENTATION_ITEM() RATIONAL_B_SPLINE_CURVE((1.,0.5,1.,0.5,
1.,0.5,1.)) REPRESENTATION_ITEM('') );
#2756 = CARTESIAN_POINT('',(2.45,15.));
#2757 = CARTESIAN_POINT('',(2.45,10.756475521456));
#2758 = CARTESIAN_POINT('',(-1.225,12.878237760728));
#2759 = CARTESIAN_POINT('',(-4.9,15.));
#2760 = CARTESIAN_POINT('',(-1.225,17.121762239272));
#2761 = CARTESIAN_POINT('',(2.45,19.243524478544));
#2762 = CARTESIAN_POINT('',(2.45,15.));
#2763 = ( GEOMETRIC_REPRESENTATION_CONTEXT(2) 
PARAMETRIC_REPRESENTATION_CONTEXT() REPRESENTATION_CONTEXT('2D SPACE',''
  ) );
#2764 = PCURVE('',#2765,#2770);
#2765 = CYLINDRICAL_SURFACE('',#2766,2.45);
#2766 = AXIS2_PLACEMENT_3D('',#2767,#2768,#2769);
#2767 = CARTESIAN_POINT('',(-5.551115123126E-16,15.,4.));
#2768 = DIRECTION('',(-0.,0.,-1.));
#2769 = DIRECTION('',(1.,-4.735441064218E-16,-0.));
#2770 = DEFINITIONAL_REPRESENTATION('',(#2771),#2775);
#2771 = LINE('',#2772,#2773);
#2772 = CARTESIAN_POINT('',(0.,0.));
#2773 = VECTOR('',#2774,1.);
#2774 = DIRECTION('',(1.,0.));
#2775 = ( GEOMETRIC_REPRESENTATION_CONTEXT(2) 
PARAMETRIC_REPRESENTATION_CONTEXT() REPRESENTATION_CONTEXT('2D SPACE',''
  ) );
#2776 = ORIENTED_EDGE('',*,*,#2777,.T.);
#2777 = EDGE_CURVE('',#2745,#2778,#2780,.T.);
#2778 = VERTEX_POINT('',#2779);
#2779 = CARTESIAN_POINT('',(-2.45,25.,4.));
#2780 = SURFACE_CURVE('',#2781,(#2785,#2792),.PCURVE_S1.);
#2781 = LINE('',#2782,#2783);
#2782 = CARTESIAN_POINT('',(-2.45,15.,4.));
#2783 = VECTOR('',#2784,1.);
#2784 = DIRECTION('',(1.110223024625E-16,1.,0.));
#2785 = PCURVE('',#72,#2786);
#2786 = DEFINITIONAL_REPRESENTATION('',(#2787),#2791);
#2787 = LINE('',#2788,#2789);
#2788 = CARTESIAN_POINT('',(-2.45,15.));
#2789 = VECTOR('',#2790,1.);
#2790 = DIRECTION('',(1.110223024625E-16,1.));
#2791 = ( GEOMETRIC_REPRESENTATION_CONTEXT(2) 
PARAMETRIC_REPRESENTATION_CONTEXT() REPRESENTATION_CONTEXT('2D SPACE',''
  ) );
#2792 = PCURVE('',#2793,#2798);
#2793 = PLANE('',#2794);
#2794 = AXIS2_PLACEMENT_3D('',#2795,#2796,#2797);
#2795 = CARTESIAN_POINT('',(-2.45,15.,4.));
#2796 = DIRECTION('',(-1.,1.110223024625E-16,0.));
#2797 = DIRECTION('',(1.110223024625E-16,1.,0.));
#2798 = DEFINITIONAL_REPRESENTATION('',(#2799),#2803);
#2799 = LINE('',#2800,#2801);
#2800 = CARTESIAN_POINT('',(0.,0.));
#2801 = VECTOR('',#2802,1.);
#2802 = DIRECTION('',(1.,0.));
#2803 = ( GEOMETRIC_REPRESENTATION_CONTEXT(2) 
PARAMETRIC_REPRESENTATION_CONTEXT() REPRESENTATION_CONTEXT('2D SPACE',''
  ) );
#2804 = ORIENTED_EDGE('',*,*,#2805,.T.);
#2805 = EDGE_CURVE('',#2778,#2806,#2808,.T.);
#2806 = VERTEX_POINT('',#2807);
#2807 = CARTESIAN_POINT('',(2.45,25.,4.));
#2808 = SURFACE_CURVE('',#2809,(#2814,#2825),.PCURVE_S1.);
#2809 = CIRCLE('',#2810,2.45);
#2810 = AXIS2_PLACEMENT_3D('',#2811,#2812,#2813);
#2811 = CARTESIAN_POINT('',(5.551115123126E-16,25.,4.));
#2812 = DIRECTION('',(0.,0.,-1.));
#2813 = DIRECTION('',(-1.,4.735441064218E-16,0.));
#2814 = PCURVE('',#72,#2815);
#2815 = DEFINITIONAL_REPRESENTATION('',(#2816),#2824);
#2816 = ( BOUNDED_CURVE() B_SPLINE_CURVE(2,(#2817,#2818,#2819,#2820,
#2821,#2822,#2823),.UNSPECIFIED.,.T.,.F.) B_SPLINE_CURVE_WITH_KNOTS((1,2
    ,2,2,2,1),(-2.094395102393,0.,2.094395102393,4.188790204786,
6.28318530718,8.377580409573),.UNSPECIFIED.) CURVE() 
GEOMETRIC_REPRESENTATION_ITEM() RATIONAL_B_SPLINE_CURVE((1.,0.5,1.,0.5,
1.,0.5,1.)) REPRESENTATION_ITEM('') );
#2817 = CARTESIAN_POINT('',(-2.45,25.));
#2818 = CARTESIAN_POINT('',(-2.45,29.243524478544));
#2819 = CARTESIAN_POINT('',(1.225,27.121762239272));
#2820 = CARTESIAN_POINT('',(4.9,25.));
#2821 = CARTESIAN_POINT('',(1.225,22.878237760728));
#2822 = CARTESIAN_POINT('',(-2.45,20.756475521456));
#2823 = CARTESIAN_POINT('',(-2.45,25.));
#2824 = ( GEOMETRIC_REPRESENTATION_CONTEXT(2) 
PARAMETRIC_REPRESENTATION_CONTEXT() REPRESENTATION_CONTEXT('2D SPACE',''
  ) );
#2825 = PCURVE('',#2826,#2831);
#2826 = CYLINDRICAL_SURFACE('',#2827,2.45);
#2827 = AXIS2_PLACEMENT_3D('',#2828,#2829,#2830);
#2828 = CARTESIAN_POINT('',(5.551115123126E-16,25.,4.));
#2829 = DIRECTION('',(0.,0.,-1.));
#2830 = DIRECTION('',(-1.,4.735441064218E-16,0.));
#2831 = DEFINITIONAL_REPRESENTATION('',(#2832),#2836);
#2832 = LINE('',#2833,#2834);
#2833 = CARTESIAN_POINT('',(0.,0.));
#2834 = VECTOR('',#2835,1.);
#2835 = DIRECTION('',(1.,0.));
#2836 = ( GEOMETRIC_REPRESENTATION_CONTEXT(2) 
PARAMETRIC_REPRESENTATION_CONTEXT() REPRESENTATION_CONTEXT('2D SPACE',''
  ) );
#2837 = ORIENTED_EDGE('',*,*,#2838,.T.);
#2838 = EDGE_CURVE('',#2806,#2743,#2839,.T.);
#2839 = SURFACE_CURVE('',#2840,(#2844,#2851),.PCURVE_S1.);
#2840 = LINE('',#2841,#2842);
#2841 = CARTESIAN_POINT('',(2.45,25.,4.));
#2842 = VECTOR('',#2843,1.);
#2843 = DIRECTION('',(-1.110223024625E-16,-1.,0.));
#2844 = PCURVE('',#72,#2845);
#2845 = DEFINITIONAL_REPRESENTATION('',(#2846),#2850);
#2846 = LINE('',#2847,#2848);
#2847 = CARTESIAN_POINT('',(2.45,25.));
#2848 = VECTOR('',#2849,1.);
#2849 = DIRECTION('',(-1.110223024625E-16,-1.));
#2850 = ( GEOMETRIC_REPRESENTATION_CONTEXT(2) 
PARAMETRIC_REPRESENTATION_CONTEXT() REPRESENTATION_CONTEXT('2D SPACE',''
  ) );
#2851 = PCURVE('',#2852,#2857);
#2852 = PLANE('',#2853);
#2853 = AXIS2_PLACEMENT_3D('',#2854,#2855,#2856);
#2854 = CARTESIAN_POINT('',(2.45,25.,4.));
#2855 = DIRECTION('',(1.,-1.110223024625E-16,0.));
#2856 = DIRECTION('',(-1.110223024625E-16,-1.,0.));
#2857 = DEFINITIONAL_REPRESENTATION('',(#2858),#2862);
#2858 = LINE('',#2859,#2860);
#2859 = CARTESIAN_POINT('',(0.,0.));
#2860 = VECTOR('',#2861,1.);
#2861 = DIRECTION('',(1.,0.));
#2862 = ( GEOMETRIC_REPRESENTATION_CONTEXT(2) 
PARAMETRIC_REPRESENTATION_CONTEXT() REPRESENTATION_CONTEXT('2D SPACE',''
  ) );
#2863 = ADVANCED_FACE('',(#2864),#2852,.T.);
#2864 = FACE_BOUND('',#2865,.T.);
#2865 = EDGE_LOOP('',(#2866,#2889,#2917,#2938));
#2866 = ORIENTED_EDGE('',*,*,#2867,.T.);
#2867 = EDGE_CURVE('',#2806,#2868,#2870,.T.);
#2868 = VERTEX_POINT('',#2869);
#2869 = CARTESIAN_POINT('',(2.45,25.,7.1));
#2870 = SURFACE_CURVE('',#2871,(#2875,#2882),.PCURVE_S1.);
#2871 = LINE('',#2872,#2873);
#2872 = CARTESIAN_POINT('',(2.45,25.,4.));
#2873 = VECTOR('',#2874,1.);
#2874 = DIRECTION('',(0.,0.,1.));
#2875 = PCURVE('',#2852,#2876);
#2876 = DEFINITIONAL_REPRESENTATION('',(#2877),#2881);
#2877 = LINE('',#2878,#2879);
#2878 = CARTESIAN_POINT('',(0.,0.));
#2879 = VECTOR('',#2880,1.);
#2880 = DIRECTION('',(0.,-1.));
#2881 = ( GEOMETRIC_REPRESENTATION_CONTEXT(2) 
PARAMETRIC_REPRESENTATION_CONTEXT() REPRESENTATION_CONTEXT('2D SPACE',''
  ) );
#2882 = PCURVE('',#2826,#2883);
#2883 = DEFINITIONAL_REPRESENTATION('',(#2884),#2888);
#2884 = LINE('',#2885,#2886);
#2885 = CARTESIAN_POINT('',(3.14159265359,0.));
#2886 = VECTOR('',#2887,1.);
#2887 = DIRECTION('',(0.,-1.));
#2888 = ( GEOMETRIC_REPRESENTATION_CONTEXT(2) 
PARAMETRIC_REPRESENTATION_CONTEXT() REPRESENTATION_CONTEXT('2D SPACE',''
  ) );
#2889 = ORIENTED_EDGE('',*,*,#2890,.T.);
#2890 = EDGE_CURVE('',#2868,#2891,#2893,.T.);
#2891 = VERTEX_POINT('',#2892);
#2892 = CARTESIAN_POINT('',(2.45,15.,7.1));
#2893 = SURFACE_CURVE('',#2894,(#2898,#2905),.PCURVE_S1.);
#2894 = LINE('',#2895,#2896);
#2895 = CARTESIAN_POINT('',(2.45,25.,7.1));
#2896 = VECTOR('',#2897,1.);
#2897 = DIRECTION('',(-1.110223024625E-16,-1.,0.));
#2898 = PCURVE('',#2852,#2899);
#2899 = DEFINITIONAL_REPRESENTATION('',(#2900),#2904);
#2900 = LINE('',#2901,#2902);
#2901 = CARTESIAN_POINT('',(0.,-3.1));
#2902 = VECTOR('',#2903,1.);
#2903 = DIRECTION('',(1.,0.));
#2904 = ( GEOMETRIC_REPRESENTATION_CONTEXT(2) 
PARAMETRIC_REPRESENTATION_CONTEXT() REPRESENTATION_CONTEXT('2D SPACE',''
  ) );
#2905 = PCURVE('',#2906,#2911);
#2906 = PLANE('',#2907);
#2907 = AXIS2_PLACEMENT_3D('',#2908,#2909,#2910);
#2908 = CARTESIAN_POINT('',(2.25,25.,7.3));
#2909 = DIRECTION('',(-0.707106781187,6.325793995022E-17,-0.707106781187
    ));
#2910 = DIRECTION('',(-1.002412695339E-16,-1.,1.078103292857E-17));
#2911 = DEFINITIONAL_REPRESENTATION('',(#2912),#2916);
#2912 = LINE('',#2913,#2914);
#2913 = CARTESIAN_POINT('',(-2.22044604925E-17,-0.282842712475));
#2914 = VECTOR('',#2915,1.);
#2915 = DIRECTION('',(1.,3.316262140956E-33));
#2916 = ( GEOMETRIC_REPRESENTATION_CONTEXT(2) 
PARAMETRIC_REPRESENTATION_CONTEXT() REPRESENTATION_CONTEXT('2D SPACE',''
  ) );
#2917 = ORIENTED_EDGE('',*,*,#2918,.F.);
#2918 = EDGE_CURVE('',#2743,#2891,#2919,.T.);
#2919 = SURFACE_CURVE('',#2920,(#2924,#2931),.PCURVE_S1.);
#2920 = LINE('',#2921,#2922);
#2921 = CARTESIAN_POINT('',(2.45,15.,4.));
#2922 = VECTOR('',#2923,1.);
#2923 = DIRECTION('',(0.,0.,1.));
#2924 = PCURVE('',#2852,#2925);
#2925 = DEFINITIONAL_REPRESENTATION('',(#2926),#2930);
#2926 = LINE('',#2927,#2928);
#2927 = CARTESIAN_POINT('',(10.,0.));
#2928 = VECTOR('',#2929,1.);
#2929 = DIRECTION('',(0.,-1.));
#2930 = ( GEOMETRIC_REPRESENTATION_CONTEXT(2) 
PARAMETRIC_REPRESENTATION_CONTEXT() REPRESENTATION_CONTEXT('2D SPACE',''
  ) );
#2931 = PCURVE('',#2765,#2932);
#2932 = DEFINITIONAL_REPRESENTATION('',(#2933),#2937);
#2933 = LINE('',#2934,#2935);
#2934 = CARTESIAN_POINT('',(0.,0.));
#2935 = VECTOR('',#2936,1.);
#2936 = DIRECTION('',(0.,-1.));
#2937 = ( GEOMETRIC_REPRESENTATION_CONTEXT(2) 
PARAMETRIC_REPRESENTATION_CONTEXT() REPRESENTATION_CONTEXT('2D SPACE',''
  ) );
#2938 = ORIENTED_EDGE('',*,*,#2838,.F.);
#2939 = ADVANCED_FACE('',(#2940),#2906,.F.);
#2940 = FACE_BOUND('',#2941,.F.);
#2941 = EDGE_LOOP('',(#2942,#2970,#2971,#2999));
#2942 = ORIENTED_EDGE('',*,*,#2943,.F.);
#2943 = EDGE_CURVE('',#2868,#2944,#2946,.T.);
#2944 = VERTEX_POINT('',#2945);
#2945 = CARTESIAN_POINT('',(2.05,25.,7.5));
#2946 = SURFACE_CURVE('',#2947,(#2951,#2958),.PCURVE_S1.);
#2947 = LINE('',#2948,#2949);
#2948 = CARTESIAN_POINT('',(2.45,25.,7.1));
#2949 = VECTOR('',#2950,1.);
#2950 = DIRECTION('',(-0.707106781187,-4.582909631895E-16,0.707106781187
    ));
#2951 = PCURVE('',#2906,#2952);
#2952 = DEFINITIONAL_REPRESENTATION('',(#2953),#2957);
#2953 = LINE('',#2954,#2955);
#2954 = CARTESIAN_POINT('',(-2.22044604925E-17,-0.282842712475));
#2955 = VECTOR('',#2956,1.);
#2956 = DIRECTION('',(5.367955861237E-16,1.));
#2957 = ( GEOMETRIC_REPRESENTATION_CONTEXT(2) 
PARAMETRIC_REPRESENTATION_CONTEXT() REPRESENTATION_CONTEXT('2D SPACE',''
  ) );
#2958 = PCURVE('',#2959,#2964);
#2959 = CONICAL_SURFACE('',#2960,2.45,0.785398163397);
#2960 = AXIS2_PLACEMENT_3D('',#2961,#2962,#2963);
#2961 = CARTESIAN_POINT('',(5.551115123126E-16,25.,7.1));
#2962 = DIRECTION('',(-0.,0.,-1.));
#2963 = DIRECTION('',(-1.,3.625218039592E-16,0.));
#2964 = DEFINITIONAL_REPRESENTATION('',(#2965),#2969);
#2965 = LINE('',#2966,#2967);
#2966 = CARTESIAN_POINT('',(3.14159265359,-0.));
#2967 = VECTOR('',#2968,1.);
#2968 = DIRECTION('',(0.,-1.));
#2969 = ( GEOMETRIC_REPRESENTATION_CONTEXT(2) 
PARAMETRIC_REPRESENTATION_CONTEXT() REPRESENTATION_CONTEXT('2D SPACE',''
  ) );
#2970 = ORIENTED_EDGE('',*,*,#2890,.T.);
#2971 = ORIENTED_EDGE('',*,*,#2972,.T.);
#2972 = EDGE_CURVE('',#2891,#2973,#2975,.T.);
#2973 = VERTEX_POINT('',#2974);
#2974 = CARTESIAN_POINT('',(2.05,15.,7.5));
#2975 = SURFACE_CURVE('',#2976,(#2980,#2987),.PCURVE_S1.);
#2976 = LINE('',#2977,#2978);
#2977 = CARTESIAN_POINT('',(2.25,15.,7.3));
#2978 = VECTOR('',#2979,1.);
#2979 = DIRECTION('',(-0.707106781187,7.850462293419E-17,0.707106781187)
  );
#2980 = PCURVE('',#2906,#2981);
#2981 = DEFINITIONAL_REPRESENTATION('',(#2982),#2986);
#2982 = LINE('',#2983,#2984);
#2983 = CARTESIAN_POINT('',(10.,-1.570092458684E-16));
#2984 = VECTOR('',#2985,1.);
#2985 = DIRECTION('',(3.316262140956E-33,1.));
#2986 = ( GEOMETRIC_REPRESENTATION_CONTEXT(2) 
PARAMETRIC_REPRESENTATION_CONTEXT() REPRESENTATION_CONTEXT('2D SPACE',''
  ) );
#2987 = PCURVE('',#2988,#2993);
#2988 = CONICAL_SURFACE('',#2989,2.45,0.785398163397);
#2989 = AXIS2_PLACEMENT_3D('',#2990,#2991,#2992);
#2990 = CARTESIAN_POINT('',(-5.551115123126E-16,15.,7.1));
#2991 = DIRECTION('',(-0.,0.,-1.));
#2992 = DIRECTION('',(1.,-3.625218039592E-16,-0.));
#2993 = DEFINITIONAL_REPRESENTATION('',(#2994),#2998);
#2994 = LINE('',#2995,#2996);
#2995 = CARTESIAN_POINT('',(0.,-0.2));
#2996 = VECTOR('',#2997,1.);
#2997 = DIRECTION('',(0.,-1.));
#2998 = ( GEOMETRIC_REPRESENTATION_CONTEXT(2) 
PARAMETRIC_REPRESENTATION_CONTEXT() REPRESENTATION_CONTEXT('2D SPACE',''
  ) );
#2999 = ORIENTED_EDGE('',*,*,#3000,.F.);
#3000 = EDGE_CURVE('',#2944,#2973,#3001,.T.);
#3001 = SURFACE_CURVE('',#3002,(#3006,#3013),.PCURVE_S1.);
#3002 = LINE('',#3003,#3004);
#3003 = CARTESIAN_POINT('',(2.05,25.,7.5));
#3004 = VECTOR('',#3005,1.);
#3005 = DIRECTION('',(-1.110223024625E-16,-1.,0.));
#3006 = PCURVE('',#2906,#3007);
#3007 = DEFINITIONAL_REPRESENTATION('',(#3008),#3012);
#3008 = LINE('',#3009,#3010);
#3009 = CARTESIAN_POINT('',(2.22044604925E-17,0.282842712475));
#3010 = VECTOR('',#3011,1.);
#3011 = DIRECTION('',(1.,3.316262140956E-33));
#3012 = ( GEOMETRIC_REPRESENTATION_CONTEXT(2) 
PARAMETRIC_REPRESENTATION_CONTEXT() REPRESENTATION_CONTEXT('2D SPACE',''
  ) );
#3013 = PCURVE('',#3014,#3019);
#3014 = PLANE('',#3015);
#3015 = AXIS2_PLACEMENT_3D('',#3016,#3017,#3018);
#3016 = CARTESIAN_POINT('',(1.023836795043E-16,20.,7.5));
#3017 = DIRECTION('',(-0.,-0.,-1.));
#3018 = DIRECTION('',(-1.,0.,0.));
#3019 = DEFINITIONAL_REPRESENTATION('',(#3020),#3024);
#3020 = LINE('',#3021,#3022);
#3021 = CARTESIAN_POINT('',(-2.05,5.));
#3022 = VECTOR('',#3023,1.);
#3023 = DIRECTION('',(1.110223024625E-16,-1.));
#3024 = ( GEOMETRIC_REPRESENTATION_CONTEXT(2) 
PARAMETRIC_REPRESENTATION_CONTEXT() REPRESENTATION_CONTEXT('2D SPACE',''
  ) );
#3025 = ADVANCED_FACE('',(#3026),#2988,.T.);
#3026 = FACE_BOUND('',#3027,.F.);
#3027 = EDGE_LOOP('',(#3028,#3029,#3053,#3081));
#3028 = ORIENTED_EDGE('',*,*,#2972,.F.);
#3029 = ORIENTED_EDGE('',*,*,#3030,.T.);
#3030 = EDGE_CURVE('',#2891,#3031,#3033,.T.);
#3031 = VERTEX_POINT('',#3032);
#3032 = CARTESIAN_POINT('',(-2.45,15.,7.1));
#3033 = SURFACE_CURVE('',#3034,(#3039,#3046),.PCURVE_S1.);
#3034 = CIRCLE('',#3035,2.45);
#3035 = AXIS2_PLACEMENT_3D('',#3036,#3037,#3038);
#3036 = CARTESIAN_POINT('',(-5.551115123126E-16,15.,7.1));
#3037 = DIRECTION('',(-0.,0.,-1.));
#3038 = DIRECTION('',(1.,-3.625218039592E-16,-0.));
#3039 = PCURVE('',#2988,#3040);
#3040 = DEFINITIONAL_REPRESENTATION('',(#3041),#3045);
#3041 = LINE('',#3042,#3043);
#3042 = CARTESIAN_POINT('',(0.,-0.));
#3043 = VECTOR('',#3044,1.);
#3044 = DIRECTION('',(1.,-0.));
#3045 = ( GEOMETRIC_REPRESENTATION_CONTEXT(2) 
PARAMETRIC_REPRESENTATION_CONTEXT() REPRESENTATION_CONTEXT('2D SPACE',''
  ) );
#3046 = PCURVE('',#2765,#3047);
#3047 = DEFINITIONAL_REPRESENTATION('',(#3048),#3052);
#3048 = LINE('',#3049,#3050);
#3049 = CARTESIAN_POINT('',(0.,-3.1));
#3050 = VECTOR('',#3051,1.);
#3051 = DIRECTION('',(1.,0.));
#3052 = ( GEOMETRIC_REPRESENTATION_CONTEXT(2) 
PARAMETRIC_REPRESENTATION_CONTEXT() REPRESENTATION_CONTEXT('2D SPACE',''
  ) );
#3053 = ORIENTED_EDGE('',*,*,#3054,.T.);
#3054 = EDGE_CURVE('',#3031,#3055,#3057,.T.);
#3055 = VERTEX_POINT('',#3056);
#3056 = CARTESIAN_POINT('',(-2.05,15.,7.5));
#3057 = SURFACE_CURVE('',#3058,(#3062,#3069),.PCURVE_S1.);
#3058 = LINE('',#3059,#3060);
#3059 = CARTESIAN_POINT('',(-2.25,15.,7.3));
#3060 = VECTOR('',#3061,1.);
#3061 = DIRECTION('',(0.707106781187,-7.850462293419E-17,0.707106781187)
  );
#3062 = PCURVE('',#2988,#3063);
#3063 = DEFINITIONAL_REPRESENTATION('',(#3064),#3068);
#3064 = LINE('',#3065,#3066);
#3065 = CARTESIAN_POINT('',(3.14159265359,-0.2));
#3066 = VECTOR('',#3067,1.);
#3067 = DIRECTION('',(0.,-1.));
#3068 = ( GEOMETRIC_REPRESENTATION_CONTEXT(2) 
PARAMETRIC_REPRESENTATION_CONTEXT() REPRESENTATION_CONTEXT('2D SPACE',''
  ) );
#3069 = PCURVE('',#3070,#3075);
#3070 = PLANE('',#3071);
#3071 = AXIS2_PLACEMENT_3D('',#3072,#3073,#3074);
#3072 = CARTESIAN_POINT('',(-2.25,15.,7.3));
#3073 = DIRECTION('',(0.707106781187,-6.325793995022E-17,-0.707106781187
    ));
#3074 = DIRECTION('',(1.002412695339E-16,1.,1.078103292857E-17));
#3075 = DEFINITIONAL_REPRESENTATION('',(#3076),#3080);
#3076 = LINE('',#3077,#3078);
#3077 = CARTESIAN_POINT('',(0.,0.));
#3078 = VECTOR('',#3079,1.);
#3079 = DIRECTION('',(3.316262140956E-33,1.));
#3080 = ( GEOMETRIC_REPRESENTATION_CONTEXT(2) 
PARAMETRIC_REPRESENTATION_CONTEXT() REPRESENTATION_CONTEXT('2D SPACE',''
  ) );
#3081 = ORIENTED_EDGE('',*,*,#3082,.F.);
#3082 = EDGE_CURVE('',#2973,#3055,#3083,.T.);
#3083 = SURFACE_CURVE('',#3084,(#3089,#3096),.PCURVE_S1.);
#3084 = CIRCLE('',#3085,2.05);
#3085 = AXIS2_PLACEMENT_3D('',#3086,#3087,#3088);
#3086 = CARTESIAN_POINT('',(-5.551115123126E-16,15.,7.5));
#3087 = DIRECTION('',(-0.,0.,-1.));
#3088 = DIRECTION('',(1.,-3.625218039592E-16,-0.));
#3089 = PCURVE('',#2988,#3090);
#3090 = DEFINITIONAL_REPRESENTATION('',(#3091),#3095);
#3091 = LINE('',#3092,#3093);
#3092 = CARTESIAN_POINT('',(0.,-0.4));
#3093 = VECTOR('',#3094,1.);
#3094 = DIRECTION('',(1.,-0.));
#3095 = ( GEOMETRIC_REPRESENTATION_CONTEXT(2) 
PARAMETRIC_REPRESENTATION_CONTEXT() REPRESENTATION_CONTEXT('2D SPACE',''
  ) );
#3096 = PCURVE('',#3014,#3097);
#3097 = DEFINITIONAL_REPRESENTATION('',(#3098),#3102);
#3098 = CIRCLE('',#3099,2.05);
#3099 = AXIS2_PLACEMENT_2D('',#3100,#3101);
#3100 = CARTESIAN_POINT('',(6.574951918169E-16,-5.));
#3101 = DIRECTION('',(-1.,-3.625218039592E-16));
#3102 = ( GEOMETRIC_REPRESENTATION_CONTEXT(2) 
PARAMETRIC_REPRESENTATION_CONTEXT() REPRESENTATION_CONTEXT('2D SPACE',''
  ) );
#3103 = ADVANCED_FACE('',(#3104),#3070,.F.);
#3104 = FACE_BOUND('',#3105,.F.);
#3105 = EDGE_LOOP('',(#3106,#3107,#3130,#3153));
#3106 = ORIENTED_EDGE('',*,*,#3054,.F.);
#3107 = ORIENTED_EDGE('',*,*,#3108,.T.);
#3108 = EDGE_CURVE('',#3031,#3109,#3111,.T.);
#3109 = VERTEX_POINT('',#3110);
#3110 = CARTESIAN_POINT('',(-2.45,25.,7.1));
#3111 = SURFACE_CURVE('',#3112,(#3116,#3123),.PCURVE_S1.);
#3112 = LINE('',#3113,#3114);
#3113 = CARTESIAN_POINT('',(-2.45,15.,7.1));
#3114 = VECTOR('',#3115,1.);
#3115 = DIRECTION('',(1.110223024625E-16,1.,0.));
#3116 = PCURVE('',#3070,#3117);
#3117 = DEFINITIONAL_REPRESENTATION('',(#3118),#3122);
#3118 = LINE('',#3119,#3120);
#3119 = CARTESIAN_POINT('',(-2.22044604925E-17,-0.282842712475));
#3120 = VECTOR('',#3121,1.);
#3121 = DIRECTION('',(1.,3.316262140956E-33));
#3122 = ( GEOMETRIC_REPRESENTATION_CONTEXT(2) 
PARAMETRIC_REPRESENTATION_CONTEXT() REPRESENTATION_CONTEXT('2D SPACE',''
  ) );
#3123 = PCURVE('',#2793,#3124);
#3124 = DEFINITIONAL_REPRESENTATION('',(#3125),#3129);
#3125 = LINE('',#3126,#3127);
#3126 = CARTESIAN_POINT('',(0.,-3.1));
#3127 = VECTOR('',#3128,1.);
#3128 = DIRECTION('',(1.,0.));
#3129 = ( GEOMETRIC_REPRESENTATION_CONTEXT(2) 
PARAMETRIC_REPRESENTATION_CONTEXT() REPRESENTATION_CONTEXT('2D SPACE',''
  ) );
#3130 = ORIENTED_EDGE('',*,*,#3131,.T.);
#3131 = EDGE_CURVE('',#3109,#3132,#3134,.T.);
#3132 = VERTEX_POINT('',#3133);
#3133 = CARTESIAN_POINT('',(-2.05,25.,7.5));
#3134 = SURFACE_CURVE('',#3135,(#3139,#3146),.PCURVE_S1.);
#3135 = LINE('',#3136,#3137);
#3136 = CARTESIAN_POINT('',(-2.25,25.,7.3));
#3137 = VECTOR('',#3138,1.);
#3138 = DIRECTION('',(0.707106781187,-7.850462293419E-17,0.707106781187)
  );
#3139 = PCURVE('',#3070,#3140);
#3140 = DEFINITIONAL_REPRESENTATION('',(#3141),#3145);
#3141 = LINE('',#3142,#3143);
#3142 = CARTESIAN_POINT('',(10.,-1.570092458684E-16));
#3143 = VECTOR('',#3144,1.);
#3144 = DIRECTION('',(3.316262140956E-33,1.));
#3145 = ( GEOMETRIC_REPRESENTATION_CONTEXT(2) 
PARAMETRIC_REPRESENTATION_CONTEXT() REPRESENTATION_CONTEXT('2D SPACE',''
  ) );
#3146 = PCURVE('',#2959,#3147);
#3147 = DEFINITIONAL_REPRESENTATION('',(#3148),#3152);
#3148 = LINE('',#3149,#3150);
#3149 = CARTESIAN_POINT('',(0.,-0.2));
#3150 = VECTOR('',#3151,1.);
#3151 = DIRECTION('',(0.,-1.));
#3152 = ( GEOMETRIC_REPRESENTATION_CONTEXT(2) 
PARAMETRIC_REPRESENTATION_CONTEXT() REPRESENTATION_CONTEXT('2D SPACE',''
  ) );
#3153 = ORIENTED_EDGE('',*,*,#3154,.F.);
#3154 = EDGE_CURVE('',#3055,#3132,#3155,.T.);
#3155 = SURFACE_CURVE('',#3156,(#3160,#3167),.PCURVE_S1.);
#3156 = LINE('',#3157,#3158);
#3157 = CARTESIAN_POINT('',(-2.05,15.,7.5));
#3158 = VECTOR('',#3159,1.);
#3159 = DIRECTION('',(1.110223024625E-16,1.,0.));
#3160 = PCURVE('',#3070,#3161);
#3161 = DEFINITIONAL_REPRESENTATION('',(#3162),#3166);
#3162 = LINE('',#3163,#3164);
#3163 = CARTESIAN_POINT('',(2.22044604925E-17,0.282842712475));
#3164 = VECTOR('',#3165,1.);
#3165 = DIRECTION('',(1.,3.316262140956E-33));
#3166 = ( GEOMETRIC_REPRESENTATION_CONTEXT(2) 
PARAMETRIC_REPRESENTATION_CONTEXT() REPRESENTATION_CONTEXT('2D SPACE',''
  ) );
#3167 = PCURVE('',#3014,#3168);
#3168 = DEFINITIONAL_REPRESENTATION('',(#3169),#3173);
#3169 = LINE('',#3170,#3171);
#3170 = CARTESIAN_POINT('',(2.05,-5.));
#3171 = VECTOR('',#3172,1.);
#3172 = DIRECTION('',(-1.110223024625E-16,1.));
#3173 = ( GEOMETRIC_REPRESENTATION_CONTEXT(2) 
PARAMETRIC_REPRESENTATION_CONTEXT() REPRESENTATION_CONTEXT('2D SPACE',''
  ) );
#3174 = ADVANCED_FACE('',(#3175),#3014,.F.);
#3175 = FACE_BOUND('',#3176,.F.);
#3176 = EDGE_LOOP('',(#3177,#3178,#3200,#3201));
#3177 = ORIENTED_EDGE('',*,*,#3154,.T.);
#3178 = ORIENTED_EDGE('',*,*,#3179,.T.);
#3179 = EDGE_CURVE('',#3132,#2944,#3180,.T.);
#3180 = SURFACE_CURVE('',#3181,(#3186,#3193),.PCURVE_S1.);
#3181 = CIRCLE('',#3182,2.05);
#3182 = AXIS2_PLACEMENT_3D('',#3183,#3184,#3185);
#3183 = CARTESIAN_POINT('',(5.551115123126E-16,25.,7.5));
#3184 = DIRECTION('',(0.,0.,-1.));
#3185 = DIRECTION('',(-1.,3.625218039592E-16,0.));
#3186 = PCURVE('',#3014,#3187);
#3187 = DEFINITIONAL_REPRESENTATION('',(#3188),#3192);
#3188 = CIRCLE('',#3189,2.05);
#3189 = AXIS2_PLACEMENT_2D('',#3190,#3191);
#3190 = CARTESIAN_POINT('',(-4.527278328082E-16,5.));
#3191 = DIRECTION('',(1.,3.625218039592E-16));
#3192 = ( GEOMETRIC_REPRESENTATION_CONTEXT(2) 
PARAMETRIC_REPRESENTATION_CONTEXT() REPRESENTATION_CONTEXT('2D SPACE',''
  ) );
#3193 = PCURVE('',#2959,#3194);
#3194 = DEFINITIONAL_REPRESENTATION('',(#3195),#3199);
#3195 = LINE('',#3196,#3197);
#3196 = CARTESIAN_POINT('',(0.,-0.4));
#3197 = VECTOR('',#3198,1.);
#3198 = DIRECTION('',(1.,-0.));
#3199 = ( GEOMETRIC_REPRESENTATION_CONTEXT(2) 
PARAMETRIC_REPRESENTATION_CONTEXT() REPRESENTATION_CONTEXT('2D SPACE',''
  ) );
#3200 = ORIENTED_EDGE('',*,*,#3000,.T.);
#3201 = ORIENTED_EDGE('',*,*,#3082,.T.);
#3202 = ADVANCED_FACE('',(#3203),#2959,.T.);
#3203 = FACE_BOUND('',#3204,.F.);
#3204 = EDGE_LOOP('',(#3205,#3206,#3228,#3229));
#3205 = ORIENTED_EDGE('',*,*,#3131,.F.);
#3206 = ORIENTED_EDGE('',*,*,#3207,.T.);
#3207 = EDGE_CURVE('',#3109,#2868,#3208,.T.);
#3208 = SURFACE_CURVE('',#3209,(#3214,#3221),.PCURVE_S1.);
#3209 = CIRCLE('',#3210,2.45);
#3210 = AXIS2_PLACEMENT_3D('',#3211,#3212,#3213);
#3211 = CARTESIAN_POINT('',(5.551115123126E-16,25.,7.1));
#3212 = DIRECTION('',(0.,0.,-1.));
#3213 = DIRECTION('',(-1.,3.625218039592E-16,0.));
#3214 = PCURVE('',#2959,#3215);
#3215 = DEFINITIONAL_REPRESENTATION('',(#3216),#3220);
#3216 = LINE('',#3217,#3218);
#3217 = CARTESIAN_POINT('',(0.,-0.));
#3218 = VECTOR('',#3219,1.);
#3219 = DIRECTION('',(1.,-0.));
#3220 = ( GEOMETRIC_REPRESENTATION_CONTEXT(2) 
PARAMETRIC_REPRESENTATION_CONTEXT() REPRESENTATION_CONTEXT('2D SPACE',''
  ) );
#3221 = PCURVE('',#2826,#3222);
#3222 = DEFINITIONAL_REPRESENTATION('',(#3223),#3227);
#3223 = LINE('',#3224,#3225);
#3224 = CARTESIAN_POINT('',(0.,-3.1));
#3225 = VECTOR('',#3226,1.);
#3226 = DIRECTION('',(1.,0.));
#3227 = ( GEOMETRIC_REPRESENTATION_CONTEXT(2) 
PARAMETRIC_REPRESENTATION_CONTEXT() REPRESENTATION_CONTEXT('2D SPACE',''
  ) );
#3228 = ORIENTED_EDGE('',*,*,#2943,.T.);
#3229 = ORIENTED_EDGE('',*,*,#3179,.F.);
#3230 = ADVANCED_FACE('',(#3231),#2826,.T.);
#3231 = FACE_BOUND('',#3232,.T.);
#3232 = EDGE_LOOP('',(#3233,#3254,#3255,#3256));
#3233 = ORIENTED_EDGE('',*,*,#3234,.T.);
#3234 = EDGE_CURVE('',#2778,#3109,#3235,.T.);
#3235 = SURFACE_CURVE('',#3236,(#3240,#3247),.PCURVE_S1.);
#3236 = LINE('',#3237,#3238);
#3237 = CARTESIAN_POINT('',(-2.45,25.,4.));
#3238 = VECTOR('',#3239,1.);
#3239 = DIRECTION('',(0.,0.,1.));
#3240 = PCURVE('',#2826,#3241);
#3241 = DEFINITIONAL_REPRESENTATION('',(#3242),#3246);
#3242 = LINE('',#3243,#3244);
#3243 = CARTESIAN_POINT('',(0.,0.));
#3244 = VECTOR('',#3245,1.);
#3245 = DIRECTION('',(0.,-1.));
#3246 = ( GEOMETRIC_REPRESENTATION_CONTEXT(2) 
PARAMETRIC_REPRESENTATION_CONTEXT() REPRESENTATION_CONTEXT('2D SPACE',''
  ) );
#3247 = PCURVE('',#2793,#3248);
#3248 = DEFINITIONAL_REPRESENTATION('',(#3249),#3253);
#3249 = LINE('',#3250,#3251);
#3250 = CARTESIAN_POINT('',(10.,0.));
#3251 = VECTOR('',#3252,1.);
#3252 = DIRECTION('',(0.,-1.));
#3253 = ( GEOMETRIC_REPRESENTATION_CONTEXT(2) 
PARAMETRIC_REPRESENTATION_CONTEXT() REPRESENTATION_CONTEXT('2D SPACE',''
  ) );
#3254 = ORIENTED_EDGE('',*,*,#3207,.T.);
#3255 = ORIENTED_EDGE('',*,*,#2867,.F.);
#3256 = ORIENTED_EDGE('',*,*,#2805,.F.);
#3257 = ADVANCED_FACE('',(#3258),#2793,.T.);
#3258 = FACE_BOUND('',#3259,.T.);
#3259 = EDGE_LOOP('',(#3260,#3281,#3282,#3283));
#3260 = ORIENTED_EDGE('',*,*,#3261,.T.);
#3261 = EDGE_CURVE('',#2745,#3031,#3262,.T.);
#3262 = SURFACE_CURVE('',#3263,(#3267,#3274),.PCURVE_S1.);
#3263 = LINE('',#3264,#3265);
#3264 = CARTESIAN_POINT('',(-2.45,15.,4.));
#3265 = VECTOR('',#3266,1.);
#3266 = DIRECTION('',(0.,0.,1.));
#3267 = PCURVE('',#2793,#3268);
#3268 = DEFINITIONAL_REPRESENTATION('',(#3269),#3273);
#3269 = LINE('',#3270,#3271);
#3270 = CARTESIAN_POINT('',(0.,0.));
#3271 = VECTOR('',#3272,1.);
#3272 = DIRECTION('',(0.,-1.));
#3273 = ( GEOMETRIC_REPRESENTATION_CONTEXT(2) 
PARAMETRIC_REPRESENTATION_CONTEXT() REPRESENTATION_CONTEXT('2D SPACE',''
  ) );
#3274 = PCURVE('',#2765,#3275);
#3275 = DEFINITIONAL_REPRESENTATION('',(#3276),#3280);
#3276 = LINE('',#3277,#3278);
#3277 = CARTESIAN_POINT('',(3.14159265359,0.));
#3278 = VECTOR('',#3279,1.);
#3279 = DIRECTION('',(0.,-1.));
#3280 = ( GEOMETRIC_REPRESENTATION_CONTEXT(2) 
PARAMETRIC_REPRESENTATION_CONTEXT() REPRESENTATION_CONTEXT('2D SPACE',''
  ) );
#3281 = ORIENTED_EDGE('',*,*,#3108,.T.);
#3282 = ORIENTED_EDGE('',*,*,#3234,.F.);
#3283 = ORIENTED_EDGE('',*,*,#2777,.F.);
#3284 = ADVANCED_FACE('',(#3285),#2765,.T.);
#3285 = FACE_BOUND('',#3286,.T.);
#3286 = EDGE_LOOP('',(#3287,#3288,#3289,#3290));
#3287 = ORIENTED_EDGE('',*,*,#2918,.T.);
#3288 = ORIENTED_EDGE('',*,*,#3030,.T.);
#3289 = ORIENTED_EDGE('',*,*,#3261,.F.);
#3290 = ORIENTED_EDGE('',*,*,#2742,.F.);
#3291 = ADVANCED_FACE('',(#3292),#2729,.F.);
#3292 = FACE_BOUND('',#3293,.F.);
#3293 = EDGE_LOOP('',(#3294,#3324,#3345,#3346));
#3294 = ORIENTED_EDGE('',*,*,#3295,.F.);
#3295 = EDGE_CURVE('',#3296,#3298,#3300,.T.);
#3296 = VERTEX_POINT('',#3297);
#3297 = CARTESIAN_POINT('',(1.23,3.,3.4));
#3298 = VERTEX_POINT('',#3299);
#3299 = CARTESIAN_POINT('',(1.55,3.,3.4));
#3300 = SURFACE_CURVE('',#3301,(#3305,#3312),.PCURVE_S1.);
#3301 = LINE('',#3302,#3303);
#3302 = CARTESIAN_POINT('',(1.23,3.,3.4));
#3303 = VECTOR('',#3304,1.);
#3304 = DIRECTION('',(1.,0.,0.));
#3305 = PCURVE('',#2729,#3306);
#3306 = DEFINITIONAL_REPRESENTATION('',(#3307),#3311);
#3307 = LINE('',#3308,#3309);
#3308 = CARTESIAN_POINT('',(0.,0.));
#3309 = VECTOR('',#3310,1.);
#3310 = DIRECTION('',(1.,0.));
#3311 = ( GEOMETRIC_REPRESENTATION_CONTEXT(2) 
PARAMETRIC_REPRESENTATION_CONTEXT() REPRESENTATION_CONTEXT('2D SPACE',''
  ) );
#3312 = PCURVE('',#3313,#3318);
#3313 = PLANE('',#3314);
#3314 = AXIS2_PLACEMENT_3D('',#3315,#3316,#3317);
#3315 = CARTESIAN_POINT('',(3.620169491525,-0.313559322034,3.4));
#3316 = DIRECTION('',(-0.,-0.,-1.));
#3317 = DIRECTION('',(-1.,0.,0.));
#3318 = DEFINITIONAL_REPRESENTATION('',(#3319),#3323);
#3319 = LINE('',#3320,#3321);
#3320 = CARTESIAN_POINT('',(2.390169491525,3.313559322034));
#3321 = VECTOR('',#3322,1.);
#3322 = DIRECTION('',(-1.,0.));
#3323 = ( GEOMETRIC_REPRESENTATION_CONTEXT(2) 
PARAMETRIC_REPRESENTATION_CONTEXT() REPRESENTATION_CONTEXT('2D SPACE',''
  ) );
#3324 = ORIENTED_EDGE('',*,*,#3325,.T.);
#3325 = EDGE_CURVE('',#3296,#2691,#3326,.T.);
#3326 = SURFACE_CURVE('',#3327,(#3331,#3338),.PCURVE_S1.);
#3327 = LINE('',#3328,#3329);
#3328 = CARTESIAN_POINT('',(1.23,3.,3.4));
#3329 = VECTOR('',#3330,1.);
#3330 = DIRECTION('',(0.,0.,1.));
#3331 = PCURVE('',#2729,#3332);
#3332 = DEFINITIONAL_REPRESENTATION('',(#3333),#3337);
#3333 = LINE('',#3334,#3335);
#3334 = CARTESIAN_POINT('',(0.,0.));
#3335 = VECTOR('',#3336,1.);
#3336 = DIRECTION('',(0.,-1.));
#3337 = ( GEOMETRIC_REPRESENTATION_CONTEXT(2) 
PARAMETRIC_REPRESENTATION_CONTEXT() REPRESENTATION_CONTEXT('2D SPACE',''
  ) );
#3338 = PCURVE('',#2705,#3339);
#3339 = DEFINITIONAL_REPRESENTATION('',(#3340),#3344);
#3340 = LINE('',#3341,#3342);
#3341 = CARTESIAN_POINT('',(3.,0.));
#3342 = VECTOR('',#3343,1.);
#3343 = DIRECTION('',(0.,-1.));
#3344 = ( GEOMETRIC_REPRESENTATION_CONTEXT(2) 
PARAMETRIC_REPRESENTATION_CONTEXT() REPRESENTATION_CONTEXT('2D SPACE',''
  ) );
#3345 = ORIENTED_EDGE('',*,*,#2716,.F.);
#3346 = ORIENTED_EDGE('',*,*,#3347,.F.);
#3347 = EDGE_CURVE('',#3298,#2325,#3348,.T.);
#3348 = SURFACE_CURVE('',#3349,(#3353,#3360),.PCURVE_S1.);
#3349 = LINE('',#3350,#3351);
#3350 = CARTESIAN_POINT('',(1.55,3.,3.4));
#3351 = VECTOR('',#3352,1.);
#3352 = DIRECTION('',(0.,0.,1.));
#3353 = PCURVE('',#2729,#3354);
#3354 = DEFINITIONAL_REPRESENTATION('',(#3355),#3359);
#3355 = LINE('',#3356,#3357);
#3356 = CARTESIAN_POINT('',(0.32,0.));
#3357 = VECTOR('',#3358,1.);
#3358 = DIRECTION('',(0.,-1.));
#3359 = ( GEOMETRIC_REPRESENTATION_CONTEXT(2) 
PARAMETRIC_REPRESENTATION_CONTEXT() REPRESENTATION_CONTEXT('2D SPACE',''
  ) );
#3360 = PCURVE('',#2339,#3361);
#3361 = DEFINITIONAL_REPRESENTATION('',(#3362),#3366);
#3362 = LINE('',#3363,#3364);
#3363 = CARTESIAN_POINT('',(0.,0.));
#3364 = VECTOR('',#3365,1.);
#3365 = DIRECTION('',(0.,-1.));
#3366 = ( GEOMETRIC_REPRESENTATION_CONTEXT(2) 
PARAMETRIC_REPRESENTATION_CONTEXT() REPRESENTATION_CONTEXT('2D SPACE',''
  ) );
#3367 = ADVANCED_FACE('',(#3368,#3714),#3313,.F.);
#3368 = FACE_BOUND('',#3369,.F.);
#3369 = EDGE_LOOP('',(#3370,#3393,#3416,#3439,#3462,#3485,#3508,#3531,
    #3554,#3577,#3600,#3623,#3646,#3669,#3692,#3713));
#3370 = ORIENTED_EDGE('',*,*,#3371,.T.);
#3371 = EDGE_CURVE('',#3298,#3372,#3374,.T.);
#3372 = VERTEX_POINT('',#3373);
#3373 = CARTESIAN_POINT('',(1.55,3.32,3.4));
#3374 = SURFACE_CURVE('',#3375,(#3379,#3386),.PCURVE_S1.);
#3375 = LINE('',#3376,#3377);
#3376 = CARTESIAN_POINT('',(1.55,3.,3.4));
#3377 = VECTOR('',#3378,1.);
#3378 = DIRECTION('',(0.,1.,0.));
#3379 = PCURVE('',#3313,#3380);
#3380 = DEFINITIONAL_REPRESENTATION('',(#3381),#3385);
#3381 = LINE('',#3382,#3383);
#3382 = CARTESIAN_POINT('',(2.070169491525,3.313559322034));
#3383 = VECTOR('',#3384,1.);
#3384 = DIRECTION('',(0.,1.));
#3385 = ( GEOMETRIC_REPRESENTATION_CONTEXT(2) 
PARAMETRIC_REPRESENTATION_CONTEXT() REPRESENTATION_CONTEXT('2D SPACE',''
  ) );
#3386 = PCURVE('',#2339,#3387);
#3387 = DEFINITIONAL_REPRESENTATION('',(#3388),#3392);
#3388 = LINE('',#3389,#3390);
#3389 = CARTESIAN_POINT('',(0.,0.));
#3390 = VECTOR('',#3391,1.);
#3391 = DIRECTION('',(1.,0.));
#3392 = ( GEOMETRIC_REPRESENTATION_CONTEXT(2) 
PARAMETRIC_REPRESENTATION_CONTEXT() REPRESENTATION_CONTEXT('2D SPACE',''
  ) );
#3393 = ORIENTED_EDGE('',*,*,#3394,.T.);
#3394 = EDGE_CURVE('',#3372,#3395,#3397,.T.);
#3395 = VERTEX_POINT('',#3396);
#3396 = CARTESIAN_POINT('',(5.15,3.32,3.4));
#3397 = SURFACE_CURVE('',#3398,(#3402,#3409),.PCURVE_S1.);
#3398 = LINE('',#3399,#3400);
#3399 = CARTESIAN_POINT('',(1.55,3.32,3.4));
#3400 = VECTOR('',#3401,1.);
#3401 = DIRECTION('',(1.,0.,0.));
#3402 = PCURVE('',#3313,#3403);
#3403 = DEFINITIONAL_REPRESENTATION('',(#3404),#3408);
#3404 = LINE('',#3405,#3406);
#3405 = CARTESIAN_POINT('',(2.070169491525,3.633559322034));
#3406 = VECTOR('',#3407,1.);
#3407 = DIRECTION('',(-1.,0.));
#3408 = ( GEOMETRIC_REPRESENTATION_CONTEXT(2) 
PARAMETRIC_REPRESENTATION_CONTEXT() REPRESENTATION_CONTEXT('2D SPACE',''
  ) );
#3409 = PCURVE('',#2365,#3410);
#3410 = DEFINITIONAL_REPRESENTATION('',(#3411),#3415);
#3411 = LINE('',#3412,#3413);
#3412 = CARTESIAN_POINT('',(0.,0.));
#3413 = VECTOR('',#3414,1.);
#3414 = DIRECTION('',(1.,0.));
#3415 = ( GEOMETRIC_REPRESENTATION_CONTEXT(2) 
PARAMETRIC_REPRESENTATION_CONTEXT() REPRESENTATION_CONTEXT('2D SPACE',''
  ) );
#3416 = ORIENTED_EDGE('',*,*,#3417,.T.);
#3417 = EDGE_CURVE('',#3395,#3418,#3420,.T.);
#3418 = VERTEX_POINT('',#3419);
#3419 = CARTESIAN_POINT('',(5.15,3.,3.4));
#3420 = SURFACE_CURVE('',#3421,(#3425,#3432),.PCURVE_S1.);
#3421 = LINE('',#3422,#3423);
#3422 = CARTESIAN_POINT('',(5.15,3.32,3.4));
#3423 = VECTOR('',#3424,1.);
#3424 = DIRECTION('',(0.,-1.,0.));
#3425 = PCURVE('',#3313,#3426);
#3426 = DEFINITIONAL_REPRESENTATION('',(#3427),#3431);
#3427 = LINE('',#3428,#3429);
#3428 = CARTESIAN_POINT('',(-1.529830508475,3.633559322034));
#3429 = VECTOR('',#3430,1.);
#3430 = DIRECTION('',(0.,-1.));
#3431 = ( GEOMETRIC_REPRESENTATION_CONTEXT(2) 
PARAMETRIC_REPRESENTATION_CONTEXT() REPRESENTATION_CONTEXT('2D SPACE',''
  ) );
#3432 = PCURVE('',#2391,#3433);
#3433 = DEFINITIONAL_REPRESENTATION('',(#3434),#3438);
#3434 = LINE('',#3435,#3436);
#3435 = CARTESIAN_POINT('',(0.,0.));
#3436 = VECTOR('',#3437,1.);
#3437 = DIRECTION('',(1.,0.));
#3438 = ( GEOMETRIC_REPRESENTATION_CONTEXT(2) 
PARAMETRIC_REPRESENTATION_CONTEXT() REPRESENTATION_CONTEXT('2D SPACE',''
  ) );
#3439 = ORIENTED_EDGE('',*,*,#3440,.T.);
#3440 = EDGE_CURVE('',#3418,#3441,#3443,.T.);
#3441 = VERTEX_POINT('',#3442);
#3442 = CARTESIAN_POINT('',(5.47,3.,3.4));
#3443 = SURFACE_CURVE('',#3444,(#3448,#3455),.PCURVE_S1.);
#3444 = LINE('',#3445,#3446);
#3445 = CARTESIAN_POINT('',(5.15,3.,3.4));
#3446 = VECTOR('',#3447,1.);
#3447 = DIRECTION('',(1.,0.,0.));
#3448 = PCURVE('',#3313,#3449);
#3449 = DEFINITIONAL_REPRESENTATION('',(#3450),#3454);
#3450 = LINE('',#3451,#3452);
#3451 = CARTESIAN_POINT('',(-1.529830508475,3.313559322034));
#3452 = VECTOR('',#3453,1.);
#3453 = DIRECTION('',(-1.,0.));
#3454 = ( GEOMETRIC_REPRESENTATION_CONTEXT(2) 
PARAMETRIC_REPRESENTATION_CONTEXT() REPRESENTATION_CONTEXT('2D SPACE',''
  ) );
#3455 = PCURVE('',#2417,#3456);
#3456 = DEFINITIONAL_REPRESENTATION('',(#3457),#3461);
#3457 = LINE('',#3458,#3459);
#3458 = CARTESIAN_POINT('',(0.,0.));
#3459 = VECTOR('',#3460,1.);
#3460 = DIRECTION('',(1.,0.));
#3461 = ( GEOMETRIC_REPRESENTATION_CONTEXT(2) 
PARAMETRIC_REPRESENTATION_CONTEXT() REPRESENTATION_CONTEXT('2D SPACE',''
  ) );
#3462 = ORIENTED_EDGE('',*,*,#3463,.T.);
#3463 = EDGE_CURVE('',#3441,#3464,#3466,.T.);
#3464 = VERTEX_POINT('',#3465);
#3465 = CARTESIAN_POINT('',(5.47,-3.,3.4));
#3466 = SURFACE_CURVE('',#3467,(#3471,#3478),.PCURVE_S1.);
#3467 = LINE('',#3468,#3469);
#3468 = CARTESIAN_POINT('',(5.47,3.,3.4));
#3469 = VECTOR('',#3470,1.);
#3470 = DIRECTION('',(0.,-1.,0.));
#3471 = PCURVE('',#3313,#3472);
#3472 = DEFINITIONAL_REPRESENTATION('',(#3473),#3477);
#3473 = LINE('',#3474,#3475);
#3474 = CARTESIAN_POINT('',(-1.849830508475,3.313559322034));
#3475 = VECTOR('',#3476,1.);
#3476 = DIRECTION('',(0.,-1.));
#3477 = ( GEOMETRIC_REPRESENTATION_CONTEXT(2) 
PARAMETRIC_REPRESENTATION_CONTEXT() REPRESENTATION_CONTEXT('2D SPACE',''
  ) );
#3478 = PCURVE('',#2444,#3479);
#3479 = DEFINITIONAL_REPRESENTATION('',(#3480),#3484);
#3480 = LINE('',#3481,#3482);
#3481 = CARTESIAN_POINT('',(-3.,0.));
#3482 = VECTOR('',#3483,1.);
#3483 = DIRECTION('',(1.,0.));
#3484 = ( GEOMETRIC_REPRESENTATION_CONTEXT(2) 
PARAMETRIC_REPRESENTATION_CONTEXT() REPRESENTATION_CONTEXT('2D SPACE',''
  ) );
#3485 = ORIENTED_EDGE('',*,*,#3486,.T.);
#3486 = EDGE_CURVE('',#3464,#3487,#3489,.T.);
#3487 = VERTEX_POINT('',#3488);
#3488 = CARTESIAN_POINT('',(5.15,-3.,3.4));
#3489 = SURFACE_CURVE('',#3490,(#3494,#3501),.PCURVE_S1.);
#3490 = LINE('',#3491,#3492);
#3491 = CARTESIAN_POINT('',(5.47,-3.,3.4));
#3492 = VECTOR('',#3493,1.);
#3493 = DIRECTION('',(-1.,0.,0.));
#3494 = PCURVE('',#3313,#3495);
#3495 = DEFINITIONAL_REPRESENTATION('',(#3496),#3500);
#3496 = LINE('',#3497,#3498);
#3497 = CARTESIAN_POINT('',(-1.849830508475,-2.686440677966));
#3498 = VECTOR('',#3499,1.);
#3499 = DIRECTION('',(1.,0.));
#3500 = ( GEOMETRIC_REPRESENTATION_CONTEXT(2) 
PARAMETRIC_REPRESENTATION_CONTEXT() REPRESENTATION_CONTEXT('2D SPACE',''
  ) );
#3501 = PCURVE('',#2471,#3502);
#3502 = DEFINITIONAL_REPRESENTATION('',(#3503),#3507);
#3503 = LINE('',#3504,#3505);
#3504 = CARTESIAN_POINT('',(0.,-0.));
#3505 = VECTOR('',#3506,1.);
#3506 = DIRECTION('',(1.,0.));
#3507 = ( GEOMETRIC_REPRESENTATION_CONTEXT(2) 
PARAMETRIC_REPRESENTATION_CONTEXT() REPRESENTATION_CONTEXT('2D SPACE',''
  ) );
#3508 = ORIENTED_EDGE('',*,*,#3509,.T.);
#3509 = EDGE_CURVE('',#3487,#3510,#3512,.T.);
#3510 = VERTEX_POINT('',#3511);
#3511 = CARTESIAN_POINT('',(5.15,-3.32,3.4));
#3512 = SURFACE_CURVE('',#3513,(#3517,#3524),.PCURVE_S1.);
#3513 = LINE('',#3514,#3515);
#3514 = CARTESIAN_POINT('',(5.15,-3.,3.4));
#3515 = VECTOR('',#3516,1.);
#3516 = DIRECTION('',(0.,-1.,0.));
#3517 = PCURVE('',#3313,#3518);
#3518 = DEFINITIONAL_REPRESENTATION('',(#3519),#3523);
#3519 = LINE('',#3520,#3521);
#3520 = CARTESIAN_POINT('',(-1.529830508475,-2.686440677966));
#3521 = VECTOR('',#3522,1.);
#3522 = DIRECTION('',(0.,-1.));
#3523 = ( GEOMETRIC_REPRESENTATION_CONTEXT(2) 
PARAMETRIC_REPRESENTATION_CONTEXT() REPRESENTATION_CONTEXT('2D SPACE',''
  ) );
#3524 = PCURVE('',#2497,#3525);
#3525 = DEFINITIONAL_REPRESENTATION('',(#3526),#3530);
#3526 = LINE('',#3527,#3528);
#3527 = CARTESIAN_POINT('',(0.,0.));
#3528 = VECTOR('',#3529,1.);
#3529 = DIRECTION('',(1.,0.));
#3530 = ( GEOMETRIC_REPRESENTATION_CONTEXT(2) 
PARAMETRIC_REPRESENTATION_CONTEXT() REPRESENTATION_CONTEXT('2D SPACE',''
  ) );
#3531 = ORIENTED_EDGE('',*,*,#3532,.T.);
#3532 = EDGE_CURVE('',#3510,#3533,#3535,.T.);
#3533 = VERTEX_POINT('',#3534);
#3534 = CARTESIAN_POINT('',(1.55,-3.32,3.4));
#3535 = SURFACE_CURVE('',#3536,(#3540,#3547),.PCURVE_S1.);
#3536 = LINE('',#3537,#3538);
#3537 = CARTESIAN_POINT('',(5.15,-3.32,3.4));
#3538 = VECTOR('',#3539,1.);
#3539 = DIRECTION('',(-1.,0.,0.));
#3540 = PCURVE('',#3313,#3541);
#3541 = DEFINITIONAL_REPRESENTATION('',(#3542),#3546);
#3542 = LINE('',#3543,#3544);
#3543 = CARTESIAN_POINT('',(-1.529830508475,-3.006440677966));
#3544 = VECTOR('',#3545,1.);
#3545 = DIRECTION('',(1.,0.));
#3546 = ( GEOMETRIC_REPRESENTATION_CONTEXT(2) 
PARAMETRIC_REPRESENTATION_CONTEXT() REPRESENTATION_CONTEXT('2D SPACE',''
  ) );
#3547 = PCURVE('',#2523,#3548);
#3548 = DEFINITIONAL_REPRESENTATION('',(#3549),#3553);
#3549 = LINE('',#3550,#3551);
#3550 = CARTESIAN_POINT('',(0.,-0.));
#3551 = VECTOR('',#3552,1.);
#3552 = DIRECTION('',(1.,0.));
#3553 = ( GEOMETRIC_REPRESENTATION_CONTEXT(2) 
PARAMETRIC_REPRESENTATION_CONTEXT() REPRESENTATION_CONTEXT('2D SPACE',''
  ) );
#3554 = ORIENTED_EDGE('',*,*,#3555,.T.);
#3555 = EDGE_CURVE('',#3533,#3556,#3558,.T.);
#3556 = VERTEX_POINT('',#3557);
#3557 = CARTESIAN_POINT('',(1.55,-2.68,3.4));
#3558 = SURFACE_CURVE('',#3559,(#3563,#3570),.PCURVE_S1.);
#3559 = LINE('',#3560,#3561);
#3560 = CARTESIAN_POINT('',(1.55,-3.32,3.4));
#3561 = VECTOR('',#3562,1.);
#3562 = DIRECTION('',(0.,1.,0.));
#3563 = PCURVE('',#3313,#3564);
#3564 = DEFINITIONAL_REPRESENTATION('',(#3565),#3569);
#3565 = LINE('',#3566,#3567);
#3566 = CARTESIAN_POINT('',(2.070169491525,-3.006440677966));
#3567 = VECTOR('',#3568,1.);
#3568 = DIRECTION('',(0.,1.));
#3569 = ( GEOMETRIC_REPRESENTATION_CONTEXT(2) 
PARAMETRIC_REPRESENTATION_CONTEXT() REPRESENTATION_CONTEXT('2D SPACE',''
  ) );
#3570 = PCURVE('',#2549,#3571);
#3571 = DEFINITIONAL_REPRESENTATION('',(#3572),#3576);
#3572 = LINE('',#3573,#3574);
#3573 = CARTESIAN_POINT('',(0.,0.));
#3574 = VECTOR('',#3575,1.);
#3575 = DIRECTION('',(1.,0.));
#3576 = ( GEOMETRIC_REPRESENTATION_CONTEXT(2) 
PARAMETRIC_REPRESENTATION_CONTEXT() REPRESENTATION_CONTEXT('2D SPACE',''
  ) );
#3577 = ORIENTED_EDGE('',*,*,#3578,.T.);
#3578 = EDGE_CURVE('',#3556,#3579,#3581,.T.);
#3579 = VERTEX_POINT('',#3580);
#3580 = CARTESIAN_POINT('',(4.83,-2.68,3.4));
#3581 = SURFACE_CURVE('',#3582,(#3586,#3593),.PCURVE_S1.);
#3582 = LINE('',#3583,#3584);
#3583 = CARTESIAN_POINT('',(1.55,-2.68,3.4));
#3584 = VECTOR('',#3585,1.);
#3585 = DIRECTION('',(1.,0.,0.));
#3586 = PCURVE('',#3313,#3587);
#3587 = DEFINITIONAL_REPRESENTATION('',(#3588),#3592);
#3588 = LINE('',#3589,#3590);
#3589 = CARTESIAN_POINT('',(2.070169491525,-2.366440677966));
#3590 = VECTOR('',#3591,1.);
#3591 = DIRECTION('',(-1.,0.));
#3592 = ( GEOMETRIC_REPRESENTATION_CONTEXT(2) 
PARAMETRIC_REPRESENTATION_CONTEXT() REPRESENTATION_CONTEXT('2D SPACE',''
  ) );
#3593 = PCURVE('',#2575,#3594);
#3594 = DEFINITIONAL_REPRESENTATION('',(#3595),#3599);
#3595 = LINE('',#3596,#3597);
#3596 = CARTESIAN_POINT('',(0.,0.));
#3597 = VECTOR('',#3598,1.);
#3598 = DIRECTION('',(1.,0.));
#3599 = ( GEOMETRIC_REPRESENTATION_CONTEXT(2) 
PARAMETRIC_REPRESENTATION_CONTEXT() REPRESENTATION_CONTEXT('2D SPACE',''
  ) );
#3600 = ORIENTED_EDGE('',*,*,#3601,.T.);
#3601 = EDGE_CURVE('',#3579,#3602,#3604,.T.);
#3602 = VERTEX_POINT('',#3603);
#3603 = CARTESIAN_POINT('',(4.83,-0.32,3.4));
#3604 = SURFACE_CURVE('',#3605,(#3609,#3616),.PCURVE_S1.);
#3605 = LINE('',#3606,#3607);
#3606 = CARTESIAN_POINT('',(4.83,-2.68,3.4));
#3607 = VECTOR('',#3608,1.);
#3608 = DIRECTION('',(0.,1.,0.));
#3609 = PCURVE('',#3313,#3610);
#3610 = DEFINITIONAL_REPRESENTATION('',(#3611),#3615);
#3611 = LINE('',#3612,#3613);
#3612 = CARTESIAN_POINT('',(-1.209830508475,-2.366440677966));
#3613 = VECTOR('',#3614,1.);
#3614 = DIRECTION('',(0.,1.));
#3615 = ( GEOMETRIC_REPRESENTATION_CONTEXT(2) 
PARAMETRIC_REPRESENTATION_CONTEXT() REPRESENTATION_CONTEXT('2D SPACE',''
  ) );
#3616 = PCURVE('',#2601,#3617);
#3617 = DEFINITIONAL_REPRESENTATION('',(#3618),#3622);
#3618 = LINE('',#3619,#3620);
#3619 = CARTESIAN_POINT('',(0.,0.));
#3620 = VECTOR('',#3621,1.);
#3621 = DIRECTION('',(1.,0.));
#3622 = ( GEOMETRIC_REPRESENTATION_CONTEXT(2) 
PARAMETRIC_REPRESENTATION_CONTEXT() REPRESENTATION_CONTEXT('2D SPACE',''
  ) );
#3623 = ORIENTED_EDGE('',*,*,#3624,.T.);
#3624 = EDGE_CURVE('',#3602,#3625,#3627,.T.);
#3625 = VERTEX_POINT('',#3626);
#3626 = CARTESIAN_POINT('',(1.55,-0.32,3.4));
#3627 = SURFACE_CURVE('',#3628,(#3632,#3639),.PCURVE_S1.);
#3628 = LINE('',#3629,#3630);
#3629 = CARTESIAN_POINT('',(4.83,-0.32,3.4));
#3630 = VECTOR('',#3631,1.);
#3631 = DIRECTION('',(-1.,0.,0.));
#3632 = PCURVE('',#3313,#3633);
#3633 = DEFINITIONAL_REPRESENTATION('',(#3634),#3638);
#3634 = LINE('',#3635,#3636);
#3635 = CARTESIAN_POINT('',(-1.209830508475,-6.440677966102E-03));
#3636 = VECTOR('',#3637,1.);
#3637 = DIRECTION('',(1.,0.));
#3638 = ( GEOMETRIC_REPRESENTATION_CONTEXT(2) 
PARAMETRIC_REPRESENTATION_CONTEXT() REPRESENTATION_CONTEXT('2D SPACE',''
  ) );
#3639 = PCURVE('',#2627,#3640);
#3640 = DEFINITIONAL_REPRESENTATION('',(#3641),#3645);
#3641 = LINE('',#3642,#3643);
#3642 = CARTESIAN_POINT('',(0.,-0.));
#3643 = VECTOR('',#3644,1.);
#3644 = DIRECTION('',(1.,0.));
#3645 = ( GEOMETRIC_REPRESENTATION_CONTEXT(2) 
PARAMETRIC_REPRESENTATION_CONTEXT() REPRESENTATION_CONTEXT('2D SPACE',''
  ) );
#3646 = ORIENTED_EDGE('',*,*,#3647,.T.);
#3647 = EDGE_CURVE('',#3625,#3648,#3650,.T.);
#3648 = VERTEX_POINT('',#3649);
#3649 = CARTESIAN_POINT('',(1.55,0.,3.4));
#3650 = SURFACE_CURVE('',#3651,(#3655,#3662),.PCURVE_S1.);
#3651 = LINE('',#3652,#3653);
#3652 = CARTESIAN_POINT('',(1.55,-0.32,3.4));
#3653 = VECTOR('',#3654,1.);
#3654 = DIRECTION('',(0.,1.,0.));
#3655 = PCURVE('',#3313,#3656);
#3656 = DEFINITIONAL_REPRESENTATION('',(#3657),#3661);
#3657 = LINE('',#3658,#3659);
#3658 = CARTESIAN_POINT('',(2.070169491525,-6.440677966102E-03));
#3659 = VECTOR('',#3660,1.);
#3660 = DIRECTION('',(0.,1.));
#3661 = ( GEOMETRIC_REPRESENTATION_CONTEXT(2) 
PARAMETRIC_REPRESENTATION_CONTEXT() REPRESENTATION_CONTEXT('2D SPACE',''
  ) );
#3662 = PCURVE('',#2653,#3663);
#3663 = DEFINITIONAL_REPRESENTATION('',(#3664),#3668);
#3664 = LINE('',#3665,#3666);
#3665 = CARTESIAN_POINT('',(0.,0.));
#3666 = VECTOR('',#3667,1.);
#3667 = DIRECTION('',(1.,0.));
#3668 = ( GEOMETRIC_REPRESENTATION_CONTEXT(2) 
PARAMETRIC_REPRESENTATION_CONTEXT() REPRESENTATION_CONTEXT('2D SPACE',''
  ) );
#3669 = ORIENTED_EDGE('',*,*,#3670,.T.);
#3670 = EDGE_CURVE('',#3648,#3671,#3673,.T.);
#3671 = VERTEX_POINT('',#3672);
#3672 = CARTESIAN_POINT('',(1.23,0.,3.4));
#3673 = SURFACE_CURVE('',#3674,(#3678,#3685),.PCURVE_S1.);
#3674 = LINE('',#3675,#3676);
#3675 = CARTESIAN_POINT('',(1.55,0.,3.4));
#3676 = VECTOR('',#3677,1.);
#3677 = DIRECTION('',(-1.,0.,0.));
#3678 = PCURVE('',#3313,#3679);
#3679 = DEFINITIONAL_REPRESENTATION('',(#3680),#3684);
#3680 = LINE('',#3681,#3682);
#3681 = CARTESIAN_POINT('',(2.070169491525,0.313559322034));
#3682 = VECTOR('',#3683,1.);
#3683 = DIRECTION('',(1.,0.));
#3684 = ( GEOMETRIC_REPRESENTATION_CONTEXT(2) 
PARAMETRIC_REPRESENTATION_CONTEXT() REPRESENTATION_CONTEXT('2D SPACE',''
  ) );
#3685 = PCURVE('',#2679,#3686);
#3686 = DEFINITIONAL_REPRESENTATION('',(#3687),#3691);
#3687 = LINE('',#3688,#3689);
#3688 = CARTESIAN_POINT('',(0.,-0.));
#3689 = VECTOR('',#3690,1.);
#3690 = DIRECTION('',(1.,0.));
#3691 = ( GEOMETRIC_REPRESENTATION_CONTEXT(2) 
PARAMETRIC_REPRESENTATION_CONTEXT() REPRESENTATION_CONTEXT('2D SPACE',''
  ) );
#3692 = ORIENTED_EDGE('',*,*,#3693,.T.);
#3693 = EDGE_CURVE('',#3671,#3296,#3694,.T.);
#3694 = SURFACE_CURVE('',#3695,(#3699,#3706),.PCURVE_S1.);
#3695 = LINE('',#3696,#3697);
#3696 = CARTESIAN_POINT('',(1.23,0.,3.4));
#3697 = VECTOR('',#3698,1.);
#3698 = DIRECTION('',(0.,1.,0.));
#3699 = PCURVE('',#3313,#3700);
#3700 = DEFINITIONAL_REPRESENTATION('',(#3701),#3705);
#3701 = LINE('',#3702,#3703);
#3702 = CARTESIAN_POINT('',(2.390169491525,0.313559322034));
#3703 = VECTOR('',#3704,1.);
#3704 = DIRECTION('',(0.,1.));
#3705 = ( GEOMETRIC_REPRESENTATION_CONTEXT(2) 
PARAMETRIC_REPRESENTATION_CONTEXT() REPRESENTATION_CONTEXT('2D SPACE',''
  ) );
#3706 = PCURVE('',#2705,#3707);
#3707 = DEFINITIONAL_REPRESENTATION('',(#3708),#3712);
#3708 = LINE('',#3709,#3710);
#3709 = CARTESIAN_POINT('',(0.,0.));
#3710 = VECTOR('',#3711,1.);
#3711 = DIRECTION('',(1.,0.));
#3712 = ( GEOMETRIC_REPRESENTATION_CONTEXT(2) 
PARAMETRIC_REPRESENTATION_CONTEXT() REPRESENTATION_CONTEXT('2D SPACE',''
  ) );
#3713 = ORIENTED_EDGE('',*,*,#3295,.T.);
#3714 = FACE_BOUND('',#3715,.F.);
#3715 = EDGE_LOOP('',(#3716,#3746,#3774,#3802));
#3716 = ORIENTED_EDGE('',*,*,#3717,.T.);
#3717 = EDGE_CURVE('',#3718,#3720,#3722,.T.);
#3718 = VERTEX_POINT('',#3719);
#3719 = CARTESIAN_POINT('',(4.83,0.32,3.4));
#3720 = VERTEX_POINT('',#3721);
#3721 = CARTESIAN_POINT('',(4.83,2.68,3.4));
#3722 = SURFACE_CURVE('',#3723,(#3727,#3734),.PCURVE_S1.);
#3723 = LINE('',#3724,#3725);
#3724 = CARTESIAN_POINT('',(4.83,0.32,3.4));
#3725 = VECTOR('',#3726,1.);
#3726 = DIRECTION('',(0.,1.,0.));
#3727 = PCURVE('',#3313,#3728);
#3728 = DEFINITIONAL_REPRESENTATION('',(#3729),#3733);
#3729 = LINE('',#3730,#3731);
#3730 = CARTESIAN_POINT('',(-1.209830508475,0.633559322034));
#3731 = VECTOR('',#3732,1.);
#3732 = DIRECTION('',(0.,1.));
#3733 = ( GEOMETRIC_REPRESENTATION_CONTEXT(2) 
PARAMETRIC_REPRESENTATION_CONTEXT() REPRESENTATION_CONTEXT('2D SPACE',''
  ) );
#3734 = PCURVE('',#3735,#3740);
#3735 = PLANE('',#3736);
#3736 = AXIS2_PLACEMENT_3D('',#3737,#3738,#3739);
#3737 = CARTESIAN_POINT('',(4.83,0.32,3.4));
#3738 = DIRECTION('',(-1.,0.,0.));
#3739 = DIRECTION('',(0.,1.,0.));
#3740 = DEFINITIONAL_REPRESENTATION('',(#3741),#3745);
#3741 = LINE('',#3742,#3743);
#3742 = CARTESIAN_POINT('',(0.,0.));
#3743 = VECTOR('',#3744,1.);
#3744 = DIRECTION('',(1.,0.));
#3745 = ( GEOMETRIC_REPRESENTATION_CONTEXT(2) 
PARAMETRIC_REPRESENTATION_CONTEXT() REPRESENTATION_CONTEXT('2D SPACE',''
  ) );
#3746 = ORIENTED_EDGE('',*,*,#3747,.T.);
#3747 = EDGE_CURVE('',#3720,#3748,#3750,.T.);
#3748 = VERTEX_POINT('',#3749);
#3749 = CARTESIAN_POINT('',(1.87,2.68,3.4));
#3750 = SURFACE_CURVE('',#3751,(#3755,#3762),.PCURVE_S1.);
#3751 = LINE('',#3752,#3753);
#3752 = CARTESIAN_POINT('',(4.83,2.68,3.4));
#3753 = VECTOR('',#3754,1.);
#3754 = DIRECTION('',(-1.,0.,0.));
#3755 = PCURVE('',#3313,#3756);
#3756 = DEFINITIONAL_REPRESENTATION('',(#3757),#3761);
#3757 = LINE('',#3758,#3759);
#3758 = CARTESIAN_POINT('',(-1.209830508475,2.993559322034));
#3759 = VECTOR('',#3760,1.);
#3760 = DIRECTION('',(1.,0.));
#3761 = ( GEOMETRIC_REPRESENTATION_CONTEXT(2) 
PARAMETRIC_REPRESENTATION_CONTEXT() REPRESENTATION_CONTEXT('2D SPACE',''
  ) );
#3762 = PCURVE('',#3763,#3768);
#3763 = PLANE('',#3764);
#3764 = AXIS2_PLACEMENT_3D('',#3765,#3766,#3767);
#3765 = CARTESIAN_POINT('',(4.83,2.68,3.4));
#3766 = DIRECTION('',(0.,-1.,0.));
#3767 = DIRECTION('',(-1.,0.,0.));
#3768 = DEFINITIONAL_REPRESENTATION('',(#3769),#3773);
#3769 = LINE('',#3770,#3771);
#3770 = CARTESIAN_POINT('',(0.,-0.));
#3771 = VECTOR('',#3772,1.);
#3772 = DIRECTION('',(1.,0.));
#3773 = ( GEOMETRIC_REPRESENTATION_CONTEXT(2) 
PARAMETRIC_REPRESENTATION_CONTEXT() REPRESENTATION_CONTEXT('2D SPACE',''
  ) );
#3774 = ORIENTED_EDGE('',*,*,#3775,.T.);
#3775 = EDGE_CURVE('',#3748,#3776,#3778,.T.);
#3776 = VERTEX_POINT('',#3777);
#3777 = CARTESIAN_POINT('',(1.87,0.32,3.4));
#3778 = SURFACE_CURVE('',#3779,(#3783,#3790),.PCURVE_S1.);
#3779 = LINE('',#3780,#3781);
#3780 = CARTESIAN_POINT('',(1.87,2.68,3.4));
#3781 = VECTOR('',#3782,1.);
#3782 = DIRECTION('',(0.,-1.,0.));
#3783 = PCURVE('',#3313,#3784);
#3784 = DEFINITIONAL_REPRESENTATION('',(#3785),#3789);
#3785 = LINE('',#3786,#3787);
#3786 = CARTESIAN_POINT('',(1.750169491525,2.993559322034));
#3787 = VECTOR('',#3788,1.);
#3788 = DIRECTION('',(0.,-1.));
#3789 = ( GEOMETRIC_REPRESENTATION_CONTEXT(2) 
PARAMETRIC_REPRESENTATION_CONTEXT() REPRESENTATION_CONTEXT('2D SPACE',''
  ) );
#3790 = PCURVE('',#3791,#3796);
#3791 = PLANE('',#3792);
#3792 = AXIS2_PLACEMENT_3D('',#3793,#3794,#3795);
#3793 = CARTESIAN_POINT('',(1.87,2.68,3.4));
#3794 = DIRECTION('',(1.,0.,-0.));
#3795 = DIRECTION('',(0.,-1.,0.));
#3796 = DEFINITIONAL_REPRESENTATION('',(#3797),#3801);
#3797 = LINE('',#3798,#3799);
#3798 = CARTESIAN_POINT('',(0.,0.));
#3799 = VECTOR('',#3800,1.);
#3800 = DIRECTION('',(1.,0.));
#3801 = ( GEOMETRIC_REPRESENTATION_CONTEXT(2) 
PARAMETRIC_REPRESENTATION_CONTEXT() REPRESENTATION_CONTEXT('2D SPACE',''
  ) );
#3802 = ORIENTED_EDGE('',*,*,#3803,.T.);
#3803 = EDGE_CURVE('',#3776,#3718,#3804,.T.);
#3804 = SURFACE_CURVE('',#3805,(#3809,#3816),.PCURVE_S1.);
#3805 = LINE('',#3806,#3807);
#3806 = CARTESIAN_POINT('',(1.87,0.32,3.4));
#3807 = VECTOR('',#3808,1.);
#3808 = DIRECTION('',(1.,0.,0.));
#3809 = PCURVE('',#3313,#3810);
#3810 = DEFINITIONAL_REPRESENTATION('',(#3811),#3815);
#3811 = LINE('',#3812,#3813);
#3812 = CARTESIAN_POINT('',(1.750169491525,0.633559322034));
#3813 = VECTOR('',#3814,1.);
#3814 = DIRECTION('',(-1.,0.));
#3815 = ( GEOMETRIC_REPRESENTATION_CONTEXT(2) 
PARAMETRIC_REPRESENTATION_CONTEXT() REPRESENTATION_CONTEXT('2D SPACE',''
  ) );
#3816 = PCURVE('',#3817,#3822);
#3817 = PLANE('',#3818);
#3818 = AXIS2_PLACEMENT_3D('',#3819,#3820,#3821);
#3819 = CARTESIAN_POINT('',(1.87,0.32,3.4));
#3820 = DIRECTION('',(0.,1.,0.));
#3821 = DIRECTION('',(1.,0.,0.));
#3822 = DEFINITIONAL_REPRESENTATION('',(#3823),#3827);
#3823 = LINE('',#3824,#3825);
#3824 = CARTESIAN_POINT('',(0.,0.));
#3825 = VECTOR('',#3826,1.);
#3826 = DIRECTION('',(1.,0.));
#3827 = ( GEOMETRIC_REPRESENTATION_CONTEXT(2) 
PARAMETRIC_REPRESENTATION_CONTEXT() REPRESENTATION_CONTEXT('2D SPACE',''
  ) );
#3828 = ADVANCED_FACE('',(#3829),#3817,.F.);
#3829 = FACE_BOUND('',#3830,.F.);
#3830 = EDGE_LOOP('',(#3831,#3832,#3855,#3881));
#3831 = ORIENTED_EDGE('',*,*,#3803,.F.);
#3832 = ORIENTED_EDGE('',*,*,#3833,.T.);
#3833 = EDGE_CURVE('',#3776,#3834,#3836,.T.);
#3834 = VERTEX_POINT('',#3835);
#3835 = CARTESIAN_POINT('',(1.87,0.32,4.));
#3836 = SURFACE_CURVE('',#3837,(#3841,#3848),.PCURVE_S1.);
#3837 = LINE('',#3838,#3839);
#3838 = CARTESIAN_POINT('',(1.87,0.32,3.4));
#3839 = VECTOR('',#3840,1.);
#3840 = DIRECTION('',(0.,0.,1.));
#3841 = PCURVE('',#3817,#3842);
#3842 = DEFINITIONAL_REPRESENTATION('',(#3843),#3847);
#3843 = LINE('',#3844,#3845);
#3844 = CARTESIAN_POINT('',(0.,0.));
#3845 = VECTOR('',#3846,1.);
#3846 = DIRECTION('',(0.,-1.));
#3847 = ( GEOMETRIC_REPRESENTATION_CONTEXT(2) 
PARAMETRIC_REPRESENTATION_CONTEXT() REPRESENTATION_CONTEXT('2D SPACE',''
  ) );
#3848 = PCURVE('',#3791,#3849);
#3849 = DEFINITIONAL_REPRESENTATION('',(#3850),#3854);
#3850 = LINE('',#3851,#3852);
#3851 = CARTESIAN_POINT('',(2.36,0.));
#3852 = VECTOR('',#3853,1.);
#3853 = DIRECTION('',(0.,-1.));
#3854 = ( GEOMETRIC_REPRESENTATION_CONTEXT(2) 
PARAMETRIC_REPRESENTATION_CONTEXT() REPRESENTATION_CONTEXT('2D SPACE',''
  ) );
#3855 = ORIENTED_EDGE('',*,*,#3856,.F.);
#3856 = EDGE_CURVE('',#3857,#3834,#3859,.T.);
#3857 = VERTEX_POINT('',#3858);
#3858 = CARTESIAN_POINT('',(4.83,0.32,4.));
#3859 = SURFACE_CURVE('',#3860,(#3864,#3870),.PCURVE_S1.);
#3860 = LINE('',#3861,#3862);
#3861 = CARTESIAN_POINT('',(0.935,0.32,4.));
#3862 = VECTOR('',#3863,1.);
#3863 = DIRECTION('',(-1.,0.,0.));
#3864 = PCURVE('',#3817,#3865);
#3865 = DEFINITIONAL_REPRESENTATION('',(#3866),#3869);
#3866 = B_SPLINE_CURVE_WITH_KNOTS('',1,(#3867,#3868),.UNSPECIFIED.,.F.,
  .F.,(2,2),(-3.895,-0.935),.PIECEWISE_BEZIER_KNOTS.);
#3867 = CARTESIAN_POINT('',(2.96,-0.6));
#3868 = CARTESIAN_POINT('',(0.,-0.6));
#3869 = ( GEOMETRIC_REPRESENTATION_CONTEXT(2) 
PARAMETRIC_REPRESENTATION_CONTEXT() REPRESENTATION_CONTEXT('2D SPACE',''
  ) );
#3870 = PCURVE('',#3871,#3876);
#3871 = PLANE('',#3872);
#3872 = AXIS2_PLACEMENT_3D('',#3873,#3874,#3875);
#3873 = CARTESIAN_POINT('',(0.,0.,4.));
#3874 = DIRECTION('',(0.,0.,1.));
#3875 = DIRECTION('',(1.,0.,-0.));
#3876 = DEFINITIONAL_REPRESENTATION('',(#3877),#3880);
#3877 = B_SPLINE_CURVE_WITH_KNOTS('',1,(#3878,#3879),.UNSPECIFIED.,.F.,
  .F.,(2,2),(-3.895,-0.935),.PIECEWISE_BEZIER_KNOTS.);
#3878 = CARTESIAN_POINT('',(4.83,0.32));
#3879 = CARTESIAN_POINT('',(1.87,0.32));
#3880 = ( GEOMETRIC_REPRESENTATION_CONTEXT(2) 
PARAMETRIC_REPRESENTATION_CONTEXT() REPRESENTATION_CONTEXT('2D SPACE',''
  ) );
#3881 = ORIENTED_EDGE('',*,*,#3882,.F.);
#3882 = EDGE_CURVE('',#3718,#3857,#3883,.T.);
#3883 = SURFACE_CURVE('',#3884,(#3888,#3895),.PCURVE_S1.);
#3884 = LINE('',#3885,#3886);
#3885 = CARTESIAN_POINT('',(4.83,0.32,3.4));
#3886 = VECTOR('',#3887,1.);
#3887 = DIRECTION('',(0.,0.,1.));
#3888 = PCURVE('',#3817,#3889);
#3889 = DEFINITIONAL_REPRESENTATION('',(#3890),#3894);
#3890 = LINE('',#3891,#3892);
#3891 = CARTESIAN_POINT('',(2.96,0.));
#3892 = VECTOR('',#3893,1.);
#3893 = DIRECTION('',(0.,-1.));
#3894 = ( GEOMETRIC_REPRESENTATION_CONTEXT(2) 
PARAMETRIC_REPRESENTATION_CONTEXT() REPRESENTATION_CONTEXT('2D SPACE',''
  ) );
#3895 = PCURVE('',#3735,#3896);
#3896 = DEFINITIONAL_REPRESENTATION('',(#3897),#3901);
#3897 = LINE('',#3898,#3899);
#3898 = CARTESIAN_POINT('',(0.,0.));
#3899 = VECTOR('',#3900,1.);
#3900 = DIRECTION('',(0.,-1.));
#3901 = ( GEOMETRIC_REPRESENTATION_CONTEXT(2) 
PARAMETRIC_REPRESENTATION_CONTEXT() REPRESENTATION_CONTEXT('2D SPACE',''
  ) );
#3902 = ADVANCED_FACE('',(#3903),#3871,.T.);
#3903 = FACE_BOUND('',#3904,.T.);
#3904 = EDGE_LOOP('',(#3905,#3926,#3947,#3966));
#3905 = ORIENTED_EDGE('',*,*,#3906,.F.);
#3906 = EDGE_CURVE('',#3907,#3857,#3909,.T.);
#3907 = VERTEX_POINT('',#3908);
#3908 = CARTESIAN_POINT('',(4.83,2.68,4.));
#3909 = SURFACE_CURVE('',#3910,(#3914,#3920),.PCURVE_S1.);
#3910 = LINE('',#3911,#3912);
#3911 = CARTESIAN_POINT('',(4.83,0.16,4.));
#3912 = VECTOR('',#3913,1.);
#3913 = DIRECTION('',(0.,-1.,0.));
#3914 = PCURVE('',#3871,#3915);
#3915 = DEFINITIONAL_REPRESENTATION('',(#3916),#3919);
#3916 = B_SPLINE_CURVE_WITH_KNOTS('',1,(#3917,#3918),.UNSPECIFIED.,.F.,
  .F.,(2,2),(-2.52,-0.16),.PIECEWISE_BEZIER_KNOTS.);
#3917 = CARTESIAN_POINT('',(4.83,2.68));
#3918 = CARTESIAN_POINT('',(4.83,0.32));
#3919 = ( GEOMETRIC_REPRESENTATION_CONTEXT(2) 
PARAMETRIC_REPRESENTATION_CONTEXT() REPRESENTATION_CONTEXT('2D SPACE',''
  ) );
#3920 = PCURVE('',#3735,#3921);
#3921 = DEFINITIONAL_REPRESENTATION('',(#3922),#3925);
#3922 = B_SPLINE_CURVE_WITH_KNOTS('',1,(#3923,#3924),.UNSPECIFIED.,.F.,
  .F.,(2,2),(-2.52,-0.16),.PIECEWISE_BEZIER_KNOTS.);
#3923 = CARTESIAN_POINT('',(2.36,-0.6));
#3924 = CARTESIAN_POINT('',(0.,-0.6));
#3925 = ( GEOMETRIC_REPRESENTATION_CONTEXT(2) 
PARAMETRIC_REPRESENTATION_CONTEXT() REPRESENTATION_CONTEXT('2D SPACE',''
  ) );
#3926 = ORIENTED_EDGE('',*,*,#3927,.F.);
#3927 = EDGE_CURVE('',#3928,#3907,#3930,.T.);
#3928 = VERTEX_POINT('',#3929);
#3929 = CARTESIAN_POINT('',(1.87,2.68,4.));
#3930 = SURFACE_CURVE('',#3931,(#3935,#3941),.PCURVE_S1.);
#3931 = LINE('',#3932,#3933);
#3932 = CARTESIAN_POINT('',(2.415,2.68,4.));
#3933 = VECTOR('',#3934,1.);
#3934 = DIRECTION('',(1.,0.,-0.));
#3935 = PCURVE('',#3871,#3936);
#3936 = DEFINITIONAL_REPRESENTATION('',(#3937),#3940);
#3937 = B_SPLINE_CURVE_WITH_KNOTS('',1,(#3938,#3939),.UNSPECIFIED.,.F.,
  .F.,(2,2),(-0.545,2.415),.PIECEWISE_BEZIER_KNOTS.);
#3938 = CARTESIAN_POINT('',(1.87,2.68));
#3939 = CARTESIAN_POINT('',(4.83,2.68));
#3940 = ( GEOMETRIC_REPRESENTATION_CONTEXT(2) 
PARAMETRIC_REPRESENTATION_CONTEXT() REPRESENTATION_CONTEXT('2D SPACE',''
  ) );
#3941 = PCURVE('',#3763,#3942);
#3942 = DEFINITIONAL_REPRESENTATION('',(#3943),#3946);
#3943 = B_SPLINE_CURVE_WITH_KNOTS('',1,(#3944,#3945),.UNSPECIFIED.,.F.,
  .F.,(2,2),(-0.545,2.415),.PIECEWISE_BEZIER_KNOTS.);
#3944 = CARTESIAN_POINT('',(2.96,-0.6));
#3945 = CARTESIAN_POINT('',(0.,-0.6));
#3946 = ( GEOMETRIC_REPRESENTATION_CONTEXT(2) 
PARAMETRIC_REPRESENTATION_CONTEXT() REPRESENTATION_CONTEXT('2D SPACE',''
  ) );
#3947 = ORIENTED_EDGE('',*,*,#3948,.F.);
#3948 = EDGE_CURVE('',#3834,#3928,#3949,.T.);
#3949 = SURFACE_CURVE('',#3950,(#3954,#3960),.PCURVE_S1.);
#3950 = LINE('',#3951,#3952);
#3951 = CARTESIAN_POINT('',(1.87,1.34,4.));
#3952 = VECTOR('',#3953,1.);
#3953 = DIRECTION('',(-0.,1.,0.));
#3954 = PCURVE('',#3871,#3955);
#3955 = DEFINITIONAL_REPRESENTATION('',(#3956),#3959);
#3956 = B_SPLINE_CURVE_WITH_KNOTS('',1,(#3957,#3958),.UNSPECIFIED.,.F.,
  .F.,(2,2),(-1.02,1.34),.PIECEWISE_BEZIER_KNOTS.);
#3957 = CARTESIAN_POINT('',(1.87,0.32));
#3958 = CARTESIAN_POINT('',(1.87,2.68));
#3959 = ( GEOMETRIC_REPRESENTATION_CONTEXT(2) 
PARAMETRIC_REPRESENTATION_CONTEXT() REPRESENTATION_CONTEXT('2D SPACE',''
  ) );
#3960 = PCURVE('',#3791,#3961);
#3961 = DEFINITIONAL_REPRESENTATION('',(#3962),#3965);
#3962 = B_SPLINE_CURVE_WITH_KNOTS('',1,(#3963,#3964),.UNSPECIFIED.,.F.,
  .F.,(2,2),(-1.02,1.34),.PIECEWISE_BEZIER_KNOTS.);
#3963 = CARTESIAN_POINT('',(2.36,-0.6));
#3964 = CARTESIAN_POINT('',(0.,-0.6));
#3965 = ( GEOMETRIC_REPRESENTATION_CONTEXT(2) 
PARAMETRIC_REPRESENTATION_CONTEXT() REPRESENTATION_CONTEXT('2D SPACE',''
  ) );
#3966 = ORIENTED_EDGE('',*,*,#3856,.F.);
#3967 = ADVANCED_FACE('',(#3968),#3791,.F.);
#3968 = FACE_BOUND('',#3969,.F.);
#3969 = EDGE_LOOP('',(#3970,#3971,#3992,#3993));
#3970 = ORIENTED_EDGE('',*,*,#3775,.F.);
#3971 = ORIENTED_EDGE('',*,*,#3972,.T.);
#3972 = EDGE_CURVE('',#3748,#3928,#3973,.T.);
#3973 = SURFACE_CURVE('',#3974,(#3978,#3985),.PCURVE_S1.);
#3974 = LINE('',#3975,#3976);
#3975 = CARTESIAN_POINT('',(1.87,2.68,3.4));
#3976 = VECTOR('',#3977,1.);
#3977 = DIRECTION('',(0.,0.,1.));
#3978 = PCURVE('',#3791,#3979);
#3979 = DEFINITIONAL_REPRESENTATION('',(#3980),#3984);
#3980 = LINE('',#3981,#3982);
#3981 = CARTESIAN_POINT('',(0.,0.));
#3982 = VECTOR('',#3983,1.);
#3983 = DIRECTION('',(0.,-1.));
#3984 = ( GEOMETRIC_REPRESENTATION_CONTEXT(2) 
PARAMETRIC_REPRESENTATION_CONTEXT() REPRESENTATION_CONTEXT('2D SPACE',''
  ) );
#3985 = PCURVE('',#3763,#3986);
#3986 = DEFINITIONAL_REPRESENTATION('',(#3987),#3991);
#3987 = LINE('',#3988,#3989);
#3988 = CARTESIAN_POINT('',(2.96,0.));
#3989 = VECTOR('',#3990,1.);
#3990 = DIRECTION('',(0.,-1.));
#3991 = ( GEOMETRIC_REPRESENTATION_CONTEXT(2) 
PARAMETRIC_REPRESENTATION_CONTEXT() REPRESENTATION_CONTEXT('2D SPACE',''
  ) );
#3992 = ORIENTED_EDGE('',*,*,#3948,.F.);
#3993 = ORIENTED_EDGE('',*,*,#3833,.F.);
#3994 = ADVANCED_FACE('',(#3995),#3763,.F.);
#3995 = FACE_BOUND('',#3996,.F.);
#3996 = EDGE_LOOP('',(#3997,#3998,#4019,#4020));
#3997 = ORIENTED_EDGE('',*,*,#3747,.F.);
#3998 = ORIENTED_EDGE('',*,*,#3999,.T.);
#3999 = EDGE_CURVE('',#3720,#3907,#4000,.T.);
#4000 = SURFACE_CURVE('',#4001,(#4005,#4012),.PCURVE_S1.);
#4001 = LINE('',#4002,#4003);
#4002 = CARTESIAN_POINT('',(4.83,2.68,3.4));
#4003 = VECTOR('',#4004,1.);
#4004 = DIRECTION('',(0.,0.,1.));
#4005 = PCURVE('',#3763,#4006);
#4006 = DEFINITIONAL_REPRESENTATION('',(#4007),#4011);
#4007 = LINE('',#4008,#4009);
#4008 = CARTESIAN_POINT('',(0.,-0.));
#4009 = VECTOR('',#4010,1.);
#4010 = DIRECTION('',(0.,-1.));
#4011 = ( GEOMETRIC_REPRESENTATION_CONTEXT(2) 
PARAMETRIC_REPRESENTATION_CONTEXT() REPRESENTATION_CONTEXT('2D SPACE',''
  ) );
#4012 = PCURVE('',#3735,#4013);
#4013 = DEFINITIONAL_REPRESENTATION('',(#4014),#4018);
#4014 = LINE('',#4015,#4016);
#4015 = CARTESIAN_POINT('',(2.36,0.));
#4016 = VECTOR('',#4017,1.);
#4017 = DIRECTION('',(0.,-1.));
#4018 = ( GEOMETRIC_REPRESENTATION_CONTEXT(2) 
PARAMETRIC_REPRESENTATION_CONTEXT() REPRESENTATION_CONTEXT('2D SPACE',''
  ) );
#4019 = ORIENTED_EDGE('',*,*,#3927,.F.);
#4020 = ORIENTED_EDGE('',*,*,#3972,.F.);
#4021 = ADVANCED_FACE('',(#4022),#3735,.F.);
#4022 = FACE_BOUND('',#4023,.F.);
#4023 = EDGE_LOOP('',(#4024,#4025,#4026,#4027));
#4024 = ORIENTED_EDGE('',*,*,#3717,.F.);
#4025 = ORIENTED_EDGE('',*,*,#3882,.T.);
#4026 = ORIENTED_EDGE('',*,*,#3906,.F.);
#4027 = ORIENTED_EDGE('',*,*,#3999,.F.);
#4028 = ADVANCED_FACE('',(#4029),#2705,.F.);
#4029 = FACE_BOUND('',#4030,.F.);
#4030 = EDGE_LOOP('',(#4031,#4032,#4053,#4054));
#4031 = ORIENTED_EDGE('',*,*,#3693,.F.);
#4032 = ORIENTED_EDGE('',*,*,#4033,.T.);
#4033 = EDGE_CURVE('',#3671,#2665,#4034,.T.);
#4034 = SURFACE_CURVE('',#4035,(#4039,#4046),.PCURVE_S1.);
#4035 = LINE('',#4036,#4037);
#4036 = CARTESIAN_POINT('',(1.23,0.,3.4));
#4037 = VECTOR('',#4038,1.);
#4038 = DIRECTION('',(0.,0.,1.));
#4039 = PCURVE('',#2705,#4040);
#4040 = DEFINITIONAL_REPRESENTATION('',(#4041),#4045);
#4041 = LINE('',#4042,#4043);
#4042 = CARTESIAN_POINT('',(0.,0.));
#4043 = VECTOR('',#4044,1.);
#4044 = DIRECTION('',(0.,-1.));
#4045 = ( GEOMETRIC_REPRESENTATION_CONTEXT(2) 
PARAMETRIC_REPRESENTATION_CONTEXT() REPRESENTATION_CONTEXT('2D SPACE',''
  ) );
#4046 = PCURVE('',#2679,#4047);
#4047 = DEFINITIONAL_REPRESENTATION('',(#4048),#4052);
#4048 = LINE('',#4049,#4050);
#4049 = CARTESIAN_POINT('',(0.32,0.));
#4050 = VECTOR('',#4051,1.);
#4051 = DIRECTION('',(0.,-1.));
#4052 = ( GEOMETRIC_REPRESENTATION_CONTEXT(2) 
PARAMETRIC_REPRESENTATION_CONTEXT() REPRESENTATION_CONTEXT('2D SPACE',''
  ) );
#4053 = ORIENTED_EDGE('',*,*,#2690,.F.);
#4054 = ORIENTED_EDGE('',*,*,#3325,.F.);
#4055 = ADVANCED_FACE('',(#4056),#2679,.F.);
#4056 = FACE_BOUND('',#4057,.F.);
#4057 = EDGE_LOOP('',(#4058,#4059,#4080,#4081));
#4058 = ORIENTED_EDGE('',*,*,#3670,.F.);
#4059 = ORIENTED_EDGE('',*,*,#4060,.T.);
#4060 = EDGE_CURVE('',#3648,#2639,#4061,.T.);
#4061 = SURFACE_CURVE('',#4062,(#4066,#4073),.PCURVE_S1.);
#4062 = LINE('',#4063,#4064);
#4063 = CARTESIAN_POINT('',(1.55,0.,3.4));
#4064 = VECTOR('',#4065,1.);
#4065 = DIRECTION('',(0.,0.,1.));
#4066 = PCURVE('',#2679,#4067);
#4067 = DEFINITIONAL_REPRESENTATION('',(#4068),#4072);
#4068 = LINE('',#4069,#4070);
#4069 = CARTESIAN_POINT('',(0.,-0.));
#4070 = VECTOR('',#4071,1.);
#4071 = DIRECTION('',(0.,-1.));
#4072 = ( GEOMETRIC_REPRESENTATION_CONTEXT(2) 
PARAMETRIC_REPRESENTATION_CONTEXT() REPRESENTATION_CONTEXT('2D SPACE',''
  ) );
#4073 = PCURVE('',#2653,#4074);
#4074 = DEFINITIONAL_REPRESENTATION('',(#4075),#4079);
#4075 = LINE('',#4076,#4077);
#4076 = CARTESIAN_POINT('',(0.32,0.));
#4077 = VECTOR('',#4078,1.);
#4078 = DIRECTION('',(0.,-1.));
#4079 = ( GEOMETRIC_REPRESENTATION_CONTEXT(2) 
PARAMETRIC_REPRESENTATION_CONTEXT() REPRESENTATION_CONTEXT('2D SPACE',''
  ) );
#4080 = ORIENTED_EDGE('',*,*,#2664,.F.);
#4081 = ORIENTED_EDGE('',*,*,#4033,.F.);
#4082 = ADVANCED_FACE('',(#4083),#2653,.F.);
#4083 = FACE_BOUND('',#4084,.F.);
#4084 = EDGE_LOOP('',(#4085,#4086,#4107,#4108));
#4085 = ORIENTED_EDGE('',*,*,#3647,.F.);
#4086 = ORIENTED_EDGE('',*,*,#4087,.T.);
#4087 = EDGE_CURVE('',#3625,#2613,#4088,.T.);
#4088 = SURFACE_CURVE('',#4089,(#4093,#4100),.PCURVE_S1.);
#4089 = LINE('',#4090,#4091);
#4090 = CARTESIAN_POINT('',(1.55,-0.32,3.4));
#4091 = VECTOR('',#4092,1.);
#4092 = DIRECTION('',(0.,0.,1.));
#4093 = PCURVE('',#2653,#4094);
#4094 = DEFINITIONAL_REPRESENTATION('',(#4095),#4099);
#4095 = LINE('',#4096,#4097);
#4096 = CARTESIAN_POINT('',(0.,0.));
#4097 = VECTOR('',#4098,1.);
#4098 = DIRECTION('',(0.,-1.));
#4099 = ( GEOMETRIC_REPRESENTATION_CONTEXT(2) 
PARAMETRIC_REPRESENTATION_CONTEXT() REPRESENTATION_CONTEXT('2D SPACE',''
  ) );
#4100 = PCURVE('',#2627,#4101);
#4101 = DEFINITIONAL_REPRESENTATION('',(#4102),#4106);
#4102 = LINE('',#4103,#4104);
#4103 = CARTESIAN_POINT('',(3.28,0.));
#4104 = VECTOR('',#4105,1.);
#4105 = DIRECTION('',(0.,-1.));
#4106 = ( GEOMETRIC_REPRESENTATION_CONTEXT(2) 
PARAMETRIC_REPRESENTATION_CONTEXT() REPRESENTATION_CONTEXT('2D SPACE',''
  ) );
#4107 = ORIENTED_EDGE('',*,*,#2638,.F.);
#4108 = ORIENTED_EDGE('',*,*,#4060,.F.);
#4109 = ADVANCED_FACE('',(#4110),#2627,.F.);
#4110 = FACE_BOUND('',#4111,.F.);
#4111 = EDGE_LOOP('',(#4112,#4113,#4134,#4135));
#4112 = ORIENTED_EDGE('',*,*,#3624,.F.);
#4113 = ORIENTED_EDGE('',*,*,#4114,.T.);
#4114 = EDGE_CURVE('',#3602,#2587,#4115,.T.);
#4115 = SURFACE_CURVE('',#4116,(#4120,#4127),.PCURVE_S1.);
#4116 = LINE('',#4117,#4118);
#4117 = CARTESIAN_POINT('',(4.83,-0.32,3.4));
#4118 = VECTOR('',#4119,1.);
#4119 = DIRECTION('',(0.,0.,1.));
#4120 = PCURVE('',#2627,#4121);
#4121 = DEFINITIONAL_REPRESENTATION('',(#4122),#4126);
#4122 = LINE('',#4123,#4124);
#4123 = CARTESIAN_POINT('',(0.,-0.));
#4124 = VECTOR('',#4125,1.);
#4125 = DIRECTION('',(0.,-1.));
#4126 = ( GEOMETRIC_REPRESENTATION_CONTEXT(2) 
PARAMETRIC_REPRESENTATION_CONTEXT() REPRESENTATION_CONTEXT('2D SPACE',''
  ) );
#4127 = PCURVE('',#2601,#4128);
#4128 = DEFINITIONAL_REPRESENTATION('',(#4129),#4133);
#4129 = LINE('',#4130,#4131);
#4130 = CARTESIAN_POINT('',(2.36,0.));
#4131 = VECTOR('',#4132,1.);
#4132 = DIRECTION('',(0.,-1.));
#4133 = ( GEOMETRIC_REPRESENTATION_CONTEXT(2) 
PARAMETRIC_REPRESENTATION_CONTEXT() REPRESENTATION_CONTEXT('2D SPACE',''
  ) );
#4134 = ORIENTED_EDGE('',*,*,#2612,.F.);
#4135 = ORIENTED_EDGE('',*,*,#4087,.F.);
#4136 = ADVANCED_FACE('',(#4137),#2601,.F.);
#4137 = FACE_BOUND('',#4138,.F.);
#4138 = EDGE_LOOP('',(#4139,#4140,#4161,#4162));
#4139 = ORIENTED_EDGE('',*,*,#3601,.F.);
#4140 = ORIENTED_EDGE('',*,*,#4141,.T.);
#4141 = EDGE_CURVE('',#3579,#2561,#4142,.T.);
#4142 = SURFACE_CURVE('',#4143,(#4147,#4154),.PCURVE_S1.);
#4143 = LINE('',#4144,#4145);
#4144 = CARTESIAN_POINT('',(4.83,-2.68,3.4));
#4145 = VECTOR('',#4146,1.);
#4146 = DIRECTION('',(0.,0.,1.));
#4147 = PCURVE('',#2601,#4148);
#4148 = DEFINITIONAL_REPRESENTATION('',(#4149),#4153);
#4149 = LINE('',#4150,#4151);
#4150 = CARTESIAN_POINT('',(0.,0.));
#4151 = VECTOR('',#4152,1.);
#4152 = DIRECTION('',(0.,-1.));
#4153 = ( GEOMETRIC_REPRESENTATION_CONTEXT(2) 
PARAMETRIC_REPRESENTATION_CONTEXT() REPRESENTATION_CONTEXT('2D SPACE',''
  ) );
#4154 = PCURVE('',#2575,#4155);
#4155 = DEFINITIONAL_REPRESENTATION('',(#4156),#4160);
#4156 = LINE('',#4157,#4158);
#4157 = CARTESIAN_POINT('',(3.28,0.));
#4158 = VECTOR('',#4159,1.);
#4159 = DIRECTION('',(0.,-1.));
#4160 = ( GEOMETRIC_REPRESENTATION_CONTEXT(2) 
PARAMETRIC_REPRESENTATION_CONTEXT() REPRESENTATION_CONTEXT('2D SPACE',''
  ) );
#4161 = ORIENTED_EDGE('',*,*,#2586,.F.);
#4162 = ORIENTED_EDGE('',*,*,#4114,.F.);
#4163 = ADVANCED_FACE('',(#4164),#2575,.F.);
#4164 = FACE_BOUND('',#4165,.F.);
#4165 = EDGE_LOOP('',(#4166,#4167,#4188,#4189));
#4166 = ORIENTED_EDGE('',*,*,#3578,.F.);
#4167 = ORIENTED_EDGE('',*,*,#4168,.T.);
#4168 = EDGE_CURVE('',#3556,#2535,#4169,.T.);
#4169 = SURFACE_CURVE('',#4170,(#4174,#4181),.PCURVE_S1.);
#4170 = LINE('',#4171,#4172);
#4171 = CARTESIAN_POINT('',(1.55,-2.68,3.4));
#4172 = VECTOR('',#4173,1.);
#4173 = DIRECTION('',(0.,0.,1.));
#4174 = PCURVE('',#2575,#4175);
#4175 = DEFINITIONAL_REPRESENTATION('',(#4176),#4180);
#4176 = LINE('',#4177,#4178);
#4177 = CARTESIAN_POINT('',(0.,0.));
#4178 = VECTOR('',#4179,1.);
#4179 = DIRECTION('',(0.,-1.));
#4180 = ( GEOMETRIC_REPRESENTATION_CONTEXT(2) 
PARAMETRIC_REPRESENTATION_CONTEXT() REPRESENTATION_CONTEXT('2D SPACE',''
  ) );
#4181 = PCURVE('',#2549,#4182);
#4182 = DEFINITIONAL_REPRESENTATION('',(#4183),#4187);
#4183 = LINE('',#4184,#4185);
#4184 = CARTESIAN_POINT('',(0.64,0.));
#4185 = VECTOR('',#4186,1.);
#4186 = DIRECTION('',(0.,-1.));
#4187 = ( GEOMETRIC_REPRESENTATION_CONTEXT(2) 
PARAMETRIC_REPRESENTATION_CONTEXT() REPRESENTATION_CONTEXT('2D SPACE',''
  ) );
#4188 = ORIENTED_EDGE('',*,*,#2560,.F.);
#4189 = ORIENTED_EDGE('',*,*,#4141,.F.);
#4190 = ADVANCED_FACE('',(#4191),#2549,.F.);
#4191 = FACE_BOUND('',#4192,.F.);
#4192 = EDGE_LOOP('',(#4193,#4194,#4215,#4216));
#4193 = ORIENTED_EDGE('',*,*,#3555,.F.);
#4194 = ORIENTED_EDGE('',*,*,#4195,.T.);
#4195 = EDGE_CURVE('',#3533,#2509,#4196,.T.);
#4196 = SURFACE_CURVE('',#4197,(#4201,#4208),.PCURVE_S1.);
#4197 = LINE('',#4198,#4199);
#4198 = CARTESIAN_POINT('',(1.55,-3.32,3.4));
#4199 = VECTOR('',#4200,1.);
#4200 = DIRECTION('',(0.,0.,1.));
#4201 = PCURVE('',#2549,#4202);
#4202 = DEFINITIONAL_REPRESENTATION('',(#4203),#4207);
#4203 = LINE('',#4204,#4205);
#4204 = CARTESIAN_POINT('',(0.,0.));
#4205 = VECTOR('',#4206,1.);
#4206 = DIRECTION('',(0.,-1.));
#4207 = ( GEOMETRIC_REPRESENTATION_CONTEXT(2) 
PARAMETRIC_REPRESENTATION_CONTEXT() REPRESENTATION_CONTEXT('2D SPACE',''
  ) );
#4208 = PCURVE('',#2523,#4209);
#4209 = DEFINITIONAL_REPRESENTATION('',(#4210),#4214);
#4210 = LINE('',#4211,#4212);
#4211 = CARTESIAN_POINT('',(3.6,0.));
#4212 = VECTOR('',#4213,1.);
#4213 = DIRECTION('',(0.,-1.));
#4214 = ( GEOMETRIC_REPRESENTATION_CONTEXT(2) 
PARAMETRIC_REPRESENTATION_CONTEXT() REPRESENTATION_CONTEXT('2D SPACE',''
  ) );
#4215 = ORIENTED_EDGE('',*,*,#2534,.F.);
#4216 = ORIENTED_EDGE('',*,*,#4168,.F.);
#4217 = ADVANCED_FACE('',(#4218),#2523,.F.);
#4218 = FACE_BOUND('',#4219,.F.);
#4219 = EDGE_LOOP('',(#4220,#4221,#4242,#4243));
#4220 = ORIENTED_EDGE('',*,*,#3532,.F.);
#4221 = ORIENTED_EDGE('',*,*,#4222,.T.);
#4222 = EDGE_CURVE('',#3510,#2483,#4223,.T.);
#4223 = SURFACE_CURVE('',#4224,(#4228,#4235),.PCURVE_S1.);
#4224 = LINE('',#4225,#4226);
#4225 = CARTESIAN_POINT('',(5.15,-3.32,3.4));
#4226 = VECTOR('',#4227,1.);
#4227 = DIRECTION('',(0.,0.,1.));
#4228 = PCURVE('',#2523,#4229);
#4229 = DEFINITIONAL_REPRESENTATION('',(#4230),#4234);
#4230 = LINE('',#4231,#4232);
#4231 = CARTESIAN_POINT('',(0.,-0.));
#4232 = VECTOR('',#4233,1.);
#4233 = DIRECTION('',(0.,-1.));
#4234 = ( GEOMETRIC_REPRESENTATION_CONTEXT(2) 
PARAMETRIC_REPRESENTATION_CONTEXT() REPRESENTATION_CONTEXT('2D SPACE',''
  ) );
#4235 = PCURVE('',#2497,#4236);
#4236 = DEFINITIONAL_REPRESENTATION('',(#4237),#4241);
#4237 = LINE('',#4238,#4239);
#4238 = CARTESIAN_POINT('',(0.32,0.));
#4239 = VECTOR('',#4240,1.);
#4240 = DIRECTION('',(0.,-1.));
#4241 = ( GEOMETRIC_REPRESENTATION_CONTEXT(2) 
PARAMETRIC_REPRESENTATION_CONTEXT() REPRESENTATION_CONTEXT('2D SPACE',''
  ) );
#4242 = ORIENTED_EDGE('',*,*,#2508,.F.);
#4243 = ORIENTED_EDGE('',*,*,#4195,.F.);
#4244 = ADVANCED_FACE('',(#4245),#2497,.F.);
#4245 = FACE_BOUND('',#4246,.F.);
#4246 = EDGE_LOOP('',(#4247,#4248,#4269,#4270));
#4247 = ORIENTED_EDGE('',*,*,#3509,.F.);
#4248 = ORIENTED_EDGE('',*,*,#4249,.T.);
#4249 = EDGE_CURVE('',#3487,#2457,#4250,.T.);
#4250 = SURFACE_CURVE('',#4251,(#4255,#4262),.PCURVE_S1.);
#4251 = LINE('',#4252,#4253);
#4252 = CARTESIAN_POINT('',(5.15,-3.,3.4));
#4253 = VECTOR('',#4254,1.);
#4254 = DIRECTION('',(0.,0.,1.));
#4255 = PCURVE('',#2497,#4256);
#4256 = DEFINITIONAL_REPRESENTATION('',(#4257),#4261);
#4257 = LINE('',#4258,#4259);
#4258 = CARTESIAN_POINT('',(0.,0.));
#4259 = VECTOR('',#4260,1.);
#4260 = DIRECTION('',(0.,-1.));
#4261 = ( GEOMETRIC_REPRESENTATION_CONTEXT(2) 
PARAMETRIC_REPRESENTATION_CONTEXT() REPRESENTATION_CONTEXT('2D SPACE',''
  ) );
#4262 = PCURVE('',#2471,#4263);
#4263 = DEFINITIONAL_REPRESENTATION('',(#4264),#4268);
#4264 = LINE('',#4265,#4266);
#4265 = CARTESIAN_POINT('',(0.32,0.));
#4266 = VECTOR('',#4267,1.);
#4267 = DIRECTION('',(0.,-1.));
#4268 = ( GEOMETRIC_REPRESENTATION_CONTEXT(2) 
PARAMETRIC_REPRESENTATION_CONTEXT() REPRESENTATION_CONTEXT('2D SPACE',''
  ) );
#4269 = ORIENTED_EDGE('',*,*,#2482,.F.);
#4270 = ORIENTED_EDGE('',*,*,#4222,.F.);
#4271 = ADVANCED_FACE('',(#4272),#2471,.F.);
#4272 = FACE_BOUND('',#4273,.F.);
#4273 = EDGE_LOOP('',(#4274,#4275,#4296,#4297));
#4274 = ORIENTED_EDGE('',*,*,#3486,.F.);
#4275 = ORIENTED_EDGE('',*,*,#4276,.T.);
#4276 = EDGE_CURVE('',#3464,#2429,#4277,.T.);
#4277 = SURFACE_CURVE('',#4278,(#4282,#4289),.PCURVE_S1.);
#4278 = LINE('',#4279,#4280);
#4279 = CARTESIAN_POINT('',(5.47,-3.,3.4));
#4280 = VECTOR('',#4281,1.);
#4281 = DIRECTION('',(0.,0.,1.));
#4282 = PCURVE('',#2471,#4283);
#4283 = DEFINITIONAL_REPRESENTATION('',(#4284),#4288);
#4284 = LINE('',#4285,#4286);
#4285 = CARTESIAN_POINT('',(0.,-0.));
#4286 = VECTOR('',#4287,1.);
#4287 = DIRECTION('',(0.,-1.));
#4288 = ( GEOMETRIC_REPRESENTATION_CONTEXT(2) 
PARAMETRIC_REPRESENTATION_CONTEXT() REPRESENTATION_CONTEXT('2D SPACE',''
  ) );
#4289 = PCURVE('',#2444,#4290);
#4290 = DEFINITIONAL_REPRESENTATION('',(#4291),#4295);
#4291 = LINE('',#4292,#4293);
#4292 = CARTESIAN_POINT('',(3.,0.));
#4293 = VECTOR('',#4294,1.);
#4294 = DIRECTION('',(0.,-1.));
#4295 = ( GEOMETRIC_REPRESENTATION_CONTEXT(2) 
PARAMETRIC_REPRESENTATION_CONTEXT() REPRESENTATION_CONTEXT('2D SPACE',''
  ) );
#4296 = ORIENTED_EDGE('',*,*,#2456,.F.);
#4297 = ORIENTED_EDGE('',*,*,#4249,.F.);
#4298 = ADVANCED_FACE('',(#4299),#2444,.F.);
#4299 = FACE_BOUND('',#4300,.F.);
#4300 = EDGE_LOOP('',(#4301,#4302,#4323,#4324));
#4301 = ORIENTED_EDGE('',*,*,#3463,.F.);
#4302 = ORIENTED_EDGE('',*,*,#4303,.T.);
#4303 = EDGE_CURVE('',#3441,#2403,#4304,.T.);
#4304 = SURFACE_CURVE('',#4305,(#4309,#4316),.PCURVE_S1.);
#4305 = LINE('',#4306,#4307);
#4306 = CARTESIAN_POINT('',(5.47,3.,3.4));
#4307 = VECTOR('',#4308,1.);
#4308 = DIRECTION('',(0.,0.,1.));
#4309 = PCURVE('',#2444,#4310);
#4310 = DEFINITIONAL_REPRESENTATION('',(#4311),#4315);
#4311 = LINE('',#4312,#4313);
#4312 = CARTESIAN_POINT('',(-3.,0.));
#4313 = VECTOR('',#4314,1.);
#4314 = DIRECTION('',(0.,-1.));
#4315 = ( GEOMETRIC_REPRESENTATION_CONTEXT(2) 
PARAMETRIC_REPRESENTATION_CONTEXT() REPRESENTATION_CONTEXT('2D SPACE',''
  ) );
#4316 = PCURVE('',#2417,#4317);
#4317 = DEFINITIONAL_REPRESENTATION('',(#4318),#4322);
#4318 = LINE('',#4319,#4320);
#4319 = CARTESIAN_POINT('',(0.32,0.));
#4320 = VECTOR('',#4321,1.);
#4321 = DIRECTION('',(0.,-1.));
#4322 = ( GEOMETRIC_REPRESENTATION_CONTEXT(2) 
PARAMETRIC_REPRESENTATION_CONTEXT() REPRESENTATION_CONTEXT('2D SPACE',''
  ) );
#4323 = ORIENTED_EDGE('',*,*,#2428,.T.);
#4324 = ORIENTED_EDGE('',*,*,#4276,.F.);
#4325 = ADVANCED_FACE('',(#4326),#2417,.F.);
#4326 = FACE_BOUND('',#4327,.F.);
#4327 = EDGE_LOOP('',(#4328,#4329,#4350,#4351));
#4328 = ORIENTED_EDGE('',*,*,#3440,.F.);
#4329 = ORIENTED_EDGE('',*,*,#4330,.T.);
#4330 = EDGE_CURVE('',#3418,#2377,#4331,.T.);
#4331 = SURFACE_CURVE('',#4332,(#4336,#4343),.PCURVE_S1.);
#4332 = LINE('',#4333,#4334);
#4333 = CARTESIAN_POINT('',(5.15,3.,3.4));
#4334 = VECTOR('',#4335,1.);
#4335 = DIRECTION('',(0.,0.,1.));
#4336 = PCURVE('',#2417,#4337);
#4337 = DEFINITIONAL_REPRESENTATION('',(#4338),#4342);
#4338 = LINE('',#4339,#4340);
#4339 = CARTESIAN_POINT('',(0.,0.));
#4340 = VECTOR('',#4341,1.);
#4341 = DIRECTION('',(0.,-1.));
#4342 = ( GEOMETRIC_REPRESENTATION_CONTEXT(2) 
PARAMETRIC_REPRESENTATION_CONTEXT() REPRESENTATION_CONTEXT('2D SPACE',''
  ) );
#4343 = PCURVE('',#2391,#4344);
#4344 = DEFINITIONAL_REPRESENTATION('',(#4345),#4349);
#4345 = LINE('',#4346,#4347);
#4346 = CARTESIAN_POINT('',(0.32,0.));
#4347 = VECTOR('',#4348,1.);
#4348 = DIRECTION('',(0.,-1.));
#4349 = ( GEOMETRIC_REPRESENTATION_CONTEXT(2) 
PARAMETRIC_REPRESENTATION_CONTEXT() REPRESENTATION_CONTEXT('2D SPACE',''
  ) );
#4350 = ORIENTED_EDGE('',*,*,#2402,.F.);
#4351 = ORIENTED_EDGE('',*,*,#4303,.F.);
#4352 = ADVANCED_FACE('',(#4353),#2391,.F.);
#4353 = FACE_BOUND('',#4354,.F.);
#4354 = EDGE_LOOP('',(#4355,#4356,#4377,#4378));
#4355 = ORIENTED_EDGE('',*,*,#3417,.F.);
#4356 = ORIENTED_EDGE('',*,*,#4357,.T.);
#4357 = EDGE_CURVE('',#3395,#2351,#4358,.T.);
#4358 = SURFACE_CURVE('',#4359,(#4363,#4370),.PCURVE_S1.);
#4359 = LINE('',#4360,#4361);
#4360 = CARTESIAN_POINT('',(5.15,3.32,3.4));
#4361 = VECTOR('',#4362,1.);
#4362 = DIRECTION('',(0.,0.,1.));
#4363 = PCURVE('',#2391,#4364);
#4364 = DEFINITIONAL_REPRESENTATION('',(#4365),#4369);
#4365 = LINE('',#4366,#4367);
#4366 = CARTESIAN_POINT('',(0.,0.));
#4367 = VECTOR('',#4368,1.);
#4368 = DIRECTION('',(0.,-1.));
#4369 = ( GEOMETRIC_REPRESENTATION_CONTEXT(2) 
PARAMETRIC_REPRESENTATION_CONTEXT() REPRESENTATION_CONTEXT('2D SPACE',''
  ) );
#4370 = PCURVE('',#2365,#4371);
#4371 = DEFINITIONAL_REPRESENTATION('',(#4372),#4376);
#4372 = LINE('',#4373,#4374);
#4373 = CARTESIAN_POINT('',(3.6,0.));
#4374 = VECTOR('',#4375,1.);
#4375 = DIRECTION('',(0.,-1.));
#4376 = ( GEOMETRIC_REPRESENTATION_CONTEXT(2) 
PARAMETRIC_REPRESENTATION_CONTEXT() REPRESENTATION_CONTEXT('2D SPACE',''
  ) );
#4377 = ORIENTED_EDGE('',*,*,#2376,.F.);
#4378 = ORIENTED_EDGE('',*,*,#4330,.F.);
#4379 = ADVANCED_FACE('',(#4380),#2365,.F.);
#4380 = FACE_BOUND('',#4381,.F.);
#4381 = EDGE_LOOP('',(#4382,#4383,#4404,#4405));
#4382 = ORIENTED_EDGE('',*,*,#3394,.F.);
#4383 = ORIENTED_EDGE('',*,*,#4384,.T.);
#4384 = EDGE_CURVE('',#3372,#2323,#4385,.T.);
#4385 = SURFACE_CURVE('',#4386,(#4390,#4397),.PCURVE_S1.);
#4386 = LINE('',#4387,#4388);
#4387 = CARTESIAN_POINT('',(1.55,3.32,3.4));
#4388 = VECTOR('',#4389,1.);
#4389 = DIRECTION('',(0.,0.,1.));
#4390 = PCURVE('',#2365,#4391);
#4391 = DEFINITIONAL_REPRESENTATION('',(#4392),#4396);
#4392 = LINE('',#4393,#4394);
#4393 = CARTESIAN_POINT('',(0.,0.));
#4394 = VECTOR('',#4395,1.);
#4395 = DIRECTION('',(0.,-1.));
#4396 = ( GEOMETRIC_REPRESENTATION_CONTEXT(2) 
PARAMETRIC_REPRESENTATION_CONTEXT() REPRESENTATION_CONTEXT('2D SPACE',''
  ) );
#4397 = PCURVE('',#2339,#4398);
#4398 = DEFINITIONAL_REPRESENTATION('',(#4399),#4403);
#4399 = LINE('',#4400,#4401);
#4400 = CARTESIAN_POINT('',(0.32,0.));
#4401 = VECTOR('',#4402,1.);
#4402 = DIRECTION('',(0.,-1.));
#4403 = ( GEOMETRIC_REPRESENTATION_CONTEXT(2) 
PARAMETRIC_REPRESENTATION_CONTEXT() REPRESENTATION_CONTEXT('2D SPACE',''
  ) );
#4404 = ORIENTED_EDGE('',*,*,#2350,.F.);
#4405 = ORIENTED_EDGE('',*,*,#4357,.F.);
#4406 = ADVANCED_FACE('',(#4407),#2339,.F.);
#4407 = FACE_BOUND('',#4408,.F.);
#4408 = EDGE_LOOP('',(#4409,#4410,#4411,#4412));
#4409 = ORIENTED_EDGE('',*,*,#3371,.F.);
#4410 = ORIENTED_EDGE('',*,*,#3347,.T.);
#4411 = ORIENTED_EDGE('',*,*,#2322,.F.);
#4412 = ORIENTED_EDGE('',*,*,#4384,.F.);
#4413 = ADVANCED_FACE('',(#4414),#2309,.F.);
#4414 = FACE_BOUND('',#4415,.F.);
#4415 = EDGE_LOOP('',(#4416,#4446,#4467,#4468));
#4416 = ORIENTED_EDGE('',*,*,#4417,.F.);
#4417 = EDGE_CURVE('',#4418,#4420,#4422,.T.);
#4418 = VERTEX_POINT('',#4419);
#4419 = CARTESIAN_POINT('',(-1.87,-0.32,3.4));
#4420 = VERTEX_POINT('',#4421);
#4421 = CARTESIAN_POINT('',(-5.15,-0.32,3.4));
#4422 = SURFACE_CURVE('',#4423,(#4427,#4434),.PCURVE_S1.);
#4423 = LINE('',#4424,#4425);
#4424 = CARTESIAN_POINT('',(-1.87,-0.32,3.4));
#4425 = VECTOR('',#4426,1.);
#4426 = DIRECTION('',(-1.,0.,0.));
#4427 = PCURVE('',#2309,#4428);
#4428 = DEFINITIONAL_REPRESENTATION('',(#4429),#4433);
#4429 = LINE('',#4430,#4431);
#4430 = CARTESIAN_POINT('',(0.,-0.));
#4431 = VECTOR('',#4432,1.);
#4432 = DIRECTION('',(1.,0.));
#4433 = ( GEOMETRIC_REPRESENTATION_CONTEXT(2) 
PARAMETRIC_REPRESENTATION_CONTEXT() REPRESENTATION_CONTEXT('2D SPACE',''
  ) );
#4434 = PCURVE('',#4435,#4440);
#4435 = PLANE('',#4436);
#4436 = AXIS2_PLACEMENT_3D('',#4437,#4438,#4439);
#4437 = CARTESIAN_POINT('',(-2.9726625387,0.414674922601,3.4));
#4438 = DIRECTION('',(-0.,-0.,-1.));
#4439 = DIRECTION('',(-1.,0.,0.));
#4440 = DEFINITIONAL_REPRESENTATION('',(#4441),#4445);
#4441 = LINE('',#4442,#4443);
#4442 = CARTESIAN_POINT('',(-1.1026625387,-0.734674922601));
#4443 = VECTOR('',#4444,1.);
#4444 = DIRECTION('',(1.,0.));
#4445 = ( GEOMETRIC_REPRESENTATION_CONTEXT(2) 
PARAMETRIC_REPRESENTATION_CONTEXT() REPRESENTATION_CONTEXT('2D SPACE',''
  ) );
#4446 = ORIENTED_EDGE('',*,*,#4447,.T.);
#4447 = EDGE_CURVE('',#4418,#2271,#4448,.T.);
#4448 = SURFACE_CURVE('',#4449,(#4453,#4460),.PCURVE_S1.);
#4449 = LINE('',#4450,#4451);
#4450 = CARTESIAN_POINT('',(-1.87,-0.32,3.4));
#4451 = VECTOR('',#4452,1.);
#4452 = DIRECTION('',(0.,0.,1.));
#4453 = PCURVE('',#2309,#4454);
#4454 = DEFINITIONAL_REPRESENTATION('',(#4455),#4459);
#4455 = LINE('',#4456,#4457);
#4456 = CARTESIAN_POINT('',(0.,-0.));
#4457 = VECTOR('',#4458,1.);
#4458 = DIRECTION('',(0.,-1.));
#4459 = ( GEOMETRIC_REPRESENTATION_CONTEXT(2) 
PARAMETRIC_REPRESENTATION_CONTEXT() REPRESENTATION_CONTEXT('2D SPACE',''
  ) );
#4460 = PCURVE('',#2285,#4461);
#4461 = DEFINITIONAL_REPRESENTATION('',(#4462),#4466);
#4462 = LINE('',#4463,#4464);
#4463 = CARTESIAN_POINT('',(2.68,0.));
#4464 = VECTOR('',#4465,1.);
#4465 = DIRECTION('',(0.,-1.));
#4466 = ( GEOMETRIC_REPRESENTATION_CONTEXT(2) 
PARAMETRIC_REPRESENTATION_CONTEXT() REPRESENTATION_CONTEXT('2D SPACE',''
  ) );
#4467 = ORIENTED_EDGE('',*,*,#2296,.F.);
#4468 = ORIENTED_EDGE('',*,*,#4469,.F.);
#4469 = EDGE_CURVE('',#4420,#2009,#4470,.T.);
#4470 = SURFACE_CURVE('',#4471,(#4475,#4482),.PCURVE_S1.);
#4471 = LINE('',#4472,#4473);
#4472 = CARTESIAN_POINT('',(-5.15,-0.32,3.4));
#4473 = VECTOR('',#4474,1.);
#4474 = DIRECTION('',(0.,0.,1.));
#4475 = PCURVE('',#2309,#4476);
#4476 = DEFINITIONAL_REPRESENTATION('',(#4477),#4481);
#4477 = LINE('',#4478,#4479);
#4478 = CARTESIAN_POINT('',(3.28,0.));
#4479 = VECTOR('',#4480,1.);
#4480 = DIRECTION('',(0.,-1.));
#4481 = ( GEOMETRIC_REPRESENTATION_CONTEXT(2) 
PARAMETRIC_REPRESENTATION_CONTEXT() REPRESENTATION_CONTEXT('2D SPACE',''
  ) );
#4482 = PCURVE('',#2023,#4483);
#4483 = DEFINITIONAL_REPRESENTATION('',(#4484),#4488);
#4484 = LINE('',#4485,#4486);
#4485 = CARTESIAN_POINT('',(0.,0.));
#4486 = VECTOR('',#4487,1.);
#4487 = DIRECTION('',(0.,-1.));
#4488 = ( GEOMETRIC_REPRESENTATION_CONTEXT(2) 
PARAMETRIC_REPRESENTATION_CONTEXT() REPRESENTATION_CONTEXT('2D SPACE',''
  ) );
#4489 = ADVANCED_FACE('',(#4490),#4435,.F.);
#4490 = FACE_BOUND('',#4491,.F.);
#4491 = EDGE_LOOP('',(#4492,#4515,#4538,#4561,#4584,#4607,#4630,#4653,
    #4676,#4699,#4722,#4743));
#4492 = ORIENTED_EDGE('',*,*,#4493,.T.);
#4493 = EDGE_CURVE('',#4420,#4494,#4496,.T.);
#4494 = VERTEX_POINT('',#4495);
#4495 = CARTESIAN_POINT('',(-5.15,0.,3.4));
#4496 = SURFACE_CURVE('',#4497,(#4501,#4508),.PCURVE_S1.);
#4497 = LINE('',#4498,#4499);
#4498 = CARTESIAN_POINT('',(-5.15,-0.32,3.4));
#4499 = VECTOR('',#4500,1.);
#4500 = DIRECTION('',(0.,1.,0.));
#4501 = PCURVE('',#4435,#4502);
#4502 = DEFINITIONAL_REPRESENTATION('',(#4503),#4507);
#4503 = LINE('',#4504,#4505);
#4504 = CARTESIAN_POINT('',(2.1773374613,-0.734674922601));
#4505 = VECTOR('',#4506,1.);
#4506 = DIRECTION('',(0.,1.));
#4507 = ( GEOMETRIC_REPRESENTATION_CONTEXT(2) 
PARAMETRIC_REPRESENTATION_CONTEXT() REPRESENTATION_CONTEXT('2D SPACE',''
  ) );
#4508 = PCURVE('',#2023,#4509);
#4509 = DEFINITIONAL_REPRESENTATION('',(#4510),#4514);
#4510 = LINE('',#4511,#4512);
#4511 = CARTESIAN_POINT('',(0.,0.));
#4512 = VECTOR('',#4513,1.);
#4513 = DIRECTION('',(1.,0.));
#4514 = ( GEOMETRIC_REPRESENTATION_CONTEXT(2) 
PARAMETRIC_REPRESENTATION_CONTEXT() REPRESENTATION_CONTEXT('2D SPACE',''
  ) );
#4515 = ORIENTED_EDGE('',*,*,#4516,.T.);
#4516 = EDGE_CURVE('',#4494,#4517,#4519,.T.);
#4517 = VERTEX_POINT('',#4518);
#4518 = CARTESIAN_POINT('',(-5.47,0.,3.4));
#4519 = SURFACE_CURVE('',#4520,(#4524,#4531),.PCURVE_S1.);
#4520 = LINE('',#4521,#4522);
#4521 = CARTESIAN_POINT('',(-5.15,0.,3.4));
#4522 = VECTOR('',#4523,1.);
#4523 = DIRECTION('',(-1.,0.,0.));
#4524 = PCURVE('',#4435,#4525);
#4525 = DEFINITIONAL_REPRESENTATION('',(#4526),#4530);
#4526 = LINE('',#4527,#4528);
#4527 = CARTESIAN_POINT('',(2.1773374613,-0.414674922601));
#4528 = VECTOR('',#4529,1.);
#4529 = DIRECTION('',(1.,0.));
#4530 = ( GEOMETRIC_REPRESENTATION_CONTEXT(2) 
PARAMETRIC_REPRESENTATION_CONTEXT() REPRESENTATION_CONTEXT('2D SPACE',''
  ) );
#4531 = PCURVE('',#2049,#4532);
#4532 = DEFINITIONAL_REPRESENTATION('',(#4533),#4537);
#4533 = LINE('',#4534,#4535);
#4534 = CARTESIAN_POINT('',(0.,-0.));
#4535 = VECTOR('',#4536,1.);
#4536 = DIRECTION('',(1.,0.));
#4537 = ( GEOMETRIC_REPRESENTATION_CONTEXT(2) 
PARAMETRIC_REPRESENTATION_CONTEXT() REPRESENTATION_CONTEXT('2D SPACE',''
  ) );
#4538 = ORIENTED_EDGE('',*,*,#4539,.T.);
#4539 = EDGE_CURVE('',#4517,#4540,#4542,.T.);
#4540 = VERTEX_POINT('',#4541);
#4541 = CARTESIAN_POINT('',(-5.47,3.,3.4));
#4542 = SURFACE_CURVE('',#4543,(#4547,#4554),.PCURVE_S1.);
#4543 = LINE('',#4544,#4545);
#4544 = CARTESIAN_POINT('',(-5.47,0.,3.4));
#4545 = VECTOR('',#4546,1.);
#4546 = DIRECTION('',(0.,1.,0.));
#4547 = PCURVE('',#4435,#4548);
#4548 = DEFINITIONAL_REPRESENTATION('',(#4549),#4553);
#4549 = LINE('',#4550,#4551);
#4550 = CARTESIAN_POINT('',(2.4973374613,-0.414674922601));
#4551 = VECTOR('',#4552,1.);
#4552 = DIRECTION('',(0.,1.));
#4553 = ( GEOMETRIC_REPRESENTATION_CONTEXT(2) 
PARAMETRIC_REPRESENTATION_CONTEXT() REPRESENTATION_CONTEXT('2D SPACE',''
  ) );
#4554 = PCURVE('',#2075,#4555);
#4555 = DEFINITIONAL_REPRESENTATION('',(#4556),#4560);
#4556 = LINE('',#4557,#4558);
#4557 = CARTESIAN_POINT('',(0.,0.));
#4558 = VECTOR('',#4559,1.);
#4559 = DIRECTION('',(1.,0.));
#4560 = ( GEOMETRIC_REPRESENTATION_CONTEXT(2) 
PARAMETRIC_REPRESENTATION_CONTEXT() REPRESENTATION_CONTEXT('2D SPACE',''
  ) );
#4561 = ORIENTED_EDGE('',*,*,#4562,.T.);
#4562 = EDGE_CURVE('',#4540,#4563,#4565,.T.);
#4563 = VERTEX_POINT('',#4564);
#4564 = CARTESIAN_POINT('',(-4.83,3.,3.4));
#4565 = SURFACE_CURVE('',#4566,(#4570,#4577),.PCURVE_S1.);
#4566 = LINE('',#4567,#4568);
#4567 = CARTESIAN_POINT('',(-5.47,3.,3.4));
#4568 = VECTOR('',#4569,1.);
#4569 = DIRECTION('',(1.,0.,0.));
#4570 = PCURVE('',#4435,#4571);
#4571 = DEFINITIONAL_REPRESENTATION('',(#4572),#4576);
#4572 = LINE('',#4573,#4574);
#4573 = CARTESIAN_POINT('',(2.4973374613,2.585325077399));
#4574 = VECTOR('',#4575,1.);
#4575 = DIRECTION('',(-1.,0.));
#4576 = ( GEOMETRIC_REPRESENTATION_CONTEXT(2) 
PARAMETRIC_REPRESENTATION_CONTEXT() REPRESENTATION_CONTEXT('2D SPACE',''
  ) );
#4577 = PCURVE('',#2101,#4578);
#4578 = DEFINITIONAL_REPRESENTATION('',(#4579),#4583);
#4579 = LINE('',#4580,#4581);
#4580 = CARTESIAN_POINT('',(0.,0.));
#4581 = VECTOR('',#4582,1.);
#4582 = DIRECTION('',(1.,0.));
#4583 = ( GEOMETRIC_REPRESENTATION_CONTEXT(2) 
PARAMETRIC_REPRESENTATION_CONTEXT() REPRESENTATION_CONTEXT('2D SPACE',''
  ) );
#4584 = ORIENTED_EDGE('',*,*,#4585,.T.);
#4585 = EDGE_CURVE('',#4563,#4586,#4588,.T.);
#4586 = VERTEX_POINT('',#4587);
#4587 = CARTESIAN_POINT('',(-4.83,0.32,3.4));
#4588 = SURFACE_CURVE('',#4589,(#4593,#4600),.PCURVE_S1.);
#4589 = LINE('',#4590,#4591);
#4590 = CARTESIAN_POINT('',(-4.83,3.,3.4));
#4591 = VECTOR('',#4592,1.);
#4592 = DIRECTION('',(0.,-1.,0.));
#4593 = PCURVE('',#4435,#4594);
#4594 = DEFINITIONAL_REPRESENTATION('',(#4595),#4599);
#4595 = LINE('',#4596,#4597);
#4596 = CARTESIAN_POINT('',(1.8573374613,2.585325077399));
#4597 = VECTOR('',#4598,1.);
#4598 = DIRECTION('',(0.,-1.));
#4599 = ( GEOMETRIC_REPRESENTATION_CONTEXT(2) 
PARAMETRIC_REPRESENTATION_CONTEXT() REPRESENTATION_CONTEXT('2D SPACE',''
  ) );
#4600 = PCURVE('',#2127,#4601);
#4601 = DEFINITIONAL_REPRESENTATION('',(#4602),#4606);
#4602 = LINE('',#4603,#4604);
#4603 = CARTESIAN_POINT('',(0.,0.));
#4604 = VECTOR('',#4605,1.);
#4605 = DIRECTION('',(1.,0.));
#4606 = ( GEOMETRIC_REPRESENTATION_CONTEXT(2) 
PARAMETRIC_REPRESENTATION_CONTEXT() REPRESENTATION_CONTEXT('2D SPACE',''
  ) );
#4607 = ORIENTED_EDGE('',*,*,#4608,.T.);
#4608 = EDGE_CURVE('',#4586,#4609,#4611,.T.);
#4609 = VERTEX_POINT('',#4610);
#4610 = CARTESIAN_POINT('',(-1.87,0.32,3.4));
#4611 = SURFACE_CURVE('',#4612,(#4616,#4623),.PCURVE_S1.);
#4612 = LINE('',#4613,#4614);
#4613 = CARTESIAN_POINT('',(-4.83,0.32,3.4));
#4614 = VECTOR('',#4615,1.);
#4615 = DIRECTION('',(1.,0.,0.));
#4616 = PCURVE('',#4435,#4617);
#4617 = DEFINITIONAL_REPRESENTATION('',(#4618),#4622);
#4618 = LINE('',#4619,#4620);
#4619 = CARTESIAN_POINT('',(1.8573374613,-9.467492260062E-02));
#4620 = VECTOR('',#4621,1.);
#4621 = DIRECTION('',(-1.,0.));
#4622 = ( GEOMETRIC_REPRESENTATION_CONTEXT(2) 
PARAMETRIC_REPRESENTATION_CONTEXT() REPRESENTATION_CONTEXT('2D SPACE',''
  ) );
#4623 = PCURVE('',#2153,#4624);
#4624 = DEFINITIONAL_REPRESENTATION('',(#4625),#4629);
#4625 = LINE('',#4626,#4627);
#4626 = CARTESIAN_POINT('',(0.,0.));
#4627 = VECTOR('',#4628,1.);
#4628 = DIRECTION('',(1.,0.));
#4629 = ( GEOMETRIC_REPRESENTATION_CONTEXT(2) 
PARAMETRIC_REPRESENTATION_CONTEXT() REPRESENTATION_CONTEXT('2D SPACE',''
  ) );
#4630 = ORIENTED_EDGE('',*,*,#4631,.T.);
#4631 = EDGE_CURVE('',#4609,#4632,#4634,.T.);
#4632 = VERTEX_POINT('',#4633);
#4633 = CARTESIAN_POINT('',(-1.87,3.,3.4));
#4634 = SURFACE_CURVE('',#4635,(#4639,#4646),.PCURVE_S1.);
#4635 = LINE('',#4636,#4637);
#4636 = CARTESIAN_POINT('',(-1.87,0.32,3.4));
#4637 = VECTOR('',#4638,1.);
#4638 = DIRECTION('',(0.,1.,0.));
#4639 = PCURVE('',#4435,#4640);
#4640 = DEFINITIONAL_REPRESENTATION('',(#4641),#4645);
#4641 = LINE('',#4642,#4643);
#4642 = CARTESIAN_POINT('',(-1.1026625387,-9.467492260062E-02));
#4643 = VECTOR('',#4644,1.);
#4644 = DIRECTION('',(0.,1.));
#4645 = ( GEOMETRIC_REPRESENTATION_CONTEXT(2) 
PARAMETRIC_REPRESENTATION_CONTEXT() REPRESENTATION_CONTEXT('2D SPACE',''
  ) );
#4646 = PCURVE('',#2179,#4647);
#4647 = DEFINITIONAL_REPRESENTATION('',(#4648),#4652);
#4648 = LINE('',#4649,#4650);
#4649 = CARTESIAN_POINT('',(0.,0.));
#4650 = VECTOR('',#4651,1.);
#4651 = DIRECTION('',(1.,0.));
#4652 = ( GEOMETRIC_REPRESENTATION_CONTEXT(2) 
PARAMETRIC_REPRESENTATION_CONTEXT() REPRESENTATION_CONTEXT('2D SPACE',''
  ) );
#4653 = ORIENTED_EDGE('',*,*,#4654,.T.);
#4654 = EDGE_CURVE('',#4632,#4655,#4657,.T.);
#4655 = VERTEX_POINT('',#4656);
#4656 = CARTESIAN_POINT('',(-1.23,3.,3.4));
#4657 = SURFACE_CURVE('',#4658,(#4662,#4669),.PCURVE_S1.);
#4658 = LINE('',#4659,#4660);
#4659 = CARTESIAN_POINT('',(-1.87,3.,3.4));
#4660 = VECTOR('',#4661,1.);
#4661 = DIRECTION('',(1.,0.,0.));
#4662 = PCURVE('',#4435,#4663);
#4663 = DEFINITIONAL_REPRESENTATION('',(#4664),#4668);
#4664 = LINE('',#4665,#4666);
#4665 = CARTESIAN_POINT('',(-1.1026625387,2.585325077399));
#4666 = VECTOR('',#4667,1.);
#4667 = DIRECTION('',(-1.,0.));
#4668 = ( GEOMETRIC_REPRESENTATION_CONTEXT(2) 
PARAMETRIC_REPRESENTATION_CONTEXT() REPRESENTATION_CONTEXT('2D SPACE',''
  ) );
#4669 = PCURVE('',#2205,#4670);
#4670 = DEFINITIONAL_REPRESENTATION('',(#4671),#4675);
#4671 = LINE('',#4672,#4673);
#4672 = CARTESIAN_POINT('',(0.,0.));
#4673 = VECTOR('',#4674,1.);
#4674 = DIRECTION('',(1.,0.));
#4675 = ( GEOMETRIC_REPRESENTATION_CONTEXT(2) 
PARAMETRIC_REPRESENTATION_CONTEXT() REPRESENTATION_CONTEXT('2D SPACE',''
  ) );
#4676 = ORIENTED_EDGE('',*,*,#4677,.T.);
#4677 = EDGE_CURVE('',#4655,#4678,#4680,.T.);
#4678 = VERTEX_POINT('',#4679);
#4679 = CARTESIAN_POINT('',(-1.23,-3.,3.4));
#4680 = SURFACE_CURVE('',#4681,(#4685,#4692),.PCURVE_S1.);
#4681 = LINE('',#4682,#4683);
#4682 = CARTESIAN_POINT('',(-1.23,3.,3.4));
#4683 = VECTOR('',#4684,1.);
#4684 = DIRECTION('',(0.,-1.,0.));
#4685 = PCURVE('',#4435,#4686);
#4686 = DEFINITIONAL_REPRESENTATION('',(#4687),#4691);
#4687 = LINE('',#4688,#4689);
#4688 = CARTESIAN_POINT('',(-1.7426625387,2.585325077399));
#4689 = VECTOR('',#4690,1.);
#4690 = DIRECTION('',(0.,-1.));
#4691 = ( GEOMETRIC_REPRESENTATION_CONTEXT(2) 
PARAMETRIC_REPRESENTATION_CONTEXT() REPRESENTATION_CONTEXT('2D SPACE',''
  ) );
#4692 = PCURVE('',#2232,#4693);
#4693 = DEFINITIONAL_REPRESENTATION('',(#4694),#4698);
#4694 = LINE('',#4695,#4696);
#4695 = CARTESIAN_POINT('',(-3.,0.));
#4696 = VECTOR('',#4697,1.);
#4697 = DIRECTION('',(1.,0.));
#4698 = ( GEOMETRIC_REPRESENTATION_CONTEXT(2) 
PARAMETRIC_REPRESENTATION_CONTEXT() REPRESENTATION_CONTEXT('2D SPACE',''
  ) );
#4699 = ORIENTED_EDGE('',*,*,#4700,.T.);
#4700 = EDGE_CURVE('',#4678,#4701,#4703,.T.);
#4701 = VERTEX_POINT('',#4702);
#4702 = CARTESIAN_POINT('',(-1.87,-3.,3.4));
#4703 = SURFACE_CURVE('',#4704,(#4708,#4715),.PCURVE_S1.);
#4704 = LINE('',#4705,#4706);
#4705 = CARTESIAN_POINT('',(-1.23,-3.,3.4));
#4706 = VECTOR('',#4707,1.);
#4707 = DIRECTION('',(-1.,0.,0.));
#4708 = PCURVE('',#4435,#4709);
#4709 = DEFINITIONAL_REPRESENTATION('',(#4710),#4714);
#4710 = LINE('',#4711,#4712);
#4711 = CARTESIAN_POINT('',(-1.7426625387,-3.414674922601));
#4712 = VECTOR('',#4713,1.);
#4713 = DIRECTION('',(1.,0.));
#4714 = ( GEOMETRIC_REPRESENTATION_CONTEXT(2) 
PARAMETRIC_REPRESENTATION_CONTEXT() REPRESENTATION_CONTEXT('2D SPACE',''
  ) );
#4715 = PCURVE('',#2259,#4716);
#4716 = DEFINITIONAL_REPRESENTATION('',(#4717),#4721);
#4717 = LINE('',#4718,#4719);
#4718 = CARTESIAN_POINT('',(0.,-0.));
#4719 = VECTOR('',#4720,1.);
#4720 = DIRECTION('',(1.,0.));
#4721 = ( GEOMETRIC_REPRESENTATION_CONTEXT(2) 
PARAMETRIC_REPRESENTATION_CONTEXT() REPRESENTATION_CONTEXT('2D SPACE',''
  ) );
#4722 = ORIENTED_EDGE('',*,*,#4723,.T.);
#4723 = EDGE_CURVE('',#4701,#4418,#4724,.T.);
#4724 = SURFACE_CURVE('',#4725,(#4729,#4736),.PCURVE_S1.);
#4725 = LINE('',#4726,#4727);
#4726 = CARTESIAN_POINT('',(-1.87,-3.,3.4));
#4727 = VECTOR('',#4728,1.);
#4728 = DIRECTION('',(0.,1.,0.));
#4729 = PCURVE('',#4435,#4730);
#4730 = DEFINITIONAL_REPRESENTATION('',(#4731),#4735);
#4731 = LINE('',#4732,#4733);
#4732 = CARTESIAN_POINT('',(-1.1026625387,-3.414674922601));
#4733 = VECTOR('',#4734,1.);
#4734 = DIRECTION('',(0.,1.));
#4735 = ( GEOMETRIC_REPRESENTATION_CONTEXT(2) 
PARAMETRIC_REPRESENTATION_CONTEXT() REPRESENTATION_CONTEXT('2D SPACE',''
  ) );
#4736 = PCURVE('',#2285,#4737);
#4737 = DEFINITIONAL_REPRESENTATION('',(#4738),#4742);
#4738 = LINE('',#4739,#4740);
#4739 = CARTESIAN_POINT('',(0.,0.));
#4740 = VECTOR('',#4741,1.);
#4741 = DIRECTION('',(1.,0.));
#4742 = ( GEOMETRIC_REPRESENTATION_CONTEXT(2) 
PARAMETRIC_REPRESENTATION_CONTEXT() REPRESENTATION_CONTEXT('2D SPACE',''
  ) );
#4743 = ORIENTED_EDGE('',*,*,#4417,.T.);
#4744 = ADVANCED_FACE('',(#4745),#2285,.F.);
#4745 = FACE_BOUND('',#4746,.F.);
#4746 = EDGE_LOOP('',(#4747,#4748,#4769,#4770));
#4747 = ORIENTED_EDGE('',*,*,#4723,.F.);
#4748 = ORIENTED_EDGE('',*,*,#4749,.T.);
#4749 = EDGE_CURVE('',#4701,#2245,#4750,.T.);
#4750 = SURFACE_CURVE('',#4751,(#4755,#4762),.PCURVE_S1.);
#4751 = LINE('',#4752,#4753);
#4752 = CARTESIAN_POINT('',(-1.87,-3.,3.4));
#4753 = VECTOR('',#4754,1.);
#4754 = DIRECTION('',(0.,0.,1.));
#4755 = PCURVE('',#2285,#4756);
#4756 = DEFINITIONAL_REPRESENTATION('',(#4757),#4761);
#4757 = LINE('',#4758,#4759);
#4758 = CARTESIAN_POINT('',(0.,0.));
#4759 = VECTOR('',#4760,1.);
#4760 = DIRECTION('',(0.,-1.));
#4761 = ( GEOMETRIC_REPRESENTATION_CONTEXT(2) 
PARAMETRIC_REPRESENTATION_CONTEXT() REPRESENTATION_CONTEXT('2D SPACE',''
  ) );
#4762 = PCURVE('',#2259,#4763);
#4763 = DEFINITIONAL_REPRESENTATION('',(#4764),#4768);
#4764 = LINE('',#4765,#4766);
#4765 = CARTESIAN_POINT('',(0.64,0.));
#4766 = VECTOR('',#4767,1.);
#4767 = DIRECTION('',(0.,-1.));
#4768 = ( GEOMETRIC_REPRESENTATION_CONTEXT(2) 
PARAMETRIC_REPRESENTATION_CONTEXT() REPRESENTATION_CONTEXT('2D SPACE',''
  ) );
#4769 = ORIENTED_EDGE('',*,*,#2270,.F.);
#4770 = ORIENTED_EDGE('',*,*,#4447,.F.);
#4771 = ADVANCED_FACE('',(#4772),#2259,.F.);
#4772 = FACE_BOUND('',#4773,.F.);
#4773 = EDGE_LOOP('',(#4774,#4775,#4796,#4797));
#4774 = ORIENTED_EDGE('',*,*,#4700,.F.);
#4775 = ORIENTED_EDGE('',*,*,#4776,.T.);
#4776 = EDGE_CURVE('',#4678,#2217,#4777,.T.);
#4777 = SURFACE_CURVE('',#4778,(#4782,#4789),.PCURVE_S1.);
#4778 = LINE('',#4779,#4780);
#4779 = CARTESIAN_POINT('',(-1.23,-3.,3.4));
#4780 = VECTOR('',#4781,1.);
#4781 = DIRECTION('',(0.,0.,1.));
#4782 = PCURVE('',#2259,#4783);
#4783 = DEFINITIONAL_REPRESENTATION('',(#4784),#4788);
#4784 = LINE('',#4785,#4786);
#4785 = CARTESIAN_POINT('',(0.,-0.));
#4786 = VECTOR('',#4787,1.);
#4787 = DIRECTION('',(0.,-1.));
#4788 = ( GEOMETRIC_REPRESENTATION_CONTEXT(2) 
PARAMETRIC_REPRESENTATION_CONTEXT() REPRESENTATION_CONTEXT('2D SPACE',''
  ) );
#4789 = PCURVE('',#2232,#4790);
#4790 = DEFINITIONAL_REPRESENTATION('',(#4791),#4795);
#4791 = LINE('',#4792,#4793);
#4792 = CARTESIAN_POINT('',(3.,0.));
#4793 = VECTOR('',#4794,1.);
#4794 = DIRECTION('',(0.,-1.));
#4795 = ( GEOMETRIC_REPRESENTATION_CONTEXT(2) 
PARAMETRIC_REPRESENTATION_CONTEXT() REPRESENTATION_CONTEXT('2D SPACE',''
  ) );
#4796 = ORIENTED_EDGE('',*,*,#2244,.F.);
#4797 = ORIENTED_EDGE('',*,*,#4749,.F.);
#4798 = ADVANCED_FACE('',(#4799),#2232,.F.);
#4799 = FACE_BOUND('',#4800,.F.);
#4800 = EDGE_LOOP('',(#4801,#4802,#4823,#4824));
#4801 = ORIENTED_EDGE('',*,*,#4677,.F.);
#4802 = ORIENTED_EDGE('',*,*,#4803,.T.);
#4803 = EDGE_CURVE('',#4655,#2191,#4804,.T.);
#4804 = SURFACE_CURVE('',#4805,(#4809,#4816),.PCURVE_S1.);
#4805 = LINE('',#4806,#4807);
#4806 = CARTESIAN_POINT('',(-1.23,3.,3.4));
#4807 = VECTOR('',#4808,1.);
#4808 = DIRECTION('',(0.,0.,1.));
#4809 = PCURVE('',#2232,#4810);
#4810 = DEFINITIONAL_REPRESENTATION('',(#4811),#4815);
#4811 = LINE('',#4812,#4813);
#4812 = CARTESIAN_POINT('',(-3.,0.));
#4813 = VECTOR('',#4814,1.);
#4814 = DIRECTION('',(0.,-1.));
#4815 = ( GEOMETRIC_REPRESENTATION_CONTEXT(2) 
PARAMETRIC_REPRESENTATION_CONTEXT() REPRESENTATION_CONTEXT('2D SPACE',''
  ) );
#4816 = PCURVE('',#2205,#4817);
#4817 = DEFINITIONAL_REPRESENTATION('',(#4818),#4822);
#4818 = LINE('',#4819,#4820);
#4819 = CARTESIAN_POINT('',(0.64,0.));
#4820 = VECTOR('',#4821,1.);
#4821 = DIRECTION('',(0.,-1.));
#4822 = ( GEOMETRIC_REPRESENTATION_CONTEXT(2) 
PARAMETRIC_REPRESENTATION_CONTEXT() REPRESENTATION_CONTEXT('2D SPACE',''
  ) );
#4823 = ORIENTED_EDGE('',*,*,#2216,.T.);
#4824 = ORIENTED_EDGE('',*,*,#4776,.F.);
#4825 = ADVANCED_FACE('',(#4826),#2205,.F.);
#4826 = FACE_BOUND('',#4827,.F.);
#4827 = EDGE_LOOP('',(#4828,#4829,#4850,#4851));
#4828 = ORIENTED_EDGE('',*,*,#4654,.F.);
#4829 = ORIENTED_EDGE('',*,*,#4830,.T.);
#4830 = EDGE_CURVE('',#4632,#2165,#4831,.T.);
#4831 = SURFACE_CURVE('',#4832,(#4836,#4843),.PCURVE_S1.);
#4832 = LINE('',#4833,#4834);
#4833 = CARTESIAN_POINT('',(-1.87,3.,3.4));
#4834 = VECTOR('',#4835,1.);
#4835 = DIRECTION('',(0.,0.,1.));
#4836 = PCURVE('',#2205,#4837);
#4837 = DEFINITIONAL_REPRESENTATION('',(#4838),#4842);
#4838 = LINE('',#4839,#4840);
#4839 = CARTESIAN_POINT('',(0.,0.));
#4840 = VECTOR('',#4841,1.);
#4841 = DIRECTION('',(0.,-1.));
#4842 = ( GEOMETRIC_REPRESENTATION_CONTEXT(2) 
PARAMETRIC_REPRESENTATION_CONTEXT() REPRESENTATION_CONTEXT('2D SPACE',''
  ) );
#4843 = PCURVE('',#2179,#4844);
#4844 = DEFINITIONAL_REPRESENTATION('',(#4845),#4849);
#4845 = LINE('',#4846,#4847);
#4846 = CARTESIAN_POINT('',(2.68,0.));
#4847 = VECTOR('',#4848,1.);
#4848 = DIRECTION('',(0.,-1.));
#4849 = ( GEOMETRIC_REPRESENTATION_CONTEXT(2) 
PARAMETRIC_REPRESENTATION_CONTEXT() REPRESENTATION_CONTEXT('2D SPACE',''
  ) );
#4850 = ORIENTED_EDGE('',*,*,#2190,.F.);
#4851 = ORIENTED_EDGE('',*,*,#4803,.F.);
#4852 = ADVANCED_FACE('',(#4853),#2179,.F.);
#4853 = FACE_BOUND('',#4854,.F.);
#4854 = EDGE_LOOP('',(#4855,#4856,#4877,#4878));
#4855 = ORIENTED_EDGE('',*,*,#4631,.F.);
#4856 = ORIENTED_EDGE('',*,*,#4857,.T.);
#4857 = EDGE_CURVE('',#4609,#2139,#4858,.T.);
#4858 = SURFACE_CURVE('',#4859,(#4863,#4870),.PCURVE_S1.);
#4859 = LINE('',#4860,#4861);
#4860 = CARTESIAN_POINT('',(-1.87,0.32,3.4));
#4861 = VECTOR('',#4862,1.);
#4862 = DIRECTION('',(0.,0.,1.));
#4863 = PCURVE('',#2179,#4864);
#4864 = DEFINITIONAL_REPRESENTATION('',(#4865),#4869);
#4865 = LINE('',#4866,#4867);
#4866 = CARTESIAN_POINT('',(0.,0.));
#4867 = VECTOR('',#4868,1.);
#4868 = DIRECTION('',(0.,-1.));
#4869 = ( GEOMETRIC_REPRESENTATION_CONTEXT(2) 
PARAMETRIC_REPRESENTATION_CONTEXT() REPRESENTATION_CONTEXT('2D SPACE',''
  ) );
#4870 = PCURVE('',#2153,#4871);
#4871 = DEFINITIONAL_REPRESENTATION('',(#4872),#4876);
#4872 = LINE('',#4873,#4874);
#4873 = CARTESIAN_POINT('',(2.96,0.));
#4874 = VECTOR('',#4875,1.);
#4875 = DIRECTION('',(0.,-1.));
#4876 = ( GEOMETRIC_REPRESENTATION_CONTEXT(2) 
PARAMETRIC_REPRESENTATION_CONTEXT() REPRESENTATION_CONTEXT('2D SPACE',''
  ) );
#4877 = ORIENTED_EDGE('',*,*,#2164,.F.);
#4878 = ORIENTED_EDGE('',*,*,#4830,.F.);
#4879 = ADVANCED_FACE('',(#4880),#2153,.F.);
#4880 = FACE_BOUND('',#4881,.F.);
#4881 = EDGE_LOOP('',(#4882,#4883,#4904,#4905));
#4882 = ORIENTED_EDGE('',*,*,#4608,.F.);
#4883 = ORIENTED_EDGE('',*,*,#4884,.T.);
#4884 = EDGE_CURVE('',#4586,#2113,#4885,.T.);
#4885 = SURFACE_CURVE('',#4886,(#4890,#4897),.PCURVE_S1.);
#4886 = LINE('',#4887,#4888);
#4887 = CARTESIAN_POINT('',(-4.83,0.32,3.4));
#4888 = VECTOR('',#4889,1.);
#4889 = DIRECTION('',(0.,0.,1.));
#4890 = PCURVE('',#2153,#4891);
#4891 = DEFINITIONAL_REPRESENTATION('',(#4892),#4896);
#4892 = LINE('',#4893,#4894);
#4893 = CARTESIAN_POINT('',(0.,0.));
#4894 = VECTOR('',#4895,1.);
#4895 = DIRECTION('',(0.,-1.));
#4896 = ( GEOMETRIC_REPRESENTATION_CONTEXT(2) 
PARAMETRIC_REPRESENTATION_CONTEXT() REPRESENTATION_CONTEXT('2D SPACE',''
  ) );
#4897 = PCURVE('',#2127,#4898);
#4898 = DEFINITIONAL_REPRESENTATION('',(#4899),#4903);
#4899 = LINE('',#4900,#4901);
#4900 = CARTESIAN_POINT('',(2.68,0.));
#4901 = VECTOR('',#4902,1.);
#4902 = DIRECTION('',(0.,-1.));
#4903 = ( GEOMETRIC_REPRESENTATION_CONTEXT(2) 
PARAMETRIC_REPRESENTATION_CONTEXT() REPRESENTATION_CONTEXT('2D SPACE',''
  ) );
#4904 = ORIENTED_EDGE('',*,*,#2138,.F.);
#4905 = ORIENTED_EDGE('',*,*,#4857,.F.);
#4906 = ADVANCED_FACE('',(#4907),#2127,.F.);
#4907 = FACE_BOUND('',#4908,.F.);
#4908 = EDGE_LOOP('',(#4909,#4910,#4931,#4932));
#4909 = ORIENTED_EDGE('',*,*,#4585,.F.);
#4910 = ORIENTED_EDGE('',*,*,#4911,.T.);
#4911 = EDGE_CURVE('',#4563,#2087,#4912,.T.);
#4912 = SURFACE_CURVE('',#4913,(#4917,#4924),.PCURVE_S1.);
#4913 = LINE('',#4914,#4915);
#4914 = CARTESIAN_POINT('',(-4.83,3.,3.4));
#4915 = VECTOR('',#4916,1.);
#4916 = DIRECTION('',(0.,0.,1.));
#4917 = PCURVE('',#2127,#4918);
#4918 = DEFINITIONAL_REPRESENTATION('',(#4919),#4923);
#4919 = LINE('',#4920,#4921);
#4920 = CARTESIAN_POINT('',(0.,0.));
#4921 = VECTOR('',#4922,1.);
#4922 = DIRECTION('',(0.,-1.));
#4923 = ( GEOMETRIC_REPRESENTATION_CONTEXT(2) 
PARAMETRIC_REPRESENTATION_CONTEXT() REPRESENTATION_CONTEXT('2D SPACE',''
  ) );
#4924 = PCURVE('',#2101,#4925);
#4925 = DEFINITIONAL_REPRESENTATION('',(#4926),#4930);
#4926 = LINE('',#4927,#4928);
#4927 = CARTESIAN_POINT('',(0.64,0.));
#4928 = VECTOR('',#4929,1.);
#4929 = DIRECTION('',(0.,-1.));
#4930 = ( GEOMETRIC_REPRESENTATION_CONTEXT(2) 
PARAMETRIC_REPRESENTATION_CONTEXT() REPRESENTATION_CONTEXT('2D SPACE',''
  ) );
#4931 = ORIENTED_EDGE('',*,*,#2112,.F.);
#4932 = ORIENTED_EDGE('',*,*,#4884,.F.);
#4933 = ADVANCED_FACE('',(#4934),#2101,.F.);
#4934 = FACE_BOUND('',#4935,.F.);
#4935 = EDGE_LOOP('',(#4936,#4937,#4958,#4959));
#4936 = ORIENTED_EDGE('',*,*,#4562,.F.);
#4937 = ORIENTED_EDGE('',*,*,#4938,.T.);
#4938 = EDGE_CURVE('',#4540,#2061,#4939,.T.);
#4939 = SURFACE_CURVE('',#4940,(#4944,#4951),.PCURVE_S1.);
#4940 = LINE('',#4941,#4942);
#4941 = CARTESIAN_POINT('',(-5.47,3.,3.4));
#4942 = VECTOR('',#4943,1.);
#4943 = DIRECTION('',(0.,0.,1.));
#4944 = PCURVE('',#2101,#4945);
#4945 = DEFINITIONAL_REPRESENTATION('',(#4946),#4950);
#4946 = LINE('',#4947,#4948);
#4947 = CARTESIAN_POINT('',(0.,0.));
#4948 = VECTOR('',#4949,1.);
#4949 = DIRECTION('',(0.,-1.));
#4950 = ( GEOMETRIC_REPRESENTATION_CONTEXT(2) 
PARAMETRIC_REPRESENTATION_CONTEXT() REPRESENTATION_CONTEXT('2D SPACE',''
  ) );
#4951 = PCURVE('',#2075,#4952);
#4952 = DEFINITIONAL_REPRESENTATION('',(#4953),#4957);
#4953 = LINE('',#4954,#4955);
#4954 = CARTESIAN_POINT('',(3.,0.));
#4955 = VECTOR('',#4956,1.);
#4956 = DIRECTION('',(0.,-1.));
#4957 = ( GEOMETRIC_REPRESENTATION_CONTEXT(2) 
PARAMETRIC_REPRESENTATION_CONTEXT() REPRESENTATION_CONTEXT('2D SPACE',''
  ) );
#4958 = ORIENTED_EDGE('',*,*,#2086,.F.);
#4959 = ORIENTED_EDGE('',*,*,#4911,.F.);
#4960 = ADVANCED_FACE('',(#4961),#2075,.F.);
#4961 = FACE_BOUND('',#4962,.F.);
#4962 = EDGE_LOOP('',(#4963,#4964,#4985,#4986));
#4963 = ORIENTED_EDGE('',*,*,#4539,.F.);
#4964 = ORIENTED_EDGE('',*,*,#4965,.T.);
#4965 = EDGE_CURVE('',#4517,#2035,#4966,.T.);
#4966 = SURFACE_CURVE('',#4967,(#4971,#4978),.PCURVE_S1.);
#4967 = LINE('',#4968,#4969);
#4968 = CARTESIAN_POINT('',(-5.47,0.,3.4));
#4969 = VECTOR('',#4970,1.);
#4970 = DIRECTION('',(0.,0.,1.));
#4971 = PCURVE('',#2075,#4972);
#4972 = DEFINITIONAL_REPRESENTATION('',(#4973),#4977);
#4973 = LINE('',#4974,#4975);
#4974 = CARTESIAN_POINT('',(0.,0.));
#4975 = VECTOR('',#4976,1.);
#4976 = DIRECTION('',(0.,-1.));
#4977 = ( GEOMETRIC_REPRESENTATION_CONTEXT(2) 
PARAMETRIC_REPRESENTATION_CONTEXT() REPRESENTATION_CONTEXT('2D SPACE',''
  ) );
#4978 = PCURVE('',#2049,#4979);
#4979 = DEFINITIONAL_REPRESENTATION('',(#4980),#4984);
#4980 = LINE('',#4981,#4982);
#4981 = CARTESIAN_POINT('',(0.32,0.));
#4982 = VECTOR('',#4983,1.);
#4983 = DIRECTION('',(0.,-1.));
#4984 = ( GEOMETRIC_REPRESENTATION_CONTEXT(2) 
PARAMETRIC_REPRESENTATION_CONTEXT() REPRESENTATION_CONTEXT('2D SPACE',''
  ) );
#4985 = ORIENTED_EDGE('',*,*,#2060,.F.);
#4986 = ORIENTED_EDGE('',*,*,#4938,.F.);
#4987 = ADVANCED_FACE('',(#4988),#2049,.F.);
#4988 = FACE_BOUND('',#4989,.F.);
#4989 = EDGE_LOOP('',(#4990,#4991,#5012,#5013));
#4990 = ORIENTED_EDGE('',*,*,#4516,.F.);
#4991 = ORIENTED_EDGE('',*,*,#4992,.T.);
#4992 = EDGE_CURVE('',#4494,#2007,#4993,.T.);
#4993 = SURFACE_CURVE('',#4994,(#4998,#5005),.PCURVE_S1.);
#4994 = LINE('',#4995,#4996);
#4995 = CARTESIAN_POINT('',(-5.15,0.,3.4));
#4996 = VECTOR('',#4997,1.);
#4997 = DIRECTION('',(0.,0.,1.));
#4998 = PCURVE('',#2049,#4999);
#4999 = DEFINITIONAL_REPRESENTATION('',(#5000),#5004);
#5000 = LINE('',#5001,#5002);
#5001 = CARTESIAN_POINT('',(0.,-0.));
#5002 = VECTOR('',#5003,1.);
#5003 = DIRECTION('',(0.,-1.));
#5004 = ( GEOMETRIC_REPRESENTATION_CONTEXT(2) 
PARAMETRIC_REPRESENTATION_CONTEXT() REPRESENTATION_CONTEXT('2D SPACE',''
  ) );
#5005 = PCURVE('',#2023,#5006);
#5006 = DEFINITIONAL_REPRESENTATION('',(#5007),#5011);
#5007 = LINE('',#5008,#5009);
#5008 = CARTESIAN_POINT('',(0.32,0.));
#5009 = VECTOR('',#5010,1.);
#5010 = DIRECTION('',(0.,-1.));
#5011 = ( GEOMETRIC_REPRESENTATION_CONTEXT(2) 
PARAMETRIC_REPRESENTATION_CONTEXT() REPRESENTATION_CONTEXT('2D SPACE',''
  ) );
#5012 = ORIENTED_EDGE('',*,*,#2034,.F.);
#5013 = ORIENTED_EDGE('',*,*,#4965,.F.);
#5014 = ADVANCED_FACE('',(#5015),#2023,.F.);
#5015 = FACE_BOUND('',#5016,.F.);
#5016 = EDGE_LOOP('',(#5017,#5018,#5019,#5020));
#5017 = ORIENTED_EDGE('',*,*,#4493,.F.);
#5018 = ORIENTED_EDGE('',*,*,#4469,.T.);
#5019 = ORIENTED_EDGE('',*,*,#2006,.F.);
#5020 = ORIENTED_EDGE('',*,*,#4992,.F.);
#5021 = ADVANCED_FACE('',(#5022),#1993,.F.);
#5022 = FACE_BOUND('',#5023,.F.);
#5023 = EDGE_LOOP('',(#5024,#5054,#5075,#5076));
#5024 = ORIENTED_EDGE('',*,*,#5025,.F.);
#5025 = EDGE_CURVE('',#5026,#5028,#5030,.T.);
#5026 = VERTEX_POINT('',#5027);
#5027 = CARTESIAN_POINT('',(0.492314112161,-2.928036128806,3.4));
#5028 = VERTEX_POINT('',#5029);
#5029 = CARTESIAN_POINT('',(0.482776134293,-2.966113870902,3.4));
#5030 = SURFACE_CURVE('',#5031,(#5035,#5042),.PCURVE_S1.);
#5031 = LINE('',#5032,#5033);
#5032 = CARTESIAN_POINT('',(0.492314112161,-2.928036128806,3.4));
#5033 = VECTOR('',#5034,1.);
#5034 = DIRECTION('',(-0.242980179903,-0.970031253195,0.));
#5035 = PCURVE('',#1993,#5036);
#5036 = DEFINITIONAL_REPRESENTATION('',(#5037),#5041);
#5037 = LINE('',#5038,#5039);
#5038 = CARTESIAN_POINT('',(0.,0.));
#5039 = VECTOR('',#5040,1.);
#5040 = DIRECTION('',(1.,0.));
#5041 = ( GEOMETRIC_REPRESENTATION_CONTEXT(2) 
PARAMETRIC_REPRESENTATION_CONTEXT() REPRESENTATION_CONTEXT('2D SPACE',''
  ) );
#5042 = PCURVE('',#5043,#5048);
#5043 = PLANE('',#5044);
#5044 = AXIS2_PLACEMENT_3D('',#5045,#5046,#5047);
#5045 = CARTESIAN_POINT('',(1.E-01,-2.85,3.4));
#5046 = DIRECTION('',(-0.,-0.,-1.));
#5047 = DIRECTION('',(-1.,0.,0.));
#5048 = DEFINITIONAL_REPRESENTATION('',(#5049),#5053);
#5049 = LINE('',#5050,#5051);
#5050 = CARTESIAN_POINT('',(-0.392314112161,-7.803612880645E-02));
#5051 = VECTOR('',#5052,1.);
#5052 = DIRECTION('',(0.242980179903,-0.970031253195));
#5053 = ( GEOMETRIC_REPRESENTATION_CONTEXT(2) 
PARAMETRIC_REPRESENTATION_CONTEXT() REPRESENTATION_CONTEXT('2D SPACE',''
  ) );
#5054 = ORIENTED_EDGE('',*,*,#5055,.T.);
#5055 = EDGE_CURVE('',#5026,#1955,#5056,.T.);
#5056 = SURFACE_CURVE('',#5057,(#5061,#5068),.PCURVE_S1.);
#5057 = LINE('',#5058,#5059);
#5058 = CARTESIAN_POINT('',(0.492314112161,-2.928036128806,3.4));
#5059 = VECTOR('',#5060,1.);
#5060 = DIRECTION('',(0.,0.,1.));
#5061 = PCURVE('',#1993,#5062);
#5062 = DEFINITIONAL_REPRESENTATION('',(#5063),#5067);
#5063 = LINE('',#5064,#5065);
#5064 = CARTESIAN_POINT('',(0.,0.));
#5065 = VECTOR('',#5066,1.);
#5066 = DIRECTION('',(0.,-1.));
#5067 = ( GEOMETRIC_REPRESENTATION_CONTEXT(2) 
PARAMETRIC_REPRESENTATION_CONTEXT() REPRESENTATION_CONTEXT('2D SPACE',''
  ) );
#5068 = PCURVE('',#1969,#5069);
#5069 = DEFINITIONAL_REPRESENTATION('',(#5070),#5074);
#5070 = LINE('',#5071,#5072);
#5071 = CARTESIAN_POINT('',(3.925413946193E-02,0.));
#5072 = VECTOR('',#5073,1.);
#5073 = DIRECTION('',(0.,-1.));
#5074 = ( GEOMETRIC_REPRESENTATION_CONTEXT(2) 
PARAMETRIC_REPRESENTATION_CONTEXT() REPRESENTATION_CONTEXT('2D SPACE',''
  ) );
#5075 = ORIENTED_EDGE('',*,*,#1980,.F.);
#5076 = ORIENTED_EDGE('',*,*,#5077,.F.);
#5077 = EDGE_CURVE('',#5028,#343,#5078,.T.);
#5078 = SURFACE_CURVE('',#5079,(#5083,#5090),.PCURVE_S1.);
#5079 = LINE('',#5080,#5081);
#5080 = CARTESIAN_POINT('',(0.482776134293,-2.966113870902,3.4));
#5081 = VECTOR('',#5082,1.);
#5082 = DIRECTION('',(0.,0.,1.));
#5083 = PCURVE('',#1993,#5084);
#5084 = DEFINITIONAL_REPRESENTATION('',(#5085),#5089);
#5085 = LINE('',#5086,#5087);
#5086 = CARTESIAN_POINT('',(3.925413946193E-02,0.));
#5087 = VECTOR('',#5088,1.);
#5088 = DIRECTION('',(0.,-1.));
#5089 = ( GEOMETRIC_REPRESENTATION_CONTEXT(2) 
PARAMETRIC_REPRESENTATION_CONTEXT() REPRESENTATION_CONTEXT('2D SPACE',''
  ) );
#5090 = PCURVE('',#357,#5091);
#5091 = DEFINITIONAL_REPRESENTATION('',(#5092),#5096);
#5092 = LINE('',#5093,#5094);
#5093 = CARTESIAN_POINT('',(0.,0.));
#5094 = VECTOR('',#5095,1.);
#5095 = DIRECTION('',(0.,-1.));
#5096 = ( GEOMETRIC_REPRESENTATION_CONTEXT(2) 
PARAMETRIC_REPRESENTATION_CONTEXT() REPRESENTATION_CONTEXT('2D SPACE',''
  ) );
#5097 = ADVANCED_FACE('',(#5098),#5043,.F.);
#5098 = FACE_BOUND('',#5099,.F.);
#5099 = EDGE_LOOP('',(#5100,#5123,#5146,#5169,#5192,#5215,#5238,#5261,
    #5284,#5307,#5330,#5353,#5376,#5399,#5422,#5445,#5468,#5491,#5514,
    #5537,#5560,#5583,#5606,#5629,#5652,#5675,#5698,#5721,#5744,#5767,
    #5790,#5813,#5836,#5859,#5882,#5905,#5928,#5951,#5974,#5997,#6020,
    #6043,#6066,#6089,#6112,#6135,#6158,#6181,#6204,#6227,#6250,#6273,
    #6296,#6319,#6342,#6365,#6388,#6411,#6434,#6457,#6480,#6503,#6526,
    #6547));
#5100 = ORIENTED_EDGE('',*,*,#5101,.T.);
#5101 = EDGE_CURVE('',#5028,#5102,#5104,.T.);
#5102 = VERTEX_POINT('',#5103);
#5103 = CARTESIAN_POINT('',(0.469551813005,-3.003073372946,3.4));
#5104 = SURFACE_CURVE('',#5105,(#5109,#5116),.PCURVE_S1.);
#5105 = LINE('',#5106,#5107);
#5106 = CARTESIAN_POINT('',(0.482776134293,-2.966113870902,3.4));
#5107 = VECTOR('',#5108,1.);
#5108 = DIRECTION('',(-0.336889853392,-0.941544065183,0.));
#5109 = PCURVE('',#5043,#5110);
#5110 = DEFINITIONAL_REPRESENTATION('',(#5111),#5115);
#5111 = LINE('',#5112,#5113);
#5112 = CARTESIAN_POINT('',(-0.382776134293,-0.116113870902));
#5113 = VECTOR('',#5114,1.);
#5114 = DIRECTION('',(0.336889853392,-0.941544065183));
#5115 = ( GEOMETRIC_REPRESENTATION_CONTEXT(2) 
PARAMETRIC_REPRESENTATION_CONTEXT() REPRESENTATION_CONTEXT('2D SPACE',''
  ) );
#5116 = PCURVE('',#357,#5117);
#5117 = DEFINITIONAL_REPRESENTATION('',(#5118),#5122);
#5118 = LINE('',#5119,#5120);
#5119 = CARTESIAN_POINT('',(0.,0.));
#5120 = VECTOR('',#5121,1.);
#5121 = DIRECTION('',(1.,0.));
#5122 = ( GEOMETRIC_REPRESENTATION_CONTEXT(2) 
PARAMETRIC_REPRESENTATION_CONTEXT() REPRESENTATION_CONTEXT('2D SPACE',''
  ) );
#5123 = ORIENTED_EDGE('',*,*,#5124,.T.);
#5124 = EDGE_CURVE('',#5102,#5125,#5127,.T.);
#5125 = VERTEX_POINT('',#5126);
#5126 = CARTESIAN_POINT('',(0.452768505739,-3.03855869473,3.4));
#5127 = SURFACE_CURVE('',#5128,(#5132,#5139),.PCURVE_S1.);
#5128 = LINE('',#5129,#5130);
#5129 = CARTESIAN_POINT('',(0.469551813005,-3.003073372946,3.4));
#5130 = VECTOR('',#5131,1.);
#5131 = DIRECTION('',(-0.42755509343,-0.903989293123,0.));
#5132 = PCURVE('',#5043,#5133);
#5133 = DEFINITIONAL_REPRESENTATION('',(#5134),#5138);
#5134 = LINE('',#5135,#5136);
#5135 = CARTESIAN_POINT('',(-0.369551813005,-0.153073372946));
#5136 = VECTOR('',#5137,1.);
#5137 = DIRECTION('',(0.42755509343,-0.903989293123));
#5138 = ( GEOMETRIC_REPRESENTATION_CONTEXT(2) 
PARAMETRIC_REPRESENTATION_CONTEXT() REPRESENTATION_CONTEXT('2D SPACE',''
  ) );
#5139 = PCURVE('',#383,#5140);
#5140 = DEFINITIONAL_REPRESENTATION('',(#5141),#5145);
#5141 = LINE('',#5142,#5143);
#5142 = CARTESIAN_POINT('',(0.,0.));
#5143 = VECTOR('',#5144,1.);
#5144 = DIRECTION('',(1.,0.));
#5145 = ( GEOMETRIC_REPRESENTATION_CONTEXT(2) 
PARAMETRIC_REPRESENTATION_CONTEXT() REPRESENTATION_CONTEXT('2D SPACE',''
  ) );
#5146 = ORIENTED_EDGE('',*,*,#5147,.T.);
#5147 = EDGE_CURVE('',#5125,#5148,#5150,.T.);
#5148 = VERTEX_POINT('',#5149);
#5149 = CARTESIAN_POINT('',(0.432587844921,-3.072228093208,3.4));
#5150 = SURFACE_CURVE('',#5151,(#5155,#5162),.PCURVE_S1.);
#5151 = LINE('',#5152,#5153);
#5152 = CARTESIAN_POINT('',(0.452768505739,-3.03855869473,3.4));
#5153 = VECTOR('',#5154,1.);
#5154 = DIRECTION('',(-0.514102744193,-0.85772861,0.));
#5155 = PCURVE('',#5043,#5156);
#5156 = DEFINITIONAL_REPRESENTATION('',(#5157),#5161);
#5157 = LINE('',#5158,#5159);
#5158 = CARTESIAN_POINT('',(-0.352768505739,-0.18855869473));
#5159 = VECTOR('',#5160,1.);
#5160 = DIRECTION('',(0.514102744193,-0.85772861));
#5161 = ( GEOMETRIC_REPRESENTATION_CONTEXT(2) 
PARAMETRIC_REPRESENTATION_CONTEXT() REPRESENTATION_CONTEXT('2D SPACE',''
  ) );
#5162 = PCURVE('',#409,#5163);
#5163 = DEFINITIONAL_REPRESENTATION('',(#5164),#5168);
#5164 = LINE('',#5165,#5166);
#5165 = CARTESIAN_POINT('',(0.,0.));
#5166 = VECTOR('',#5167,1.);
#5167 = DIRECTION('',(1.,0.));
#5168 = ( GEOMETRIC_REPRESENTATION_CONTEXT(2) 
PARAMETRIC_REPRESENTATION_CONTEXT() REPRESENTATION_CONTEXT('2D SPACE',''
  ) );
#5169 = ORIENTED_EDGE('',*,*,#5170,.T.);
#5170 = EDGE_CURVE('',#5148,#5171,#5173,.T.);
#5171 = VERTEX_POINT('',#5172);
#5172 = CARTESIAN_POINT('',(0.409204181345,-3.103757313665,3.4));
#5173 = SURFACE_CURVE('',#5174,(#5178,#5185),.PCURVE_S1.);
#5174 = LINE('',#5175,#5176);
#5175 = CARTESIAN_POINT('',(0.432587844921,-3.072228093208,3.4));
#5176 = VECTOR('',#5177,1.);
#5177 = DIRECTION('',(-0.595699304492,-0.803207531481,0.));
#5178 = PCURVE('',#5043,#5179);
#5179 = DEFINITIONAL_REPRESENTATION('',(#5180),#5184);
#5180 = LINE('',#5181,#5182);
#5181 = CARTESIAN_POINT('',(-0.332587844921,-0.222228093208));
#5182 = VECTOR('',#5183,1.);
#5183 = DIRECTION('',(0.595699304492,-0.803207531481));
#5184 = ( GEOMETRIC_REPRESENTATION_CONTEXT(2) 
PARAMETRIC_REPRESENTATION_CONTEXT() REPRESENTATION_CONTEXT('2D SPACE',''
  ) );
#5185 = PCURVE('',#435,#5186);
#5186 = DEFINITIONAL_REPRESENTATION('',(#5187),#5191);
#5187 = LINE('',#5188,#5189);
#5188 = CARTESIAN_POINT('',(0.,0.));
#5189 = VECTOR('',#5190,1.);
#5190 = DIRECTION('',(1.,0.));
#5191 = ( GEOMETRIC_REPRESENTATION_CONTEXT(2) 
PARAMETRIC_REPRESENTATION_CONTEXT() REPRESENTATION_CONTEXT('2D SPACE',''
  ) );
#5192 = ORIENTED_EDGE('',*,*,#5193,.T.);
#5193 = EDGE_CURVE('',#5171,#5194,#5196,.T.);
#5194 = VERTEX_POINT('',#5195);
#5195 = CARTESIAN_POINT('',(0.382842712475,-3.132842712475,3.4));
#5196 = SURFACE_CURVE('',#5197,(#5201,#5208),.PCURVE_S1.);
#5197 = LINE('',#5198,#5199);
#5198 = CARTESIAN_POINT('',(0.409204181345,-3.103757313665,3.4));
#5199 = VECTOR('',#5200,1.);
#5200 = DIRECTION('',(-0.671558954847,-0.740951125355,0.));
#5201 = PCURVE('',#5043,#5202);
#5202 = DEFINITIONAL_REPRESENTATION('',(#5203),#5207);
#5203 = LINE('',#5204,#5205);
#5204 = CARTESIAN_POINT('',(-0.309204181345,-0.253757313665));
#5205 = VECTOR('',#5206,1.);
#5206 = DIRECTION('',(0.671558954847,-0.740951125355));
#5207 = ( GEOMETRIC_REPRESENTATION_CONTEXT(2) 
PARAMETRIC_REPRESENTATION_CONTEXT() REPRESENTATION_CONTEXT('2D SPACE',''
  ) );
#5208 = PCURVE('',#461,#5209);
#5209 = DEFINITIONAL_REPRESENTATION('',(#5210),#5214);
#5210 = LINE('',#5211,#5212);
#5211 = CARTESIAN_POINT('',(0.,0.));
#5212 = VECTOR('',#5213,1.);
#5213 = DIRECTION('',(1.,0.));
#5214 = ( GEOMETRIC_REPRESENTATION_CONTEXT(2) 
PARAMETRIC_REPRESENTATION_CONTEXT() REPRESENTATION_CONTEXT('2D SPACE',''
  ) );
#5215 = ORIENTED_EDGE('',*,*,#5216,.T.);
#5216 = EDGE_CURVE('',#5194,#5217,#5219,.T.);
#5217 = VERTEX_POINT('',#5218);
#5218 = CARTESIAN_POINT('',(0.353757313665,-3.159204181345,3.4));
#5219 = SURFACE_CURVE('',#5220,(#5224,#5231),.PCURVE_S1.);
#5220 = LINE('',#5221,#5222);
#5221 = CARTESIAN_POINT('',(0.382842712475,-3.132842712475,3.4));
#5222 = VECTOR('',#5223,1.);
#5223 = DIRECTION('',(-0.740951125355,-0.671558954847,0.));
#5224 = PCURVE('',#5043,#5225);
#5225 = DEFINITIONAL_REPRESENTATION('',(#5226),#5230);
#5226 = LINE('',#5227,#5228);
#5227 = CARTESIAN_POINT('',(-0.282842712475,-0.282842712475));
#5228 = VECTOR('',#5229,1.);
#5229 = DIRECTION('',(0.740951125355,-0.671558954847));
#5230 = ( GEOMETRIC_REPRESENTATION_CONTEXT(2) 
PARAMETRIC_REPRESENTATION_CONTEXT() REPRESENTATION_CONTEXT('2D SPACE',''
  ) );
#5231 = PCURVE('',#487,#5232);
#5232 = DEFINITIONAL_REPRESENTATION('',(#5233),#5237);
#5233 = LINE('',#5234,#5235);
#5234 = CARTESIAN_POINT('',(0.,0.));
#5235 = VECTOR('',#5236,1.);
#5236 = DIRECTION('',(1.,0.));
#5237 = ( GEOMETRIC_REPRESENTATION_CONTEXT(2) 
PARAMETRIC_REPRESENTATION_CONTEXT() REPRESENTATION_CONTEXT('2D SPACE',''
  ) );
#5238 = ORIENTED_EDGE('',*,*,#5239,.T.);
#5239 = EDGE_CURVE('',#5217,#5240,#5242,.T.);
#5240 = VERTEX_POINT('',#5241);
#5241 = CARTESIAN_POINT('',(0.322228093208,-3.182587844921,3.4));
#5242 = SURFACE_CURVE('',#5243,(#5247,#5254),.PCURVE_S1.);
#5243 = LINE('',#5244,#5245);
#5244 = CARTESIAN_POINT('',(0.353757313665,-3.159204181345,3.4));
#5245 = VECTOR('',#5246,1.);
#5246 = DIRECTION('',(-0.803207531481,-0.595699304492,0.));
#5247 = PCURVE('',#5043,#5248);
#5248 = DEFINITIONAL_REPRESENTATION('',(#5249),#5253);
#5249 = LINE('',#5250,#5251);
#5250 = CARTESIAN_POINT('',(-0.253757313665,-0.309204181345));
#5251 = VECTOR('',#5252,1.);
#5252 = DIRECTION('',(0.803207531481,-0.595699304492));
#5253 = ( GEOMETRIC_REPRESENTATION_CONTEXT(2) 
PARAMETRIC_REPRESENTATION_CONTEXT() REPRESENTATION_CONTEXT('2D SPACE',''
  ) );
#5254 = PCURVE('',#513,#5255);
#5255 = DEFINITIONAL_REPRESENTATION('',(#5256),#5260);
#5256 = LINE('',#5257,#5258);
#5257 = CARTESIAN_POINT('',(0.,0.));
#5258 = VECTOR('',#5259,1.);
#5259 = DIRECTION('',(1.,0.));
#5260 = ( GEOMETRIC_REPRESENTATION_CONTEXT(2) 
PARAMETRIC_REPRESENTATION_CONTEXT() REPRESENTATION_CONTEXT('2D SPACE',''
  ) );
#5261 = ORIENTED_EDGE('',*,*,#5262,.T.);
#5262 = EDGE_CURVE('',#5240,#5263,#5265,.T.);
#5263 = VERTEX_POINT('',#5264);
#5264 = CARTESIAN_POINT('',(0.28855869473,-3.202768505739,3.4));
#5265 = SURFACE_CURVE('',#5266,(#5270,#5277),.PCURVE_S1.);
#5266 = LINE('',#5267,#5268);
#5267 = CARTESIAN_POINT('',(0.322228093208,-3.182587844921,3.4));
#5268 = VECTOR('',#5269,1.);
#5269 = DIRECTION('',(-0.85772861,-0.514102744193,0.));
#5270 = PCURVE('',#5043,#5271);
#5271 = DEFINITIONAL_REPRESENTATION('',(#5272),#5276);
#5272 = LINE('',#5273,#5274);
#5273 = CARTESIAN_POINT('',(-0.222228093208,-0.332587844921));
#5274 = VECTOR('',#5275,1.);
#5275 = DIRECTION('',(0.85772861,-0.514102744193));
#5276 = ( GEOMETRIC_REPRESENTATION_CONTEXT(2) 
PARAMETRIC_REPRESENTATION_CONTEXT() REPRESENTATION_CONTEXT('2D SPACE',''
  ) );
#5277 = PCURVE('',#539,#5278);
#5278 = DEFINITIONAL_REPRESENTATION('',(#5279),#5283);
#5279 = LINE('',#5280,#5281);
#5280 = CARTESIAN_POINT('',(0.,0.));
#5281 = VECTOR('',#5282,1.);
#5282 = DIRECTION('',(1.,0.));
#5283 = ( GEOMETRIC_REPRESENTATION_CONTEXT(2) 
PARAMETRIC_REPRESENTATION_CONTEXT() REPRESENTATION_CONTEXT('2D SPACE',''
  ) );
#5284 = ORIENTED_EDGE('',*,*,#5285,.T.);
#5285 = EDGE_CURVE('',#5263,#5286,#5288,.T.);
#5286 = VERTEX_POINT('',#5287);
#5287 = CARTESIAN_POINT('',(0.253073372946,-3.219551813005,3.4));
#5288 = SURFACE_CURVE('',#5289,(#5293,#5300),.PCURVE_S1.);
#5289 = LINE('',#5290,#5291);
#5290 = CARTESIAN_POINT('',(0.28855869473,-3.202768505739,3.4));
#5291 = VECTOR('',#5292,1.);
#5292 = DIRECTION('',(-0.903989293123,-0.42755509343,0.));
#5293 = PCURVE('',#5043,#5294);
#5294 = DEFINITIONAL_REPRESENTATION('',(#5295),#5299);
#5295 = LINE('',#5296,#5297);
#5296 = CARTESIAN_POINT('',(-0.18855869473,-0.352768505739));
#5297 = VECTOR('',#5298,1.);
#5298 = DIRECTION('',(0.903989293123,-0.42755509343));
#5299 = ( GEOMETRIC_REPRESENTATION_CONTEXT(2) 
PARAMETRIC_REPRESENTATION_CONTEXT() REPRESENTATION_CONTEXT('2D SPACE',''
  ) );
#5300 = PCURVE('',#565,#5301);
#5301 = DEFINITIONAL_REPRESENTATION('',(#5302),#5306);
#5302 = LINE('',#5303,#5304);
#5303 = CARTESIAN_POINT('',(0.,0.));
#5304 = VECTOR('',#5305,1.);
#5305 = DIRECTION('',(1.,0.));
#5306 = ( GEOMETRIC_REPRESENTATION_CONTEXT(2) 
PARAMETRIC_REPRESENTATION_CONTEXT() REPRESENTATION_CONTEXT('2D SPACE',''
  ) );
#5307 = ORIENTED_EDGE('',*,*,#5308,.T.);
#5308 = EDGE_CURVE('',#5286,#5309,#5311,.T.);
#5309 = VERTEX_POINT('',#5310);
#5310 = CARTESIAN_POINT('',(0.216113870902,-3.232776134293,3.4));
#5311 = SURFACE_CURVE('',#5312,(#5316,#5323),.PCURVE_S1.);
#5312 = LINE('',#5313,#5314);
#5313 = CARTESIAN_POINT('',(0.253073372946,-3.219551813005,3.4));
#5314 = VECTOR('',#5315,1.);
#5315 = DIRECTION('',(-0.941544065183,-0.336889853392,0.));
#5316 = PCURVE('',#5043,#5317);
#5317 = DEFINITIONAL_REPRESENTATION('',(#5318),#5322);
#5318 = LINE('',#5319,#5320);
#5319 = CARTESIAN_POINT('',(-0.153073372946,-0.369551813005));
#5320 = VECTOR('',#5321,1.);
#5321 = DIRECTION('',(0.941544065183,-0.336889853392));
#5322 = ( GEOMETRIC_REPRESENTATION_CONTEXT(2) 
PARAMETRIC_REPRESENTATION_CONTEXT() REPRESENTATION_CONTEXT('2D SPACE',''
  ) );
#5323 = PCURVE('',#591,#5324);
#5324 = DEFINITIONAL_REPRESENTATION('',(#5325),#5329);
#5325 = LINE('',#5326,#5327);
#5326 = CARTESIAN_POINT('',(0.,0.));
#5327 = VECTOR('',#5328,1.);
#5328 = DIRECTION('',(1.,0.));
#5329 = ( GEOMETRIC_REPRESENTATION_CONTEXT(2) 
PARAMETRIC_REPRESENTATION_CONTEXT() REPRESENTATION_CONTEXT('2D SPACE',''
  ) );
#5330 = ORIENTED_EDGE('',*,*,#5331,.T.);
#5331 = EDGE_CURVE('',#5309,#5332,#5334,.T.);
#5332 = VERTEX_POINT('',#5333);
#5333 = CARTESIAN_POINT('',(0.178036128806,-3.242314112161,3.4));
#5334 = SURFACE_CURVE('',#5335,(#5339,#5346),.PCURVE_S1.);
#5335 = LINE('',#5336,#5337);
#5336 = CARTESIAN_POINT('',(0.216113870902,-3.232776134293,3.4));
#5337 = VECTOR('',#5338,1.);
#5338 = DIRECTION('',(-0.970031253195,-0.242980179903,0.));
#5339 = PCURVE('',#5043,#5340);
#5340 = DEFINITIONAL_REPRESENTATION('',(#5341),#5345);
#5341 = LINE('',#5342,#5343);
#5342 = CARTESIAN_POINT('',(-0.116113870902,-0.382776134293));
#5343 = VECTOR('',#5344,1.);
#5344 = DIRECTION('',(0.970031253195,-0.242980179903));
#5345 = ( GEOMETRIC_REPRESENTATION_CONTEXT(2) 
PARAMETRIC_REPRESENTATION_CONTEXT() REPRESENTATION_CONTEXT('2D SPACE',''
  ) );
#5346 = PCURVE('',#617,#5347);
#5347 = DEFINITIONAL_REPRESENTATION('',(#5348),#5352);
#5348 = LINE('',#5349,#5350);
#5349 = CARTESIAN_POINT('',(0.,0.));
#5350 = VECTOR('',#5351,1.);
#5351 = DIRECTION('',(1.,0.));
#5352 = ( GEOMETRIC_REPRESENTATION_CONTEXT(2) 
PARAMETRIC_REPRESENTATION_CONTEXT() REPRESENTATION_CONTEXT('2D SPACE',''
  ) );
#5353 = ORIENTED_EDGE('',*,*,#5354,.T.);
#5354 = EDGE_CURVE('',#5332,#5355,#5357,.T.);
#5355 = VERTEX_POINT('',#5356);
#5356 = CARTESIAN_POINT('',(0.139206856132,-3.248073890669,3.4));
#5357 = SURFACE_CURVE('',#5358,(#5362,#5369),.PCURVE_S1.);
#5358 = LINE('',#5359,#5360);
#5359 = CARTESIAN_POINT('',(0.178036128806,-3.242314112161,3.4));
#5360 = VECTOR('',#5361,1.);
#5361 = DIRECTION('',(-0.989176509965,-0.146730474455,0.));
#5362 = PCURVE('',#5043,#5363);
#5363 = DEFINITIONAL_REPRESENTATION('',(#5364),#5368);
#5364 = LINE('',#5365,#5366);
#5365 = CARTESIAN_POINT('',(-7.803612880645E-02,-0.392314112161));
#5366 = VECTOR('',#5367,1.);
#5367 = DIRECTION('',(0.989176509965,-0.146730474455));
#5368 = ( GEOMETRIC_REPRESENTATION_CONTEXT(2) 
PARAMETRIC_REPRESENTATION_CONTEXT() REPRESENTATION_CONTEXT('2D SPACE',''
  ) );
#5369 = PCURVE('',#643,#5370);
#5370 = DEFINITIONAL_REPRESENTATION('',(#5371),#5375);
#5371 = LINE('',#5372,#5373);
#5372 = CARTESIAN_POINT('',(0.,0.));
#5373 = VECTOR('',#5374,1.);
#5374 = DIRECTION('',(1.,0.));
#5375 = ( GEOMETRIC_REPRESENTATION_CONTEXT(2) 
PARAMETRIC_REPRESENTATION_CONTEXT() REPRESENTATION_CONTEXT('2D SPACE',''
  ) );
#5376 = ORIENTED_EDGE('',*,*,#5377,.T.);
#5377 = EDGE_CURVE('',#5355,#5378,#5380,.T.);
#5378 = VERTEX_POINT('',#5379);
#5379 = CARTESIAN_POINT('',(1.E-01,-3.25,3.4));
#5380 = SURFACE_CURVE('',#5381,(#5385,#5392),.PCURVE_S1.);
#5381 = LINE('',#5382,#5383);
#5382 = CARTESIAN_POINT('',(0.139206856132,-3.248073890669,3.4));
#5383 = VECTOR('',#5384,1.);
#5384 = DIRECTION('',(-0.998795456205,-4.906767432742E-02,0.));
#5385 = PCURVE('',#5043,#5386);
#5386 = DEFINITIONAL_REPRESENTATION('',(#5387),#5391);
#5387 = LINE('',#5388,#5389);
#5388 = CARTESIAN_POINT('',(-3.920685613182E-02,-0.398073890669));
#5389 = VECTOR('',#5390,1.);
#5390 = DIRECTION('',(0.998795456205,-4.906767432742E-02));
#5391 = ( GEOMETRIC_REPRESENTATION_CONTEXT(2) 
PARAMETRIC_REPRESENTATION_CONTEXT() REPRESENTATION_CONTEXT('2D SPACE',''
  ) );
#5392 = PCURVE('',#669,#5393);
#5393 = DEFINITIONAL_REPRESENTATION('',(#5394),#5398);
#5394 = LINE('',#5395,#5396);
#5395 = CARTESIAN_POINT('',(0.,0.));
#5396 = VECTOR('',#5397,1.);
#5397 = DIRECTION('',(1.,0.));
#5398 = ( GEOMETRIC_REPRESENTATION_CONTEXT(2) 
PARAMETRIC_REPRESENTATION_CONTEXT() REPRESENTATION_CONTEXT('2D SPACE',''
  ) );
#5399 = ORIENTED_EDGE('',*,*,#5400,.T.);
#5400 = EDGE_CURVE('',#5378,#5401,#5403,.T.);
#5401 = VERTEX_POINT('',#5402);
#5402 = CARTESIAN_POINT('',(6.079314386818E-02,-3.248073890669,3.4));
#5403 = SURFACE_CURVE('',#5404,(#5408,#5415),.PCURVE_S1.);
#5404 = LINE('',#5405,#5406);
#5405 = CARTESIAN_POINT('',(1.E-01,-3.25,3.4));
#5406 = VECTOR('',#5407,1.);
#5407 = DIRECTION('',(-0.998795456205,4.906767432742E-02,0.));
#5408 = PCURVE('',#5043,#5409);
#5409 = DEFINITIONAL_REPRESENTATION('',(#5410),#5414);
#5410 = LINE('',#5411,#5412);
#5411 = CARTESIAN_POINT('',(0.,-0.4));
#5412 = VECTOR('',#5413,1.);
#5413 = DIRECTION('',(0.998795456205,4.906767432742E-02));
#5414 = ( GEOMETRIC_REPRESENTATION_CONTEXT(2) 
PARAMETRIC_REPRESENTATION_CONTEXT() REPRESENTATION_CONTEXT('2D SPACE',''
  ) );
#5415 = PCURVE('',#695,#5416);
#5416 = DEFINITIONAL_REPRESENTATION('',(#5417),#5421);
#5417 = LINE('',#5418,#5419);
#5418 = CARTESIAN_POINT('',(0.,0.));
#5419 = VECTOR('',#5420,1.);
#5420 = DIRECTION('',(1.,0.));
#5421 = ( GEOMETRIC_REPRESENTATION_CONTEXT(2) 
PARAMETRIC_REPRESENTATION_CONTEXT() REPRESENTATION_CONTEXT('2D SPACE',''
  ) );
#5422 = ORIENTED_EDGE('',*,*,#5423,.T.);
#5423 = EDGE_CURVE('',#5401,#5424,#5426,.T.);
#5424 = VERTEX_POINT('',#5425);
#5425 = CARTESIAN_POINT('',(2.196387119355E-02,-3.242314112161,3.4));
#5426 = SURFACE_CURVE('',#5427,(#5431,#5438),.PCURVE_S1.);
#5427 = LINE('',#5428,#5429);
#5428 = CARTESIAN_POINT('',(6.079314386818E-02,-3.248073890669,3.4));
#5429 = VECTOR('',#5430,1.);
#5430 = DIRECTION('',(-0.989176509965,0.146730474455,0.));
#5431 = PCURVE('',#5043,#5432);
#5432 = DEFINITIONAL_REPRESENTATION('',(#5433),#5437);
#5433 = LINE('',#5434,#5435);
#5434 = CARTESIAN_POINT('',(3.920685613182E-02,-0.398073890669));
#5435 = VECTOR('',#5436,1.);
#5436 = DIRECTION('',(0.989176509965,0.146730474455));
#5437 = ( GEOMETRIC_REPRESENTATION_CONTEXT(2) 
PARAMETRIC_REPRESENTATION_CONTEXT() REPRESENTATION_CONTEXT('2D SPACE',''
  ) );
#5438 = PCURVE('',#721,#5439);
#5439 = DEFINITIONAL_REPRESENTATION('',(#5440),#5444);
#5440 = LINE('',#5441,#5442);
#5441 = CARTESIAN_POINT('',(0.,0.));
#5442 = VECTOR('',#5443,1.);
#5443 = DIRECTION('',(1.,0.));
#5444 = ( GEOMETRIC_REPRESENTATION_CONTEXT(2) 
PARAMETRIC_REPRESENTATION_CONTEXT() REPRESENTATION_CONTEXT('2D SPACE',''
  ) );
#5445 = ORIENTED_EDGE('',*,*,#5446,.T.);
#5446 = EDGE_CURVE('',#5424,#5447,#5449,.T.);
#5447 = VERTEX_POINT('',#5448);
#5448 = CARTESIAN_POINT('',(-1.611387090179E-02,-3.232776134293,3.4));
#5449 = SURFACE_CURVE('',#5450,(#5454,#5461),.PCURVE_S1.);
#5450 = LINE('',#5451,#5452);
#5451 = CARTESIAN_POINT('',(2.196387119355E-02,-3.242314112161,3.4));
#5452 = VECTOR('',#5453,1.);
#5453 = DIRECTION('',(-0.970031253195,0.242980179903,0.));
#5454 = PCURVE('',#5043,#5455);
#5455 = DEFINITIONAL_REPRESENTATION('',(#5456),#5460);
#5456 = LINE('',#5457,#5458);
#5457 = CARTESIAN_POINT('',(7.803612880645E-02,-0.392314112161));
#5458 = VECTOR('',#5459,1.);
#5459 = DIRECTION('',(0.970031253195,0.242980179903));
#5460 = ( GEOMETRIC_REPRESENTATION_CONTEXT(2) 
PARAMETRIC_REPRESENTATION_CONTEXT() REPRESENTATION_CONTEXT('2D SPACE',''
  ) );
#5461 = PCURVE('',#747,#5462);
#5462 = DEFINITIONAL_REPRESENTATION('',(#5463),#5467);
#5463 = LINE('',#5464,#5465);
#5464 = CARTESIAN_POINT('',(0.,0.));
#5465 = VECTOR('',#5466,1.);
#5466 = DIRECTION('',(1.,0.));
#5467 = ( GEOMETRIC_REPRESENTATION_CONTEXT(2) 
PARAMETRIC_REPRESENTATION_CONTEXT() REPRESENTATION_CONTEXT('2D SPACE',''
  ) );
#5468 = ORIENTED_EDGE('',*,*,#5469,.T.);
#5469 = EDGE_CURVE('',#5447,#5470,#5472,.T.);
#5470 = VERTEX_POINT('',#5471);
#5471 = CARTESIAN_POINT('',(-5.307337294604E-02,-3.219551813005,3.4));
#5472 = SURFACE_CURVE('',#5473,(#5477,#5484),.PCURVE_S1.);
#5473 = LINE('',#5474,#5475);
#5474 = CARTESIAN_POINT('',(-1.611387090179E-02,-3.232776134293,3.4));
#5475 = VECTOR('',#5476,1.);
#5476 = DIRECTION('',(-0.941544065183,0.336889853392,0.));
#5477 = PCURVE('',#5043,#5478);
#5478 = DEFINITIONAL_REPRESENTATION('',(#5479),#5483);
#5479 = LINE('',#5480,#5481);
#5480 = CARTESIAN_POINT('',(0.116113870902,-0.382776134293));
#5481 = VECTOR('',#5482,1.);
#5482 = DIRECTION('',(0.941544065183,0.336889853392));
#5483 = ( GEOMETRIC_REPRESENTATION_CONTEXT(2) 
PARAMETRIC_REPRESENTATION_CONTEXT() REPRESENTATION_CONTEXT('2D SPACE',''
  ) );
#5484 = PCURVE('',#773,#5485);
#5485 = DEFINITIONAL_REPRESENTATION('',(#5486),#5490);
#5486 = LINE('',#5487,#5488);
#5487 = CARTESIAN_POINT('',(0.,0.));
#5488 = VECTOR('',#5489,1.);
#5489 = DIRECTION('',(1.,0.));
#5490 = ( GEOMETRIC_REPRESENTATION_CONTEXT(2) 
PARAMETRIC_REPRESENTATION_CONTEXT() REPRESENTATION_CONTEXT('2D SPACE',''
  ) );
#5491 = ORIENTED_EDGE('',*,*,#5492,.T.);
#5492 = EDGE_CURVE('',#5470,#5493,#5495,.T.);
#5493 = VERTEX_POINT('',#5494);
#5494 = CARTESIAN_POINT('',(-8.85586947304E-02,-3.202768505739,3.4));
#5495 = SURFACE_CURVE('',#5496,(#5500,#5507),.PCURVE_S1.);
#5496 = LINE('',#5497,#5498);
#5497 = CARTESIAN_POINT('',(-5.307337294604E-02,-3.219551813005,3.4));
#5498 = VECTOR('',#5499,1.);
#5499 = DIRECTION('',(-0.903989293123,0.42755509343,0.));
#5500 = PCURVE('',#5043,#5501);
#5501 = DEFINITIONAL_REPRESENTATION('',(#5502),#5506);
#5502 = LINE('',#5503,#5504);
#5503 = CARTESIAN_POINT('',(0.153073372946,-0.369551813005));
#5504 = VECTOR('',#5505,1.);
#5505 = DIRECTION('',(0.903989293123,0.42755509343));
#5506 = ( GEOMETRIC_REPRESENTATION_CONTEXT(2) 
PARAMETRIC_REPRESENTATION_CONTEXT() REPRESENTATION_CONTEXT('2D SPACE',''
  ) );
#5507 = PCURVE('',#799,#5508);
#5508 = DEFINITIONAL_REPRESENTATION('',(#5509),#5513);
#5509 = LINE('',#5510,#5511);
#5510 = CARTESIAN_POINT('',(0.,0.));
#5511 = VECTOR('',#5512,1.);
#5512 = DIRECTION('',(1.,0.));
#5513 = ( GEOMETRIC_REPRESENTATION_CONTEXT(2) 
PARAMETRIC_REPRESENTATION_CONTEXT() REPRESENTATION_CONTEXT('2D SPACE',''
  ) );
#5514 = ORIENTED_EDGE('',*,*,#5515,.T.);
#5515 = EDGE_CURVE('',#5493,#5516,#5518,.T.);
#5516 = VERTEX_POINT('',#5517);
#5517 = CARTESIAN_POINT('',(-0.122228093208,-3.182587844921,3.4));
#5518 = SURFACE_CURVE('',#5519,(#5523,#5530),.PCURVE_S1.);
#5519 = LINE('',#5520,#5521);
#5520 = CARTESIAN_POINT('',(-8.85586947304E-02,-3.202768505739,3.4));
#5521 = VECTOR('',#5522,1.);
#5522 = DIRECTION('',(-0.85772861,0.514102744193,0.));
#5523 = PCURVE('',#5043,#5524);
#5524 = DEFINITIONAL_REPRESENTATION('',(#5525),#5529);
#5525 = LINE('',#5526,#5527);
#5526 = CARTESIAN_POINT('',(0.18855869473,-0.352768505739));
#5527 = VECTOR('',#5528,1.);
#5528 = DIRECTION('',(0.85772861,0.514102744193));
#5529 = ( GEOMETRIC_REPRESENTATION_CONTEXT(2) 
PARAMETRIC_REPRESENTATION_CONTEXT() REPRESENTATION_CONTEXT('2D SPACE',''
  ) );
#5530 = PCURVE('',#825,#5531);
#5531 = DEFINITIONAL_REPRESENTATION('',(#5532),#5536);
#5532 = LINE('',#5533,#5534);
#5533 = CARTESIAN_POINT('',(0.,0.));
#5534 = VECTOR('',#5535,1.);
#5535 = DIRECTION('',(1.,0.));
#5536 = ( GEOMETRIC_REPRESENTATION_CONTEXT(2) 
PARAMETRIC_REPRESENTATION_CONTEXT() REPRESENTATION_CONTEXT('2D SPACE',''
  ) );
#5537 = ORIENTED_EDGE('',*,*,#5538,.T.);
#5538 = EDGE_CURVE('',#5516,#5539,#5541,.T.);
#5539 = VERTEX_POINT('',#5540);
#5540 = CARTESIAN_POINT('',(-0.153757313665,-3.159204181345,3.4));
#5541 = SURFACE_CURVE('',#5542,(#5546,#5553),.PCURVE_S1.);
#5542 = LINE('',#5543,#5544);
#5543 = CARTESIAN_POINT('',(-0.122228093208,-3.182587844921,3.4));
#5544 = VECTOR('',#5545,1.);
#5545 = DIRECTION('',(-0.803207531481,0.595699304492,0.));
#5546 = PCURVE('',#5043,#5547);
#5547 = DEFINITIONAL_REPRESENTATION('',(#5548),#5552);
#5548 = LINE('',#5549,#5550);
#5549 = CARTESIAN_POINT('',(0.222228093208,-0.332587844921));
#5550 = VECTOR('',#5551,1.);
#5551 = DIRECTION('',(0.803207531481,0.595699304492));
#5552 = ( GEOMETRIC_REPRESENTATION_CONTEXT(2) 
PARAMETRIC_REPRESENTATION_CONTEXT() REPRESENTATION_CONTEXT('2D SPACE',''
  ) );
#5553 = PCURVE('',#851,#5554);
#5554 = DEFINITIONAL_REPRESENTATION('',(#5555),#5559);
#5555 = LINE('',#5556,#5557);
#5556 = CARTESIAN_POINT('',(0.,0.));
#5557 = VECTOR('',#5558,1.);
#5558 = DIRECTION('',(1.,0.));
#5559 = ( GEOMETRIC_REPRESENTATION_CONTEXT(2) 
PARAMETRIC_REPRESENTATION_CONTEXT() REPRESENTATION_CONTEXT('2D SPACE',''
  ) );
#5560 = ORIENTED_EDGE('',*,*,#5561,.T.);
#5561 = EDGE_CURVE('',#5539,#5562,#5564,.T.);
#5562 = VERTEX_POINT('',#5563);
#5563 = CARTESIAN_POINT('',(-0.182842712475,-3.132842712475,3.4));
#5564 = SURFACE_CURVE('',#5565,(#5569,#5576),.PCURVE_S1.);
#5565 = LINE('',#5566,#5567);
#5566 = CARTESIAN_POINT('',(-0.153757313665,-3.159204181345,3.4));
#5567 = VECTOR('',#5568,1.);
#5568 = DIRECTION('',(-0.740951125355,0.671558954847,0.));
#5569 = PCURVE('',#5043,#5570);
#5570 = DEFINITIONAL_REPRESENTATION('',(#5571),#5575);
#5571 = LINE('',#5572,#5573);
#5572 = CARTESIAN_POINT('',(0.253757313665,-0.309204181345));
#5573 = VECTOR('',#5574,1.);
#5574 = DIRECTION('',(0.740951125355,0.671558954847));
#5575 = ( GEOMETRIC_REPRESENTATION_CONTEXT(2) 
PARAMETRIC_REPRESENTATION_CONTEXT() REPRESENTATION_CONTEXT('2D SPACE',''
  ) );
#5576 = PCURVE('',#877,#5577);
#5577 = DEFINITIONAL_REPRESENTATION('',(#5578),#5582);
#5578 = LINE('',#5579,#5580);
#5579 = CARTESIAN_POINT('',(0.,0.));
#5580 = VECTOR('',#5581,1.);
#5581 = DIRECTION('',(1.,0.));
#5582 = ( GEOMETRIC_REPRESENTATION_CONTEXT(2) 
PARAMETRIC_REPRESENTATION_CONTEXT() REPRESENTATION_CONTEXT('2D SPACE',''
  ) );
#5583 = ORIENTED_EDGE('',*,*,#5584,.T.);
#5584 = EDGE_CURVE('',#5562,#5585,#5587,.T.);
#5585 = VERTEX_POINT('',#5586);
#5586 = CARTESIAN_POINT('',(-0.209204181345,-3.103757313665,3.4));
#5587 = SURFACE_CURVE('',#5588,(#5592,#5599),.PCURVE_S1.);
#5588 = LINE('',#5589,#5590);
#5589 = CARTESIAN_POINT('',(-0.182842712475,-3.132842712475,3.4));
#5590 = VECTOR('',#5591,1.);
#5591 = DIRECTION('',(-0.671558954847,0.740951125355,0.));
#5592 = PCURVE('',#5043,#5593);
#5593 = DEFINITIONAL_REPRESENTATION('',(#5594),#5598);
#5594 = LINE('',#5595,#5596);
#5595 = CARTESIAN_POINT('',(0.282842712475,-0.282842712475));
#5596 = VECTOR('',#5597,1.);
#5597 = DIRECTION('',(0.671558954847,0.740951125355));
#5598 = ( GEOMETRIC_REPRESENTATION_CONTEXT(2) 
PARAMETRIC_REPRESENTATION_CONTEXT() REPRESENTATION_CONTEXT('2D SPACE',''
  ) );
#5599 = PCURVE('',#903,#5600);
#5600 = DEFINITIONAL_REPRESENTATION('',(#5601),#5605);
#5601 = LINE('',#5602,#5603);
#5602 = CARTESIAN_POINT('',(0.,0.));
#5603 = VECTOR('',#5604,1.);
#5604 = DIRECTION('',(1.,0.));
#5605 = ( GEOMETRIC_REPRESENTATION_CONTEXT(2) 
PARAMETRIC_REPRESENTATION_CONTEXT() REPRESENTATION_CONTEXT('2D SPACE',''
  ) );
#5606 = ORIENTED_EDGE('',*,*,#5607,.T.);
#5607 = EDGE_CURVE('',#5585,#5608,#5610,.T.);
#5608 = VERTEX_POINT('',#5609);
#5609 = CARTESIAN_POINT('',(-0.232587844921,-3.072228093208,3.4));
#5610 = SURFACE_CURVE('',#5611,(#5615,#5622),.PCURVE_S1.);
#5611 = LINE('',#5612,#5613);
#5612 = CARTESIAN_POINT('',(-0.209204181345,-3.103757313665,3.4));
#5613 = VECTOR('',#5614,1.);
#5614 = DIRECTION('',(-0.595699304492,0.803207531481,0.));
#5615 = PCURVE('',#5043,#5616);
#5616 = DEFINITIONAL_REPRESENTATION('',(#5617),#5621);
#5617 = LINE('',#5618,#5619);
#5618 = CARTESIAN_POINT('',(0.309204181345,-0.253757313665));
#5619 = VECTOR('',#5620,1.);
#5620 = DIRECTION('',(0.595699304492,0.803207531481));
#5621 = ( GEOMETRIC_REPRESENTATION_CONTEXT(2) 
PARAMETRIC_REPRESENTATION_CONTEXT() REPRESENTATION_CONTEXT('2D SPACE',''
  ) );
#5622 = PCURVE('',#929,#5623);
#5623 = DEFINITIONAL_REPRESENTATION('',(#5624),#5628);
#5624 = LINE('',#5625,#5626);
#5625 = CARTESIAN_POINT('',(0.,0.));
#5626 = VECTOR('',#5627,1.);
#5627 = DIRECTION('',(1.,0.));
#5628 = ( GEOMETRIC_REPRESENTATION_CONTEXT(2) 
PARAMETRIC_REPRESENTATION_CONTEXT() REPRESENTATION_CONTEXT('2D SPACE',''
  ) );
#5629 = ORIENTED_EDGE('',*,*,#5630,.T.);
#5630 = EDGE_CURVE('',#5608,#5631,#5633,.T.);
#5631 = VERTEX_POINT('',#5632);
#5632 = CARTESIAN_POINT('',(-0.252768505739,-3.03855869473,3.4));
#5633 = SURFACE_CURVE('',#5634,(#5638,#5645),.PCURVE_S1.);
#5634 = LINE('',#5635,#5636);
#5635 = CARTESIAN_POINT('',(-0.232587844921,-3.072228093208,3.4));
#5636 = VECTOR('',#5637,1.);
#5637 = DIRECTION('',(-0.514102744193,0.85772861,0.));
#5638 = PCURVE('',#5043,#5639);
#5639 = DEFINITIONAL_REPRESENTATION('',(#5640),#5644);
#5640 = LINE('',#5641,#5642);
#5641 = CARTESIAN_POINT('',(0.332587844921,-0.222228093208));
#5642 = VECTOR('',#5643,1.);
#5643 = DIRECTION('',(0.514102744193,0.85772861));
#5644 = ( GEOMETRIC_REPRESENTATION_CONTEXT(2) 
PARAMETRIC_REPRESENTATION_CONTEXT() REPRESENTATION_CONTEXT('2D SPACE',''
  ) );
#5645 = PCURVE('',#955,#5646);
#5646 = DEFINITIONAL_REPRESENTATION('',(#5647),#5651);
#5647 = LINE('',#5648,#5649);
#5648 = CARTESIAN_POINT('',(0.,0.));
#5649 = VECTOR('',#5650,1.);
#5650 = DIRECTION('',(1.,0.));
#5651 = ( GEOMETRIC_REPRESENTATION_CONTEXT(2) 
PARAMETRIC_REPRESENTATION_CONTEXT() REPRESENTATION_CONTEXT('2D SPACE',''
  ) );
#5652 = ORIENTED_EDGE('',*,*,#5653,.T.);
#5653 = EDGE_CURVE('',#5631,#5654,#5656,.T.);
#5654 = VERTEX_POINT('',#5655);
#5655 = CARTESIAN_POINT('',(-0.269551813005,-3.003073372946,3.4));
#5656 = SURFACE_CURVE('',#5657,(#5661,#5668),.PCURVE_S1.);
#5657 = LINE('',#5658,#5659);
#5658 = CARTESIAN_POINT('',(-0.252768505739,-3.03855869473,3.4));
#5659 = VECTOR('',#5660,1.);
#5660 = DIRECTION('',(-0.42755509343,0.903989293123,0.));
#5661 = PCURVE('',#5043,#5662);
#5662 = DEFINITIONAL_REPRESENTATION('',(#5663),#5667);
#5663 = LINE('',#5664,#5665);
#5664 = CARTESIAN_POINT('',(0.352768505739,-0.18855869473));
#5665 = VECTOR('',#5666,1.);
#5666 = DIRECTION('',(0.42755509343,0.903989293123));
#5667 = ( GEOMETRIC_REPRESENTATION_CONTEXT(2) 
PARAMETRIC_REPRESENTATION_CONTEXT() REPRESENTATION_CONTEXT('2D SPACE',''
  ) );
#5668 = PCURVE('',#981,#5669);
#5669 = DEFINITIONAL_REPRESENTATION('',(#5670),#5674);
#5670 = LINE('',#5671,#5672);
#5671 = CARTESIAN_POINT('',(0.,0.));
#5672 = VECTOR('',#5673,1.);
#5673 = DIRECTION('',(1.,0.));
#5674 = ( GEOMETRIC_REPRESENTATION_CONTEXT(2) 
PARAMETRIC_REPRESENTATION_CONTEXT() REPRESENTATION_CONTEXT('2D SPACE',''
  ) );
#5675 = ORIENTED_EDGE('',*,*,#5676,.T.);
#5676 = EDGE_CURVE('',#5654,#5677,#5679,.T.);
#5677 = VERTEX_POINT('',#5678);
#5678 = CARTESIAN_POINT('',(-0.282776134293,-2.966113870902,3.4));
#5679 = SURFACE_CURVE('',#5680,(#5684,#5691),.PCURVE_S1.);
#5680 = LINE('',#5681,#5682);
#5681 = CARTESIAN_POINT('',(-0.269551813005,-3.003073372946,3.4));
#5682 = VECTOR('',#5683,1.);
#5683 = DIRECTION('',(-0.336889853392,0.941544065183,0.));
#5684 = PCURVE('',#5043,#5685);
#5685 = DEFINITIONAL_REPRESENTATION('',(#5686),#5690);
#5686 = LINE('',#5687,#5688);
#5687 = CARTESIAN_POINT('',(0.369551813005,-0.153073372946));
#5688 = VECTOR('',#5689,1.);
#5689 = DIRECTION('',(0.336889853392,0.941544065183));
#5690 = ( GEOMETRIC_REPRESENTATION_CONTEXT(2) 
PARAMETRIC_REPRESENTATION_CONTEXT() REPRESENTATION_CONTEXT('2D SPACE',''
  ) );
#5691 = PCURVE('',#1007,#5692);
#5692 = DEFINITIONAL_REPRESENTATION('',(#5693),#5697);
#5693 = LINE('',#5694,#5695);
#5694 = CARTESIAN_POINT('',(0.,0.));
#5695 = VECTOR('',#5696,1.);
#5696 = DIRECTION('',(1.,0.));
#5697 = ( GEOMETRIC_REPRESENTATION_CONTEXT(2) 
PARAMETRIC_REPRESENTATION_CONTEXT() REPRESENTATION_CONTEXT('2D SPACE',''
  ) );
#5698 = ORIENTED_EDGE('',*,*,#5699,.T.);
#5699 = EDGE_CURVE('',#5677,#5700,#5702,.T.);
#5700 = VERTEX_POINT('',#5701);
#5701 = CARTESIAN_POINT('',(-0.292314112161,-2.928036128806,3.4));
#5702 = SURFACE_CURVE('',#5703,(#5707,#5714),.PCURVE_S1.);
#5703 = LINE('',#5704,#5705);
#5704 = CARTESIAN_POINT('',(-0.282776134293,-2.966113870902,3.4));
#5705 = VECTOR('',#5706,1.);
#5706 = DIRECTION('',(-0.242980179903,0.970031253195,0.));
#5707 = PCURVE('',#5043,#5708);
#5708 = DEFINITIONAL_REPRESENTATION('',(#5709),#5713);
#5709 = LINE('',#5710,#5711);
#5710 = CARTESIAN_POINT('',(0.382776134293,-0.116113870902));
#5711 = VECTOR('',#5712,1.);
#5712 = DIRECTION('',(0.242980179903,0.970031253195));
#5713 = ( GEOMETRIC_REPRESENTATION_CONTEXT(2) 
PARAMETRIC_REPRESENTATION_CONTEXT() REPRESENTATION_CONTEXT('2D SPACE',''
  ) );
#5714 = PCURVE('',#1033,#5715);
#5715 = DEFINITIONAL_REPRESENTATION('',(#5716),#5720);
#5716 = LINE('',#5717,#5718);
#5717 = CARTESIAN_POINT('',(0.,0.));
#5718 = VECTOR('',#5719,1.);
#5719 = DIRECTION('',(1.,0.));
#5720 = ( GEOMETRIC_REPRESENTATION_CONTEXT(2) 
PARAMETRIC_REPRESENTATION_CONTEXT() REPRESENTATION_CONTEXT('2D SPACE',''
  ) );
#5721 = ORIENTED_EDGE('',*,*,#5722,.T.);
#5722 = EDGE_CURVE('',#5700,#5723,#5725,.T.);
#5723 = VERTEX_POINT('',#5724);
#5724 = CARTESIAN_POINT('',(-0.298073890669,-2.889206856132,3.4));
#5725 = SURFACE_CURVE('',#5726,(#5730,#5737),.PCURVE_S1.);
#5726 = LINE('',#5727,#5728);
#5727 = CARTESIAN_POINT('',(-0.292314112161,-2.928036128806,3.4));
#5728 = VECTOR('',#5729,1.);
#5729 = DIRECTION('',(-0.146730474455,0.989176509965,0.));
#5730 = PCURVE('',#5043,#5731);
#5731 = DEFINITIONAL_REPRESENTATION('',(#5732),#5736);
#5732 = LINE('',#5733,#5734);
#5733 = CARTESIAN_POINT('',(0.392314112161,-7.803612880645E-02));
#5734 = VECTOR('',#5735,1.);
#5735 = DIRECTION('',(0.146730474455,0.989176509965));
#5736 = ( GEOMETRIC_REPRESENTATION_CONTEXT(2) 
PARAMETRIC_REPRESENTATION_CONTEXT() REPRESENTATION_CONTEXT('2D SPACE',''
  ) );
#5737 = PCURVE('',#1059,#5738);
#5738 = DEFINITIONAL_REPRESENTATION('',(#5739),#5743);
#5739 = LINE('',#5740,#5741);
#5740 = CARTESIAN_POINT('',(0.,0.));
#5741 = VECTOR('',#5742,1.);
#5742 = DIRECTION('',(1.,0.));
#5743 = ( GEOMETRIC_REPRESENTATION_CONTEXT(2) 
PARAMETRIC_REPRESENTATION_CONTEXT() REPRESENTATION_CONTEXT('2D SPACE',''
  ) );
#5744 = ORIENTED_EDGE('',*,*,#5745,.T.);
#5745 = EDGE_CURVE('',#5723,#5746,#5748,.T.);
#5746 = VERTEX_POINT('',#5747);
#5747 = CARTESIAN_POINT('',(-0.3,-2.85,3.4));
#5748 = SURFACE_CURVE('',#5749,(#5753,#5760),.PCURVE_S1.);
#5749 = LINE('',#5750,#5751);
#5750 = CARTESIAN_POINT('',(-0.298073890669,-2.889206856132,3.4));
#5751 = VECTOR('',#5752,1.);
#5752 = DIRECTION('',(-4.906767432742E-02,0.998795456205,0.));
#5753 = PCURVE('',#5043,#5754);
#5754 = DEFINITIONAL_REPRESENTATION('',(#5755),#5759);
#5755 = LINE('',#5756,#5757);
#5756 = CARTESIAN_POINT('',(0.398073890669,-3.920685613182E-02));
#5757 = VECTOR('',#5758,1.);
#5758 = DIRECTION('',(4.906767432742E-02,0.998795456205));
#5759 = ( GEOMETRIC_REPRESENTATION_CONTEXT(2) 
PARAMETRIC_REPRESENTATION_CONTEXT() REPRESENTATION_CONTEXT('2D SPACE',''
  ) );
#5760 = PCURVE('',#1085,#5761);
#5761 = DEFINITIONAL_REPRESENTATION('',(#5762),#5766);
#5762 = LINE('',#5763,#5764);
#5763 = CARTESIAN_POINT('',(0.,0.));
#5764 = VECTOR('',#5765,1.);
#5765 = DIRECTION('',(1.,0.));
#5766 = ( GEOMETRIC_REPRESENTATION_CONTEXT(2) 
PARAMETRIC_REPRESENTATION_CONTEXT() REPRESENTATION_CONTEXT('2D SPACE',''
  ) );
#5767 = ORIENTED_EDGE('',*,*,#5768,.T.);
#5768 = EDGE_CURVE('',#5746,#5769,#5771,.T.);
#5769 = VERTEX_POINT('',#5770);
#5770 = CARTESIAN_POINT('',(-0.298073890669,-2.810793143868,3.4));
#5771 = SURFACE_CURVE('',#5772,(#5776,#5783),.PCURVE_S1.);
#5772 = LINE('',#5773,#5774);
#5773 = CARTESIAN_POINT('',(-0.3,-2.85,3.4));
#5774 = VECTOR('',#5775,1.);
#5775 = DIRECTION('',(4.906767432742E-02,0.998795456205,0.));
#5776 = PCURVE('',#5043,#5777);
#5777 = DEFINITIONAL_REPRESENTATION('',(#5778),#5782);
#5778 = LINE('',#5779,#5780);
#5779 = CARTESIAN_POINT('',(0.4,8.881784197001E-16));
#5780 = VECTOR('',#5781,1.);
#5781 = DIRECTION('',(-4.906767432742E-02,0.998795456205));
#5782 = ( GEOMETRIC_REPRESENTATION_CONTEXT(2) 
PARAMETRIC_REPRESENTATION_CONTEXT() REPRESENTATION_CONTEXT('2D SPACE',''
  ) );
#5783 = PCURVE('',#1111,#5784);
#5784 = DEFINITIONAL_REPRESENTATION('',(#5785),#5789);
#5785 = LINE('',#5786,#5787);
#5786 = CARTESIAN_POINT('',(0.,0.));
#5787 = VECTOR('',#5788,1.);
#5788 = DIRECTION('',(1.,0.));
#5789 = ( GEOMETRIC_REPRESENTATION_CONTEXT(2) 
PARAMETRIC_REPRESENTATION_CONTEXT() REPRESENTATION_CONTEXT('2D SPACE',''
  ) );
#5790 = ORIENTED_EDGE('',*,*,#5791,.T.);
#5791 = EDGE_CURVE('',#5769,#5792,#5794,.T.);
#5792 = VERTEX_POINT('',#5793);
#5793 = CARTESIAN_POINT('',(-0.292314112161,-2.771963871194,3.4));
#5794 = SURFACE_CURVE('',#5795,(#5799,#5806),.PCURVE_S1.);
#5795 = LINE('',#5796,#5797);
#5796 = CARTESIAN_POINT('',(-0.298073890669,-2.810793143868,3.4));
#5797 = VECTOR('',#5798,1.);
#5798 = DIRECTION('',(0.146730474455,0.989176509965,0.));
#5799 = PCURVE('',#5043,#5800);
#5800 = DEFINITIONAL_REPRESENTATION('',(#5801),#5805);
#5801 = LINE('',#5802,#5803);
#5802 = CARTESIAN_POINT('',(0.398073890669,3.920685613183E-02));
#5803 = VECTOR('',#5804,1.);
#5804 = DIRECTION('',(-0.146730474455,0.989176509965));
#5805 = ( GEOMETRIC_REPRESENTATION_CONTEXT(2) 
PARAMETRIC_REPRESENTATION_CONTEXT() REPRESENTATION_CONTEXT('2D SPACE',''
  ) );
#5806 = PCURVE('',#1137,#5807);
#5807 = DEFINITIONAL_REPRESENTATION('',(#5808),#5812);
#5808 = LINE('',#5809,#5810);
#5809 = CARTESIAN_POINT('',(0.,0.));
#5810 = VECTOR('',#5811,1.);
#5811 = DIRECTION('',(1.,0.));
#5812 = ( GEOMETRIC_REPRESENTATION_CONTEXT(2) 
PARAMETRIC_REPRESENTATION_CONTEXT() REPRESENTATION_CONTEXT('2D SPACE',''
  ) );
#5813 = ORIENTED_EDGE('',*,*,#5814,.T.);
#5814 = EDGE_CURVE('',#5792,#5815,#5817,.T.);
#5815 = VERTEX_POINT('',#5816);
#5816 = CARTESIAN_POINT('',(-0.282776134293,-2.733886129098,3.4));
#5817 = SURFACE_CURVE('',#5818,(#5822,#5829),.PCURVE_S1.);
#5818 = LINE('',#5819,#5820);
#5819 = CARTESIAN_POINT('',(-0.292314112161,-2.771963871194,3.4));
#5820 = VECTOR('',#5821,1.);
#5821 = DIRECTION('',(0.242980179903,0.970031253195,0.));
#5822 = PCURVE('',#5043,#5823);
#5823 = DEFINITIONAL_REPRESENTATION('',(#5824),#5828);
#5824 = LINE('',#5825,#5826);
#5825 = CARTESIAN_POINT('',(0.392314112161,7.803612880645E-02));
#5826 = VECTOR('',#5827,1.);
#5827 = DIRECTION('',(-0.242980179903,0.970031253195));
#5828 = ( GEOMETRIC_REPRESENTATION_CONTEXT(2) 
PARAMETRIC_REPRESENTATION_CONTEXT() REPRESENTATION_CONTEXT('2D SPACE',''
  ) );
#5829 = PCURVE('',#1163,#5830);
#5830 = DEFINITIONAL_REPRESENTATION('',(#5831),#5835);
#5831 = LINE('',#5832,#5833);
#5832 = CARTESIAN_POINT('',(0.,0.));
#5833 = VECTOR('',#5834,1.);
#5834 = DIRECTION('',(1.,0.));
#5835 = ( GEOMETRIC_REPRESENTATION_CONTEXT(2) 
PARAMETRIC_REPRESENTATION_CONTEXT() REPRESENTATION_CONTEXT('2D SPACE',''
  ) );
#5836 = ORIENTED_EDGE('',*,*,#5837,.T.);
#5837 = EDGE_CURVE('',#5815,#5838,#5840,.T.);
#5838 = VERTEX_POINT('',#5839);
#5839 = CARTESIAN_POINT('',(-0.269551813005,-2.696926627054,3.4));
#5840 = SURFACE_CURVE('',#5841,(#5845,#5852),.PCURVE_S1.);
#5841 = LINE('',#5842,#5843);
#5842 = CARTESIAN_POINT('',(-0.282776134293,-2.733886129098,3.4));
#5843 = VECTOR('',#5844,1.);
#5844 = DIRECTION('',(0.336889853392,0.941544065183,0.));
#5845 = PCURVE('',#5043,#5846);
#5846 = DEFINITIONAL_REPRESENTATION('',(#5847),#5851);
#5847 = LINE('',#5848,#5849);
#5848 = CARTESIAN_POINT('',(0.382776134293,0.116113870902));
#5849 = VECTOR('',#5850,1.);
#5850 = DIRECTION('',(-0.336889853392,0.941544065183));
#5851 = ( GEOMETRIC_REPRESENTATION_CONTEXT(2) 
PARAMETRIC_REPRESENTATION_CONTEXT() REPRESENTATION_CONTEXT('2D SPACE',''
  ) );
#5852 = PCURVE('',#1189,#5853);
#5853 = DEFINITIONAL_REPRESENTATION('',(#5854),#5858);
#5854 = LINE('',#5855,#5856);
#5855 = CARTESIAN_POINT('',(0.,0.));
#5856 = VECTOR('',#5857,1.);
#5857 = DIRECTION('',(1.,0.));
#5858 = ( GEOMETRIC_REPRESENTATION_CONTEXT(2) 
PARAMETRIC_REPRESENTATION_CONTEXT() REPRESENTATION_CONTEXT('2D SPACE',''
  ) );
#5859 = ORIENTED_EDGE('',*,*,#5860,.T.);
#5860 = EDGE_CURVE('',#5838,#5861,#5863,.T.);
#5861 = VERTEX_POINT('',#5862);
#5862 = CARTESIAN_POINT('',(-0.252768505739,-2.66144130527,3.4));
#5863 = SURFACE_CURVE('',#5864,(#5868,#5875),.PCURVE_S1.);
#5864 = LINE('',#5865,#5866);
#5865 = CARTESIAN_POINT('',(-0.269551813005,-2.696926627054,3.4));
#5866 = VECTOR('',#5867,1.);
#5867 = DIRECTION('',(0.42755509343,0.903989293123,0.));
#5868 = PCURVE('',#5043,#5869);
#5869 = DEFINITIONAL_REPRESENTATION('',(#5870),#5874);
#5870 = LINE('',#5871,#5872);
#5871 = CARTESIAN_POINT('',(0.369551813005,0.153073372946));
#5872 = VECTOR('',#5873,1.);
#5873 = DIRECTION('',(-0.42755509343,0.903989293123));
#5874 = ( GEOMETRIC_REPRESENTATION_CONTEXT(2) 
PARAMETRIC_REPRESENTATION_CONTEXT() REPRESENTATION_CONTEXT('2D SPACE',''
  ) );
#5875 = PCURVE('',#1215,#5876);
#5876 = DEFINITIONAL_REPRESENTATION('',(#5877),#5881);
#5877 = LINE('',#5878,#5879);
#5878 = CARTESIAN_POINT('',(0.,0.));
#5879 = VECTOR('',#5880,1.);
#5880 = DIRECTION('',(1.,0.));
#5881 = ( GEOMETRIC_REPRESENTATION_CONTEXT(2) 
PARAMETRIC_REPRESENTATION_CONTEXT() REPRESENTATION_CONTEXT('2D SPACE',''
  ) );
#5882 = ORIENTED_EDGE('',*,*,#5883,.T.);
#5883 = EDGE_CURVE('',#5861,#5884,#5886,.T.);
#5884 = VERTEX_POINT('',#5885);
#5885 = CARTESIAN_POINT('',(-0.232587844921,-2.627771906792,3.4));
#5886 = SURFACE_CURVE('',#5887,(#5891,#5898),.PCURVE_S1.);
#5887 = LINE('',#5888,#5889);
#5888 = CARTESIAN_POINT('',(-0.252768505739,-2.66144130527,3.4));
#5889 = VECTOR('',#5890,1.);
#5890 = DIRECTION('',(0.514102744193,0.85772861,0.));
#5891 = PCURVE('',#5043,#5892);
#5892 = DEFINITIONAL_REPRESENTATION('',(#5893),#5897);
#5893 = LINE('',#5894,#5895);
#5894 = CARTESIAN_POINT('',(0.352768505739,0.18855869473));
#5895 = VECTOR('',#5896,1.);
#5896 = DIRECTION('',(-0.514102744193,0.85772861));
#5897 = ( GEOMETRIC_REPRESENTATION_CONTEXT(2) 
PARAMETRIC_REPRESENTATION_CONTEXT() REPRESENTATION_CONTEXT('2D SPACE',''
  ) );
#5898 = PCURVE('',#1241,#5899);
#5899 = DEFINITIONAL_REPRESENTATION('',(#5900),#5904);
#5900 = LINE('',#5901,#5902);
#5901 = CARTESIAN_POINT('',(0.,0.));
#5902 = VECTOR('',#5903,1.);
#5903 = DIRECTION('',(1.,0.));
#5904 = ( GEOMETRIC_REPRESENTATION_CONTEXT(2) 
PARAMETRIC_REPRESENTATION_CONTEXT() REPRESENTATION_CONTEXT('2D SPACE',''
  ) );
#5905 = ORIENTED_EDGE('',*,*,#5906,.T.);
#5906 = EDGE_CURVE('',#5884,#5907,#5909,.T.);
#5907 = VERTEX_POINT('',#5908);
#5908 = CARTESIAN_POINT('',(-0.209204181345,-2.596242686335,3.4));
#5909 = SURFACE_CURVE('',#5910,(#5914,#5921),.PCURVE_S1.);
#5910 = LINE('',#5911,#5912);
#5911 = CARTESIAN_POINT('',(-0.232587844921,-2.627771906792,3.4));
#5912 = VECTOR('',#5913,1.);
#5913 = DIRECTION('',(0.595699304492,0.803207531481,0.));
#5914 = PCURVE('',#5043,#5915);
#5915 = DEFINITIONAL_REPRESENTATION('',(#5916),#5920);
#5916 = LINE('',#5917,#5918);
#5917 = CARTESIAN_POINT('',(0.332587844921,0.222228093208));
#5918 = VECTOR('',#5919,1.);
#5919 = DIRECTION('',(-0.595699304492,0.803207531481));
#5920 = ( GEOMETRIC_REPRESENTATION_CONTEXT(2) 
PARAMETRIC_REPRESENTATION_CONTEXT() REPRESENTATION_CONTEXT('2D SPACE',''
  ) );
#5921 = PCURVE('',#1267,#5922);
#5922 = DEFINITIONAL_REPRESENTATION('',(#5923),#5927);
#5923 = LINE('',#5924,#5925);
#5924 = CARTESIAN_POINT('',(0.,0.));
#5925 = VECTOR('',#5926,1.);
#5926 = DIRECTION('',(1.,0.));
#5927 = ( GEOMETRIC_REPRESENTATION_CONTEXT(2) 
PARAMETRIC_REPRESENTATION_CONTEXT() REPRESENTATION_CONTEXT('2D SPACE',''
  ) );
#5928 = ORIENTED_EDGE('',*,*,#5929,.T.);
#5929 = EDGE_CURVE('',#5907,#5930,#5932,.T.);
#5930 = VERTEX_POINT('',#5931);
#5931 = CARTESIAN_POINT('',(-0.182842712475,-2.567157287525,3.4));
#5932 = SURFACE_CURVE('',#5933,(#5937,#5944),.PCURVE_S1.);
#5933 = LINE('',#5934,#5935);
#5934 = CARTESIAN_POINT('',(-0.209204181345,-2.596242686335,3.4));
#5935 = VECTOR('',#5936,1.);
#5936 = DIRECTION('',(0.671558954847,0.740951125355,0.));
#5937 = PCURVE('',#5043,#5938);
#5938 = DEFINITIONAL_REPRESENTATION('',(#5939),#5943);
#5939 = LINE('',#5940,#5941);
#5940 = CARTESIAN_POINT('',(0.309204181345,0.253757313665));
#5941 = VECTOR('',#5942,1.);
#5942 = DIRECTION('',(-0.671558954847,0.740951125355));
#5943 = ( GEOMETRIC_REPRESENTATION_CONTEXT(2) 
PARAMETRIC_REPRESENTATION_CONTEXT() REPRESENTATION_CONTEXT('2D SPACE',''
  ) );
#5944 = PCURVE('',#1293,#5945);
#5945 = DEFINITIONAL_REPRESENTATION('',(#5946),#5950);
#5946 = LINE('',#5947,#5948);
#5947 = CARTESIAN_POINT('',(0.,0.));
#5948 = VECTOR('',#5949,1.);
#5949 = DIRECTION('',(1.,0.));
#5950 = ( GEOMETRIC_REPRESENTATION_CONTEXT(2) 
PARAMETRIC_REPRESENTATION_CONTEXT() REPRESENTATION_CONTEXT('2D SPACE',''
  ) );
#5951 = ORIENTED_EDGE('',*,*,#5952,.T.);
#5952 = EDGE_CURVE('',#5930,#5953,#5955,.T.);
#5953 = VERTEX_POINT('',#5954);
#5954 = CARTESIAN_POINT('',(-0.153757313665,-2.540795818655,3.4));
#5955 = SURFACE_CURVE('',#5956,(#5960,#5967),.PCURVE_S1.);
#5956 = LINE('',#5957,#5958);
#5957 = CARTESIAN_POINT('',(-0.182842712475,-2.567157287525,3.4));
#5958 = VECTOR('',#5959,1.);
#5959 = DIRECTION('',(0.740951125355,0.671558954847,0.));
#5960 = PCURVE('',#5043,#5961);
#5961 = DEFINITIONAL_REPRESENTATION('',(#5962),#5966);
#5962 = LINE('',#5963,#5964);
#5963 = CARTESIAN_POINT('',(0.282842712475,0.282842712475));
#5964 = VECTOR('',#5965,1.);
#5965 = DIRECTION('',(-0.740951125355,0.671558954847));
#5966 = ( GEOMETRIC_REPRESENTATION_CONTEXT(2) 
PARAMETRIC_REPRESENTATION_CONTEXT() REPRESENTATION_CONTEXT('2D SPACE',''
  ) );
#5967 = PCURVE('',#1319,#5968);
#5968 = DEFINITIONAL_REPRESENTATION('',(#5969),#5973);
#5969 = LINE('',#5970,#5971);
#5970 = CARTESIAN_POINT('',(0.,0.));
#5971 = VECTOR('',#5972,1.);
#5972 = DIRECTION('',(1.,0.));
#5973 = ( GEOMETRIC_REPRESENTATION_CONTEXT(2) 
PARAMETRIC_REPRESENTATION_CONTEXT() REPRESENTATION_CONTEXT('2D SPACE',''
  ) );
#5974 = ORIENTED_EDGE('',*,*,#5975,.T.);
#5975 = EDGE_CURVE('',#5953,#5976,#5978,.T.);
#5976 = VERTEX_POINT('',#5977);
#5977 = CARTESIAN_POINT('',(-0.122228093208,-2.517412155079,3.4));
#5978 = SURFACE_CURVE('',#5979,(#5983,#5990),.PCURVE_S1.);
#5979 = LINE('',#5980,#5981);
#5980 = CARTESIAN_POINT('',(-0.153757313665,-2.540795818655,3.4));
#5981 = VECTOR('',#5982,1.);
#5982 = DIRECTION('',(0.803207531481,0.595699304492,0.));
#5983 = PCURVE('',#5043,#5984);
#5984 = DEFINITIONAL_REPRESENTATION('',(#5985),#5989);
#5985 = LINE('',#5986,#5987);
#5986 = CARTESIAN_POINT('',(0.253757313665,0.309204181345));
#5987 = VECTOR('',#5988,1.);
#5988 = DIRECTION('',(-0.803207531481,0.595699304492));
#5989 = ( GEOMETRIC_REPRESENTATION_CONTEXT(2) 
PARAMETRIC_REPRESENTATION_CONTEXT() REPRESENTATION_CONTEXT('2D SPACE',''
  ) );
#5990 = PCURVE('',#1345,#5991);
#5991 = DEFINITIONAL_REPRESENTATION('',(#5992),#5996);
#5992 = LINE('',#5993,#5994);
#5993 = CARTESIAN_POINT('',(0.,0.));
#5994 = VECTOR('',#5995,1.);
#5995 = DIRECTION('',(1.,0.));
#5996 = ( GEOMETRIC_REPRESENTATION_CONTEXT(2) 
PARAMETRIC_REPRESENTATION_CONTEXT() REPRESENTATION_CONTEXT('2D SPACE',''
  ) );
#5997 = ORIENTED_EDGE('',*,*,#5998,.T.);
#5998 = EDGE_CURVE('',#5976,#5999,#6001,.T.);
#5999 = VERTEX_POINT('',#6000);
#6000 = CARTESIAN_POINT('',(-8.85586947304E-02,-2.497231494261,3.4));
#6001 = SURFACE_CURVE('',#6002,(#6006,#6013),.PCURVE_S1.);
#6002 = LINE('',#6003,#6004);
#6003 = CARTESIAN_POINT('',(-0.122228093208,-2.517412155079,3.4));
#6004 = VECTOR('',#6005,1.);
#6005 = DIRECTION('',(0.85772861,0.514102744193,0.));
#6006 = PCURVE('',#5043,#6007);
#6007 = DEFINITIONAL_REPRESENTATION('',(#6008),#6012);
#6008 = LINE('',#6009,#6010);
#6009 = CARTESIAN_POINT('',(0.222228093208,0.332587844921));
#6010 = VECTOR('',#6011,1.);
#6011 = DIRECTION('',(-0.85772861,0.514102744193));
#6012 = ( GEOMETRIC_REPRESENTATION_CONTEXT(2) 
PARAMETRIC_REPRESENTATION_CONTEXT() REPRESENTATION_CONTEXT('2D SPACE',''
  ) );
#6013 = PCURVE('',#1371,#6014);
#6014 = DEFINITIONAL_REPRESENTATION('',(#6015),#6019);
#6015 = LINE('',#6016,#6017);
#6016 = CARTESIAN_POINT('',(0.,0.));
#6017 = VECTOR('',#6018,1.);
#6018 = DIRECTION('',(1.,0.));
#6019 = ( GEOMETRIC_REPRESENTATION_CONTEXT(2) 
PARAMETRIC_REPRESENTATION_CONTEXT() REPRESENTATION_CONTEXT('2D SPACE',''
  ) );
#6020 = ORIENTED_EDGE('',*,*,#6021,.T.);
#6021 = EDGE_CURVE('',#5999,#6022,#6024,.T.);
#6022 = VERTEX_POINT('',#6023);
#6023 = CARTESIAN_POINT('',(-5.307337294604E-02,-2.480448186995,3.4));
#6024 = SURFACE_CURVE('',#6025,(#6029,#6036),.PCURVE_S1.);
#6025 = LINE('',#6026,#6027);
#6026 = CARTESIAN_POINT('',(-8.85586947304E-02,-2.497231494261,3.4));
#6027 = VECTOR('',#6028,1.);
#6028 = DIRECTION('',(0.903989293123,0.42755509343,0.));
#6029 = PCURVE('',#5043,#6030);
#6030 = DEFINITIONAL_REPRESENTATION('',(#6031),#6035);
#6031 = LINE('',#6032,#6033);
#6032 = CARTESIAN_POINT('',(0.18855869473,0.352768505739));
#6033 = VECTOR('',#6034,1.);
#6034 = DIRECTION('',(-0.903989293123,0.42755509343));
#6035 = ( GEOMETRIC_REPRESENTATION_CONTEXT(2) 
PARAMETRIC_REPRESENTATION_CONTEXT() REPRESENTATION_CONTEXT('2D SPACE',''
  ) );
#6036 = PCURVE('',#1397,#6037);
#6037 = DEFINITIONAL_REPRESENTATION('',(#6038),#6042);
#6038 = LINE('',#6039,#6040);
#6039 = CARTESIAN_POINT('',(0.,0.));
#6040 = VECTOR('',#6041,1.);
#6041 = DIRECTION('',(1.,0.));
#6042 = ( GEOMETRIC_REPRESENTATION_CONTEXT(2) 
PARAMETRIC_REPRESENTATION_CONTEXT() REPRESENTATION_CONTEXT('2D SPACE',''
  ) );
#6043 = ORIENTED_EDGE('',*,*,#6044,.T.);
#6044 = EDGE_CURVE('',#6022,#6045,#6047,.T.);
#6045 = VERTEX_POINT('',#6046);
#6046 = CARTESIAN_POINT('',(-1.611387090179E-02,-2.467223865707,3.4));
#6047 = SURFACE_CURVE('',#6048,(#6052,#6059),.PCURVE_S1.);
#6048 = LINE('',#6049,#6050);
#6049 = CARTESIAN_POINT('',(-5.307337294604E-02,-2.480448186995,3.4));
#6050 = VECTOR('',#6051,1.);
#6051 = DIRECTION('',(0.941544065183,0.336889853392,0.));
#6052 = PCURVE('',#5043,#6053);
#6053 = DEFINITIONAL_REPRESENTATION('',(#6054),#6058);
#6054 = LINE('',#6055,#6056);
#6055 = CARTESIAN_POINT('',(0.153073372946,0.369551813005));
#6056 = VECTOR('',#6057,1.);
#6057 = DIRECTION('',(-0.941544065183,0.336889853392));
#6058 = ( GEOMETRIC_REPRESENTATION_CONTEXT(2) 
PARAMETRIC_REPRESENTATION_CONTEXT() REPRESENTATION_CONTEXT('2D SPACE',''
  ) );
#6059 = PCURVE('',#1423,#6060);
#6060 = DEFINITIONAL_REPRESENTATION('',(#6061),#6065);
#6061 = LINE('',#6062,#6063);
#6062 = CARTESIAN_POINT('',(0.,0.));
#6063 = VECTOR('',#6064,1.);
#6064 = DIRECTION('',(1.,0.));
#6065 = ( GEOMETRIC_REPRESENTATION_CONTEXT(2) 
PARAMETRIC_REPRESENTATION_CONTEXT() REPRESENTATION_CONTEXT('2D SPACE',''
  ) );
#6066 = ORIENTED_EDGE('',*,*,#6067,.T.);
#6067 = EDGE_CURVE('',#6045,#6068,#6070,.T.);
#6068 = VERTEX_POINT('',#6069);
#6069 = CARTESIAN_POINT('',(2.196387119355E-02,-2.457685887839,3.4));
#6070 = SURFACE_CURVE('',#6071,(#6075,#6082),.PCURVE_S1.);
#6071 = LINE('',#6072,#6073);
#6072 = CARTESIAN_POINT('',(-1.611387090179E-02,-2.467223865707,3.4));
#6073 = VECTOR('',#6074,1.);
#6074 = DIRECTION('',(0.970031253195,0.242980179903,0.));
#6075 = PCURVE('',#5043,#6076);
#6076 = DEFINITIONAL_REPRESENTATION('',(#6077),#6081);
#6077 = LINE('',#6078,#6079);
#6078 = CARTESIAN_POINT('',(0.116113870902,0.382776134293));
#6079 = VECTOR('',#6080,1.);
#6080 = DIRECTION('',(-0.970031253195,0.242980179903));
#6081 = ( GEOMETRIC_REPRESENTATION_CONTEXT(2) 
PARAMETRIC_REPRESENTATION_CONTEXT() REPRESENTATION_CONTEXT('2D SPACE',''
  ) );
#6082 = PCURVE('',#1449,#6083);
#6083 = DEFINITIONAL_REPRESENTATION('',(#6084),#6088);
#6084 = LINE('',#6085,#6086);
#6085 = CARTESIAN_POINT('',(0.,0.));
#6086 = VECTOR('',#6087,1.);
#6087 = DIRECTION('',(1.,0.));
#6088 = ( GEOMETRIC_REPRESENTATION_CONTEXT(2) 
PARAMETRIC_REPRESENTATION_CONTEXT() REPRESENTATION_CONTEXT('2D SPACE',''
  ) );
#6089 = ORIENTED_EDGE('',*,*,#6090,.T.);
#6090 = EDGE_CURVE('',#6068,#6091,#6093,.T.);
#6091 = VERTEX_POINT('',#6092);
#6092 = CARTESIAN_POINT('',(6.079314386818E-02,-2.451926109331,3.4));
#6093 = SURFACE_CURVE('',#6094,(#6098,#6105),.PCURVE_S1.);
#6094 = LINE('',#6095,#6096);
#6095 = CARTESIAN_POINT('',(2.196387119355E-02,-2.457685887839,3.4));
#6096 = VECTOR('',#6097,1.);
#6097 = DIRECTION('',(0.989176509965,0.146730474455,0.));
#6098 = PCURVE('',#5043,#6099);
#6099 = DEFINITIONAL_REPRESENTATION('',(#6100),#6104);
#6100 = LINE('',#6101,#6102);
#6101 = CARTESIAN_POINT('',(7.803612880645E-02,0.392314112161));
#6102 = VECTOR('',#6103,1.);
#6103 = DIRECTION('',(-0.989176509965,0.146730474455));
#6104 = ( GEOMETRIC_REPRESENTATION_CONTEXT(2) 
PARAMETRIC_REPRESENTATION_CONTEXT() REPRESENTATION_CONTEXT('2D SPACE',''
  ) );
#6105 = PCURVE('',#1475,#6106);
#6106 = DEFINITIONAL_REPRESENTATION('',(#6107),#6111);
#6107 = LINE('',#6108,#6109);
#6108 = CARTESIAN_POINT('',(0.,0.));
#6109 = VECTOR('',#6110,1.);
#6110 = DIRECTION('',(1.,0.));
#6111 = ( GEOMETRIC_REPRESENTATION_CONTEXT(2) 
PARAMETRIC_REPRESENTATION_CONTEXT() REPRESENTATION_CONTEXT('2D SPACE',''
  ) );
#6112 = ORIENTED_EDGE('',*,*,#6113,.T.);
#6113 = EDGE_CURVE('',#6091,#6114,#6116,.T.);
#6114 = VERTEX_POINT('',#6115);
#6115 = CARTESIAN_POINT('',(1.E-01,-2.45,3.4));
#6116 = SURFACE_CURVE('',#6117,(#6121,#6128),.PCURVE_S1.);
#6117 = LINE('',#6118,#6119);
#6118 = CARTESIAN_POINT('',(6.079314386818E-02,-2.451926109331,3.4));
#6119 = VECTOR('',#6120,1.);
#6120 = DIRECTION('',(0.998795456205,4.906767432742E-02,0.));
#6121 = PCURVE('',#5043,#6122);
#6122 = DEFINITIONAL_REPRESENTATION('',(#6123),#6127);
#6123 = LINE('',#6124,#6125);
#6124 = CARTESIAN_POINT('',(3.920685613182E-02,0.398073890669));
#6125 = VECTOR('',#6126,1.);
#6126 = DIRECTION('',(-0.998795456205,4.906767432742E-02));
#6127 = ( GEOMETRIC_REPRESENTATION_CONTEXT(2) 
PARAMETRIC_REPRESENTATION_CONTEXT() REPRESENTATION_CONTEXT('2D SPACE',''
  ) );
#6128 = PCURVE('',#1501,#6129);
#6129 = DEFINITIONAL_REPRESENTATION('',(#6130),#6134);
#6130 = LINE('',#6131,#6132);
#6131 = CARTESIAN_POINT('',(0.,0.));
#6132 = VECTOR('',#6133,1.);
#6133 = DIRECTION('',(1.,0.));
#6134 = ( GEOMETRIC_REPRESENTATION_CONTEXT(2) 
PARAMETRIC_REPRESENTATION_CONTEXT() REPRESENTATION_CONTEXT('2D SPACE',''
  ) );
#6135 = ORIENTED_EDGE('',*,*,#6136,.T.);
#6136 = EDGE_CURVE('',#6114,#6137,#6139,.T.);
#6137 = VERTEX_POINT('',#6138);
#6138 = CARTESIAN_POINT('',(0.139206856132,-2.451926109331,3.4));
#6139 = SURFACE_CURVE('',#6140,(#6144,#6151),.PCURVE_S1.);
#6140 = LINE('',#6141,#6142);
#6141 = CARTESIAN_POINT('',(1.E-01,-2.45,3.4));
#6142 = VECTOR('',#6143,1.);
#6143 = DIRECTION('',(0.998795456205,-4.906767432742E-02,0.));
#6144 = PCURVE('',#5043,#6145);
#6145 = DEFINITIONAL_REPRESENTATION('',(#6146),#6150);
#6146 = LINE('',#6147,#6148);
#6147 = CARTESIAN_POINT('',(0.,0.4));
#6148 = VECTOR('',#6149,1.);
#6149 = DIRECTION('',(-0.998795456205,-4.906767432742E-02));
#6150 = ( GEOMETRIC_REPRESENTATION_CONTEXT(2) 
PARAMETRIC_REPRESENTATION_CONTEXT() REPRESENTATION_CONTEXT('2D SPACE',''
  ) );
#6151 = PCURVE('',#1527,#6152);
#6152 = DEFINITIONAL_REPRESENTATION('',(#6153),#6157);
#6153 = LINE('',#6154,#6155);
#6154 = CARTESIAN_POINT('',(0.,0.));
#6155 = VECTOR('',#6156,1.);
#6156 = DIRECTION('',(1.,0.));
#6157 = ( GEOMETRIC_REPRESENTATION_CONTEXT(2) 
PARAMETRIC_REPRESENTATION_CONTEXT() REPRESENTATION_CONTEXT('2D SPACE',''
  ) );
#6158 = ORIENTED_EDGE('',*,*,#6159,.T.);
#6159 = EDGE_CURVE('',#6137,#6160,#6162,.T.);
#6160 = VERTEX_POINT('',#6161);
#6161 = CARTESIAN_POINT('',(0.178036128806,-2.457685887839,3.4));
#6162 = SURFACE_CURVE('',#6163,(#6167,#6174),.PCURVE_S1.);
#6163 = LINE('',#6164,#6165);
#6164 = CARTESIAN_POINT('',(0.139206856132,-2.451926109331,3.4));
#6165 = VECTOR('',#6166,1.);
#6166 = DIRECTION('',(0.989176509965,-0.146730474455,0.));
#6167 = PCURVE('',#5043,#6168);
#6168 = DEFINITIONAL_REPRESENTATION('',(#6169),#6173);
#6169 = LINE('',#6170,#6171);
#6170 = CARTESIAN_POINT('',(-3.920685613182E-02,0.398073890669));
#6171 = VECTOR('',#6172,1.);
#6172 = DIRECTION('',(-0.989176509965,-0.146730474455));
#6173 = ( GEOMETRIC_REPRESENTATION_CONTEXT(2) 
PARAMETRIC_REPRESENTATION_CONTEXT() REPRESENTATION_CONTEXT('2D SPACE',''
  ) );
#6174 = PCURVE('',#1553,#6175);
#6175 = DEFINITIONAL_REPRESENTATION('',(#6176),#6180);
#6176 = LINE('',#6177,#6178);
#6177 = CARTESIAN_POINT('',(0.,0.));
#6178 = VECTOR('',#6179,1.);
#6179 = DIRECTION('',(1.,0.));
#6180 = ( GEOMETRIC_REPRESENTATION_CONTEXT(2) 
PARAMETRIC_REPRESENTATION_CONTEXT() REPRESENTATION_CONTEXT('2D SPACE',''
  ) );
#6181 = ORIENTED_EDGE('',*,*,#6182,.T.);
#6182 = EDGE_CURVE('',#6160,#6183,#6185,.T.);
#6183 = VERTEX_POINT('',#6184);
#6184 = CARTESIAN_POINT('',(0.216113870902,-2.467223865707,3.4));
#6185 = SURFACE_CURVE('',#6186,(#6190,#6197),.PCURVE_S1.);
#6186 = LINE('',#6187,#6188);
#6187 = CARTESIAN_POINT('',(0.178036128806,-2.457685887839,3.4));
#6188 = VECTOR('',#6189,1.);
#6189 = DIRECTION('',(0.970031253195,-0.242980179903,0.));
#6190 = PCURVE('',#5043,#6191);
#6191 = DEFINITIONAL_REPRESENTATION('',(#6192),#6196);
#6192 = LINE('',#6193,#6194);
#6193 = CARTESIAN_POINT('',(-7.803612880645E-02,0.392314112161));
#6194 = VECTOR('',#6195,1.);
#6195 = DIRECTION('',(-0.970031253195,-0.242980179903));
#6196 = ( GEOMETRIC_REPRESENTATION_CONTEXT(2) 
PARAMETRIC_REPRESENTATION_CONTEXT() REPRESENTATION_CONTEXT('2D SPACE',''
  ) );
#6197 = PCURVE('',#1579,#6198);
#6198 = DEFINITIONAL_REPRESENTATION('',(#6199),#6203);
#6199 = LINE('',#6200,#6201);
#6200 = CARTESIAN_POINT('',(0.,0.));
#6201 = VECTOR('',#6202,1.);
#6202 = DIRECTION('',(1.,0.));
#6203 = ( GEOMETRIC_REPRESENTATION_CONTEXT(2) 
PARAMETRIC_REPRESENTATION_CONTEXT() REPRESENTATION_CONTEXT('2D SPACE',''
  ) );
#6204 = ORIENTED_EDGE('',*,*,#6205,.T.);
#6205 = EDGE_CURVE('',#6183,#6206,#6208,.T.);
#6206 = VERTEX_POINT('',#6207);
#6207 = CARTESIAN_POINT('',(0.253073372946,-2.480448186995,3.4));
#6208 = SURFACE_CURVE('',#6209,(#6213,#6220),.PCURVE_S1.);
#6209 = LINE('',#6210,#6211);
#6210 = CARTESIAN_POINT('',(0.216113870902,-2.467223865707,3.4));
#6211 = VECTOR('',#6212,1.);
#6212 = DIRECTION('',(0.941544065183,-0.336889853392,0.));
#6213 = PCURVE('',#5043,#6214);
#6214 = DEFINITIONAL_REPRESENTATION('',(#6215),#6219);
#6215 = LINE('',#6216,#6217);
#6216 = CARTESIAN_POINT('',(-0.116113870902,0.382776134293));
#6217 = VECTOR('',#6218,1.);
#6218 = DIRECTION('',(-0.941544065183,-0.336889853392));
#6219 = ( GEOMETRIC_REPRESENTATION_CONTEXT(2) 
PARAMETRIC_REPRESENTATION_CONTEXT() REPRESENTATION_CONTEXT('2D SPACE',''
  ) );
#6220 = PCURVE('',#1605,#6221);
#6221 = DEFINITIONAL_REPRESENTATION('',(#6222),#6226);
#6222 = LINE('',#6223,#6224);
#6223 = CARTESIAN_POINT('',(0.,0.));
#6224 = VECTOR('',#6225,1.);
#6225 = DIRECTION('',(1.,0.));
#6226 = ( GEOMETRIC_REPRESENTATION_CONTEXT(2) 
PARAMETRIC_REPRESENTATION_CONTEXT() REPRESENTATION_CONTEXT('2D SPACE',''
  ) );
#6227 = ORIENTED_EDGE('',*,*,#6228,.T.);
#6228 = EDGE_CURVE('',#6206,#6229,#6231,.T.);
#6229 = VERTEX_POINT('',#6230);
#6230 = CARTESIAN_POINT('',(0.28855869473,-2.497231494261,3.4));
#6231 = SURFACE_CURVE('',#6232,(#6236,#6243),.PCURVE_S1.);
#6232 = LINE('',#6233,#6234);
#6233 = CARTESIAN_POINT('',(0.253073372946,-2.480448186995,3.4));
#6234 = VECTOR('',#6235,1.);
#6235 = DIRECTION('',(0.903989293123,-0.42755509343,0.));
#6236 = PCURVE('',#5043,#6237);
#6237 = DEFINITIONAL_REPRESENTATION('',(#6238),#6242);
#6238 = LINE('',#6239,#6240);
#6239 = CARTESIAN_POINT('',(-0.153073372946,0.369551813005));
#6240 = VECTOR('',#6241,1.);
#6241 = DIRECTION('',(-0.903989293123,-0.42755509343));
#6242 = ( GEOMETRIC_REPRESENTATION_CONTEXT(2) 
PARAMETRIC_REPRESENTATION_CONTEXT() REPRESENTATION_CONTEXT('2D SPACE',''
  ) );
#6243 = PCURVE('',#1631,#6244);
#6244 = DEFINITIONAL_REPRESENTATION('',(#6245),#6249);
#6245 = LINE('',#6246,#6247);
#6246 = CARTESIAN_POINT('',(0.,0.));
#6247 = VECTOR('',#6248,1.);
#6248 = DIRECTION('',(1.,0.));
#6249 = ( GEOMETRIC_REPRESENTATION_CONTEXT(2) 
PARAMETRIC_REPRESENTATION_CONTEXT() REPRESENTATION_CONTEXT('2D SPACE',''
  ) );
#6250 = ORIENTED_EDGE('',*,*,#6251,.T.);
#6251 = EDGE_CURVE('',#6229,#6252,#6254,.T.);
#6252 = VERTEX_POINT('',#6253);
#6253 = CARTESIAN_POINT('',(0.322228093208,-2.517412155079,3.4));
#6254 = SURFACE_CURVE('',#6255,(#6259,#6266),.PCURVE_S1.);
#6255 = LINE('',#6256,#6257);
#6256 = CARTESIAN_POINT('',(0.28855869473,-2.497231494261,3.4));
#6257 = VECTOR('',#6258,1.);
#6258 = DIRECTION('',(0.85772861,-0.514102744193,0.));
#6259 = PCURVE('',#5043,#6260);
#6260 = DEFINITIONAL_REPRESENTATION('',(#6261),#6265);
#6261 = LINE('',#6262,#6263);
#6262 = CARTESIAN_POINT('',(-0.18855869473,0.352768505739));
#6263 = VECTOR('',#6264,1.);
#6264 = DIRECTION('',(-0.85772861,-0.514102744193));
#6265 = ( GEOMETRIC_REPRESENTATION_CONTEXT(2) 
PARAMETRIC_REPRESENTATION_CONTEXT() REPRESENTATION_CONTEXT('2D SPACE',''
  ) );
#6266 = PCURVE('',#1657,#6267);
#6267 = DEFINITIONAL_REPRESENTATION('',(#6268),#6272);
#6268 = LINE('',#6269,#6270);
#6269 = CARTESIAN_POINT('',(0.,0.));
#6270 = VECTOR('',#6271,1.);
#6271 = DIRECTION('',(1.,0.));
#6272 = ( GEOMETRIC_REPRESENTATION_CONTEXT(2) 
PARAMETRIC_REPRESENTATION_CONTEXT() REPRESENTATION_CONTEXT('2D SPACE',''
  ) );
#6273 = ORIENTED_EDGE('',*,*,#6274,.T.);
#6274 = EDGE_CURVE('',#6252,#6275,#6277,.T.);
#6275 = VERTEX_POINT('',#6276);
#6276 = CARTESIAN_POINT('',(0.353757313665,-2.540795818655,3.4));
#6277 = SURFACE_CURVE('',#6278,(#6282,#6289),.PCURVE_S1.);
#6278 = LINE('',#6279,#6280);
#6279 = CARTESIAN_POINT('',(0.322228093208,-2.517412155079,3.4));
#6280 = VECTOR('',#6281,1.);
#6281 = DIRECTION('',(0.803207531481,-0.595699304492,0.));
#6282 = PCURVE('',#5043,#6283);
#6283 = DEFINITIONAL_REPRESENTATION('',(#6284),#6288);
#6284 = LINE('',#6285,#6286);
#6285 = CARTESIAN_POINT('',(-0.222228093208,0.332587844921));
#6286 = VECTOR('',#6287,1.);
#6287 = DIRECTION('',(-0.803207531481,-0.595699304492));
#6288 = ( GEOMETRIC_REPRESENTATION_CONTEXT(2) 
PARAMETRIC_REPRESENTATION_CONTEXT() REPRESENTATION_CONTEXT('2D SPACE',''
  ) );
#6289 = PCURVE('',#1683,#6290);
#6290 = DEFINITIONAL_REPRESENTATION('',(#6291),#6295);
#6291 = LINE('',#6292,#6293);
#6292 = CARTESIAN_POINT('',(0.,0.));
#6293 = VECTOR('',#6294,1.);
#6294 = DIRECTION('',(1.,0.));
#6295 = ( GEOMETRIC_REPRESENTATION_CONTEXT(2) 
PARAMETRIC_REPRESENTATION_CONTEXT() REPRESENTATION_CONTEXT('2D SPACE',''
  ) );
#6296 = ORIENTED_EDGE('',*,*,#6297,.T.);
#6297 = EDGE_CURVE('',#6275,#6298,#6300,.T.);
#6298 = VERTEX_POINT('',#6299);
#6299 = CARTESIAN_POINT('',(0.382842712475,-2.567157287525,3.4));
#6300 = SURFACE_CURVE('',#6301,(#6305,#6312),.PCURVE_S1.);
#6301 = LINE('',#6302,#6303);
#6302 = CARTESIAN_POINT('',(0.353757313665,-2.540795818655,3.4));
#6303 = VECTOR('',#6304,1.);
#6304 = DIRECTION('',(0.740951125355,-0.671558954847,0.));
#6305 = PCURVE('',#5043,#6306);
#6306 = DEFINITIONAL_REPRESENTATION('',(#6307),#6311);
#6307 = LINE('',#6308,#6309);
#6308 = CARTESIAN_POINT('',(-0.253757313665,0.309204181345));
#6309 = VECTOR('',#6310,1.);
#6310 = DIRECTION('',(-0.740951125355,-0.671558954847));
#6311 = ( GEOMETRIC_REPRESENTATION_CONTEXT(2) 
PARAMETRIC_REPRESENTATION_CONTEXT() REPRESENTATION_CONTEXT('2D SPACE',''
  ) );
#6312 = PCURVE('',#1709,#6313);
#6313 = DEFINITIONAL_REPRESENTATION('',(#6314),#6318);
#6314 = LINE('',#6315,#6316);
#6315 = CARTESIAN_POINT('',(0.,0.));
#6316 = VECTOR('',#6317,1.);
#6317 = DIRECTION('',(1.,0.));
#6318 = ( GEOMETRIC_REPRESENTATION_CONTEXT(2) 
PARAMETRIC_REPRESENTATION_CONTEXT() REPRESENTATION_CONTEXT('2D SPACE',''
  ) );
#6319 = ORIENTED_EDGE('',*,*,#6320,.T.);
#6320 = EDGE_CURVE('',#6298,#6321,#6323,.T.);
#6321 = VERTEX_POINT('',#6322);
#6322 = CARTESIAN_POINT('',(0.409204181345,-2.596242686335,3.4));
#6323 = SURFACE_CURVE('',#6324,(#6328,#6335),.PCURVE_S1.);
#6324 = LINE('',#6325,#6326);
#6325 = CARTESIAN_POINT('',(0.382842712475,-2.567157287525,3.4));
#6326 = VECTOR('',#6327,1.);
#6327 = DIRECTION('',(0.671558954847,-0.740951125355,0.));
#6328 = PCURVE('',#5043,#6329);
#6329 = DEFINITIONAL_REPRESENTATION('',(#6330),#6334);
#6330 = LINE('',#6331,#6332);
#6331 = CARTESIAN_POINT('',(-0.282842712475,0.282842712475));
#6332 = VECTOR('',#6333,1.);
#6333 = DIRECTION('',(-0.671558954847,-0.740951125355));
#6334 = ( GEOMETRIC_REPRESENTATION_CONTEXT(2) 
PARAMETRIC_REPRESENTATION_CONTEXT() REPRESENTATION_CONTEXT('2D SPACE',''
  ) );
#6335 = PCURVE('',#1735,#6336);
#6336 = DEFINITIONAL_REPRESENTATION('',(#6337),#6341);
#6337 = LINE('',#6338,#6339);
#6338 = CARTESIAN_POINT('',(0.,0.));
#6339 = VECTOR('',#6340,1.);
#6340 = DIRECTION('',(1.,0.));
#6341 = ( GEOMETRIC_REPRESENTATION_CONTEXT(2) 
PARAMETRIC_REPRESENTATION_CONTEXT() REPRESENTATION_CONTEXT('2D SPACE',''
  ) );
#6342 = ORIENTED_EDGE('',*,*,#6343,.T.);
#6343 = EDGE_CURVE('',#6321,#6344,#6346,.T.);
#6344 = VERTEX_POINT('',#6345);
#6345 = CARTESIAN_POINT('',(0.432587844921,-2.627771906792,3.4));
#6346 = SURFACE_CURVE('',#6347,(#6351,#6358),.PCURVE_S1.);
#6347 = LINE('',#6348,#6349);
#6348 = CARTESIAN_POINT('',(0.409204181345,-2.596242686335,3.4));
#6349 = VECTOR('',#6350,1.);
#6350 = DIRECTION('',(0.595699304492,-0.803207531481,0.));
#6351 = PCURVE('',#5043,#6352);
#6352 = DEFINITIONAL_REPRESENTATION('',(#6353),#6357);
#6353 = LINE('',#6354,#6355);
#6354 = CARTESIAN_POINT('',(-0.309204181345,0.253757313665));
#6355 = VECTOR('',#6356,1.);
#6356 = DIRECTION('',(-0.595699304492,-0.803207531481));
#6357 = ( GEOMETRIC_REPRESENTATION_CONTEXT(2) 
PARAMETRIC_REPRESENTATION_CONTEXT() REPRESENTATION_CONTEXT('2D SPACE',''
  ) );
#6358 = PCURVE('',#1761,#6359);
#6359 = DEFINITIONAL_REPRESENTATION('',(#6360),#6364);
#6360 = LINE('',#6361,#6362);
#6361 = CARTESIAN_POINT('',(0.,0.));
#6362 = VECTOR('',#6363,1.);
#6363 = DIRECTION('',(1.,0.));
#6364 = ( GEOMETRIC_REPRESENTATION_CONTEXT(2) 
PARAMETRIC_REPRESENTATION_CONTEXT() REPRESENTATION_CONTEXT('2D SPACE',''
  ) );
#6365 = ORIENTED_EDGE('',*,*,#6366,.T.);
#6366 = EDGE_CURVE('',#6344,#6367,#6369,.T.);
#6367 = VERTEX_POINT('',#6368);
#6368 = CARTESIAN_POINT('',(0.452768505739,-2.66144130527,3.4));
#6369 = SURFACE_CURVE('',#6370,(#6374,#6381),.PCURVE_S1.);
#6370 = LINE('',#6371,#6372);
#6371 = CARTESIAN_POINT('',(0.432587844921,-2.627771906792,3.4));
#6372 = VECTOR('',#6373,1.);
#6373 = DIRECTION('',(0.514102744193,-0.85772861,0.));
#6374 = PCURVE('',#5043,#6375);
#6375 = DEFINITIONAL_REPRESENTATION('',(#6376),#6380);
#6376 = LINE('',#6377,#6378);
#6377 = CARTESIAN_POINT('',(-0.332587844921,0.222228093208));
#6378 = VECTOR('',#6379,1.);
#6379 = DIRECTION('',(-0.514102744193,-0.85772861));
#6380 = ( GEOMETRIC_REPRESENTATION_CONTEXT(2) 
PARAMETRIC_REPRESENTATION_CONTEXT() REPRESENTATION_CONTEXT('2D SPACE',''
  ) );
#6381 = PCURVE('',#1787,#6382);
#6382 = DEFINITIONAL_REPRESENTATION('',(#6383),#6387);
#6383 = LINE('',#6384,#6385);
#6384 = CARTESIAN_POINT('',(0.,0.));
#6385 = VECTOR('',#6386,1.);
#6386 = DIRECTION('',(1.,0.));
#6387 = ( GEOMETRIC_REPRESENTATION_CONTEXT(2) 
PARAMETRIC_REPRESENTATION_CONTEXT() REPRESENTATION_CONTEXT('2D SPACE',''
  ) );
#6388 = ORIENTED_EDGE('',*,*,#6389,.T.);
#6389 = EDGE_CURVE('',#6367,#6390,#6392,.T.);
#6390 = VERTEX_POINT('',#6391);
#6391 = CARTESIAN_POINT('',(0.469551813005,-2.696926627054,3.4));
#6392 = SURFACE_CURVE('',#6393,(#6397,#6404),.PCURVE_S1.);
#6393 = LINE('',#6394,#6395);
#6394 = CARTESIAN_POINT('',(0.452768505739,-2.66144130527,3.4));
#6395 = VECTOR('',#6396,1.);
#6396 = DIRECTION('',(0.42755509343,-0.903989293123,0.));
#6397 = PCURVE('',#5043,#6398);
#6398 = DEFINITIONAL_REPRESENTATION('',(#6399),#6403);
#6399 = LINE('',#6400,#6401);
#6400 = CARTESIAN_POINT('',(-0.352768505739,0.18855869473));
#6401 = VECTOR('',#6402,1.);
#6402 = DIRECTION('',(-0.42755509343,-0.903989293123));
#6403 = ( GEOMETRIC_REPRESENTATION_CONTEXT(2) 
PARAMETRIC_REPRESENTATION_CONTEXT() REPRESENTATION_CONTEXT('2D SPACE',''
  ) );
#6404 = PCURVE('',#1813,#6405);
#6405 = DEFINITIONAL_REPRESENTATION('',(#6406),#6410);
#6406 = LINE('',#6407,#6408);
#6407 = CARTESIAN_POINT('',(0.,0.));
#6408 = VECTOR('',#6409,1.);
#6409 = DIRECTION('',(1.,0.));
#6410 = ( GEOMETRIC_REPRESENTATION_CONTEXT(2) 
PARAMETRIC_REPRESENTATION_CONTEXT() REPRESENTATION_CONTEXT('2D SPACE',''
  ) );
#6411 = ORIENTED_EDGE('',*,*,#6412,.T.);
#6412 = EDGE_CURVE('',#6390,#6413,#6415,.T.);
#6413 = VERTEX_POINT('',#6414);
#6414 = CARTESIAN_POINT('',(0.482776134293,-2.733886129098,3.4));
#6415 = SURFACE_CURVE('',#6416,(#6420,#6427),.PCURVE_S1.);
#6416 = LINE('',#6417,#6418);
#6417 = CARTESIAN_POINT('',(0.469551813005,-2.696926627054,3.4));
#6418 = VECTOR('',#6419,1.);
#6419 = DIRECTION('',(0.336889853392,-0.941544065183,0.));
#6420 = PCURVE('',#5043,#6421);
#6421 = DEFINITIONAL_REPRESENTATION('',(#6422),#6426);
#6422 = LINE('',#6423,#6424);
#6423 = CARTESIAN_POINT('',(-0.369551813005,0.153073372946));
#6424 = VECTOR('',#6425,1.);
#6425 = DIRECTION('',(-0.336889853392,-0.941544065183));
#6426 = ( GEOMETRIC_REPRESENTATION_CONTEXT(2) 
PARAMETRIC_REPRESENTATION_CONTEXT() REPRESENTATION_CONTEXT('2D SPACE',''
  ) );
#6427 = PCURVE('',#1839,#6428);
#6428 = DEFINITIONAL_REPRESENTATION('',(#6429),#6433);
#6429 = LINE('',#6430,#6431);
#6430 = CARTESIAN_POINT('',(0.,0.));
#6431 = VECTOR('',#6432,1.);
#6432 = DIRECTION('',(1.,0.));
#6433 = ( GEOMETRIC_REPRESENTATION_CONTEXT(2) 
PARAMETRIC_REPRESENTATION_CONTEXT() REPRESENTATION_CONTEXT('2D SPACE',''
  ) );
#6434 = ORIENTED_EDGE('',*,*,#6435,.T.);
#6435 = EDGE_CURVE('',#6413,#6436,#6438,.T.);
#6436 = VERTEX_POINT('',#6437);
#6437 = CARTESIAN_POINT('',(0.492314112161,-2.771963871194,3.4));
#6438 = SURFACE_CURVE('',#6439,(#6443,#6450),.PCURVE_S1.);
#6439 = LINE('',#6440,#6441);
#6440 = CARTESIAN_POINT('',(0.482776134293,-2.733886129098,3.4));
#6441 = VECTOR('',#6442,1.);
#6442 = DIRECTION('',(0.242980179903,-0.970031253195,0.));
#6443 = PCURVE('',#5043,#6444);
#6444 = DEFINITIONAL_REPRESENTATION('',(#6445),#6449);
#6445 = LINE('',#6446,#6447);
#6446 = CARTESIAN_POINT('',(-0.382776134293,0.116113870902));
#6447 = VECTOR('',#6448,1.);
#6448 = DIRECTION('',(-0.242980179903,-0.970031253195));
#6449 = ( GEOMETRIC_REPRESENTATION_CONTEXT(2) 
PARAMETRIC_REPRESENTATION_CONTEXT() REPRESENTATION_CONTEXT('2D SPACE',''
  ) );
#6450 = PCURVE('',#1865,#6451);
#6451 = DEFINITIONAL_REPRESENTATION('',(#6452),#6456);
#6452 = LINE('',#6453,#6454);
#6453 = CARTESIAN_POINT('',(0.,0.));
#6454 = VECTOR('',#6455,1.);
#6455 = DIRECTION('',(1.,0.));
#6456 = ( GEOMETRIC_REPRESENTATION_CONTEXT(2) 
PARAMETRIC_REPRESENTATION_CONTEXT() REPRESENTATION_CONTEXT('2D SPACE',''
  ) );
#6457 = ORIENTED_EDGE('',*,*,#6458,.T.);
#6458 = EDGE_CURVE('',#6436,#6459,#6461,.T.);
#6459 = VERTEX_POINT('',#6460);
#6460 = CARTESIAN_POINT('',(0.498073890669,-2.810793143868,3.4));
#6461 = SURFACE_CURVE('',#6462,(#6466,#6473),.PCURVE_S1.);
#6462 = LINE('',#6463,#6464);
#6463 = CARTESIAN_POINT('',(0.492314112161,-2.771963871194,3.4));
#6464 = VECTOR('',#6465,1.);
#6465 = DIRECTION('',(0.146730474455,-0.989176509965,0.));
#6466 = PCURVE('',#5043,#6467);
#6467 = DEFINITIONAL_REPRESENTATION('',(#6468),#6472);
#6468 = LINE('',#6469,#6470);
#6469 = CARTESIAN_POINT('',(-0.392314112161,7.803612880645E-02));
#6470 = VECTOR('',#6471,1.);
#6471 = DIRECTION('',(-0.146730474455,-0.989176509965));
#6472 = ( GEOMETRIC_REPRESENTATION_CONTEXT(2) 
PARAMETRIC_REPRESENTATION_CONTEXT() REPRESENTATION_CONTEXT('2D SPACE',''
  ) );
#6473 = PCURVE('',#1891,#6474);
#6474 = DEFINITIONAL_REPRESENTATION('',(#6475),#6479);
#6475 = LINE('',#6476,#6477);
#6476 = CARTESIAN_POINT('',(0.,0.));
#6477 = VECTOR('',#6478,1.);
#6478 = DIRECTION('',(1.,0.));
#6479 = ( GEOMETRIC_REPRESENTATION_CONTEXT(2) 
PARAMETRIC_REPRESENTATION_CONTEXT() REPRESENTATION_CONTEXT('2D SPACE',''
  ) );
#6480 = ORIENTED_EDGE('',*,*,#6481,.T.);
#6481 = EDGE_CURVE('',#6459,#6482,#6484,.T.);
#6482 = VERTEX_POINT('',#6483);
#6483 = CARTESIAN_POINT('',(0.5,-2.85,3.4));
#6484 = SURFACE_CURVE('',#6485,(#6489,#6496),.PCURVE_S1.);
#6485 = LINE('',#6486,#6487);
#6486 = CARTESIAN_POINT('',(0.498073890669,-2.810793143868,3.4));
#6487 = VECTOR('',#6488,1.);
#6488 = DIRECTION('',(4.906767432742E-02,-0.998795456205,0.));
#6489 = PCURVE('',#5043,#6490);
#6490 = DEFINITIONAL_REPRESENTATION('',(#6491),#6495);
#6491 = LINE('',#6492,#6493);
#6492 = CARTESIAN_POINT('',(-0.398073890669,3.920685613183E-02));
#6493 = VECTOR('',#6494,1.);
#6494 = DIRECTION('',(-4.906767432742E-02,-0.998795456205));
#6495 = ( GEOMETRIC_REPRESENTATION_CONTEXT(2) 
PARAMETRIC_REPRESENTATION_CONTEXT() REPRESENTATION_CONTEXT('2D SPACE',''
  ) );
#6496 = PCURVE('',#1917,#6497);
#6497 = DEFINITIONAL_REPRESENTATION('',(#6498),#6502);
#6498 = LINE('',#6499,#6500);
#6499 = CARTESIAN_POINT('',(0.,0.));
#6500 = VECTOR('',#6501,1.);
#6501 = DIRECTION('',(1.,0.));
#6502 = ( GEOMETRIC_REPRESENTATION_CONTEXT(2) 
PARAMETRIC_REPRESENTATION_CONTEXT() REPRESENTATION_CONTEXT('2D SPACE',''
  ) );
#6503 = ORIENTED_EDGE('',*,*,#6504,.T.);
#6504 = EDGE_CURVE('',#6482,#6505,#6507,.T.);
#6505 = VERTEX_POINT('',#6506);
#6506 = CARTESIAN_POINT('',(0.498073890669,-2.889206856132,3.4));
#6507 = SURFACE_CURVE('',#6508,(#6512,#6519),.PCURVE_S1.);
#6508 = LINE('',#6509,#6510);
#6509 = CARTESIAN_POINT('',(0.5,-2.85,3.4));
#6510 = VECTOR('',#6511,1.);
#6511 = DIRECTION('',(-4.906767432742E-02,-0.998795456205,0.));
#6512 = PCURVE('',#5043,#6513);
#6513 = DEFINITIONAL_REPRESENTATION('',(#6514),#6518);
#6514 = LINE('',#6515,#6516);
#6515 = CARTESIAN_POINT('',(-0.4,8.881784197001E-16));
#6516 = VECTOR('',#6517,1.);
#6517 = DIRECTION('',(4.906767432742E-02,-0.998795456205));
#6518 = ( GEOMETRIC_REPRESENTATION_CONTEXT(2) 
PARAMETRIC_REPRESENTATION_CONTEXT() REPRESENTATION_CONTEXT('2D SPACE',''
  ) );
#6519 = PCURVE('',#1943,#6520);
#6520 = DEFINITIONAL_REPRESENTATION('',(#6521),#6525);
#6521 = LINE('',#6522,#6523);
#6522 = CARTESIAN_POINT('',(0.,0.));
#6523 = VECTOR('',#6524,1.);
#6524 = DIRECTION('',(1.,0.));
#6525 = ( GEOMETRIC_REPRESENTATION_CONTEXT(2) 
PARAMETRIC_REPRESENTATION_CONTEXT() REPRESENTATION_CONTEXT('2D SPACE',''
  ) );
#6526 = ORIENTED_EDGE('',*,*,#6527,.T.);
#6527 = EDGE_CURVE('',#6505,#5026,#6528,.T.);
#6528 = SURFACE_CURVE('',#6529,(#6533,#6540),.PCURVE_S1.);
#6529 = LINE('',#6530,#6531);
#6530 = CARTESIAN_POINT('',(0.498073890669,-2.889206856132,3.4));
#6531 = VECTOR('',#6532,1.);
#6532 = DIRECTION('',(-0.146730474455,-0.989176509965,0.));
#6533 = PCURVE('',#5043,#6534);
#6534 = DEFINITIONAL_REPRESENTATION('',(#6535),#6539);
#6535 = LINE('',#6536,#6537);
#6536 = CARTESIAN_POINT('',(-0.398073890669,-3.920685613182E-02));
#6537 = VECTOR('',#6538,1.);
#6538 = DIRECTION('',(0.146730474455,-0.989176509965));
#6539 = ( GEOMETRIC_REPRESENTATION_CONTEXT(2) 
PARAMETRIC_REPRESENTATION_CONTEXT() REPRESENTATION_CONTEXT('2D SPACE',''
  ) );
#6540 = PCURVE('',#1969,#6541);
#6541 = DEFINITIONAL_REPRESENTATION('',(#6542),#6546);
#6542 = LINE('',#6543,#6544);
#6543 = CARTESIAN_POINT('',(0.,0.));
#6544 = VECTOR('',#6545,1.);
#6545 = DIRECTION('',(1.,0.));
#6546 = ( GEOMETRIC_REPRESENTATION_CONTEXT(2) 
PARAMETRIC_REPRESENTATION_CONTEXT() REPRESENTATION_CONTEXT('2D SPACE',''
  ) );
#6547 = ORIENTED_EDGE('',*,*,#5025,.T.);
#6548 = ADVANCED_FACE('',(#6549),#1969,.F.);
#6549 = FACE_BOUND('',#6550,.F.);
#6550 = EDGE_LOOP('',(#6551,#6552,#6573,#6574));
#6551 = ORIENTED_EDGE('',*,*,#6527,.F.);
#6552 = ORIENTED_EDGE('',*,*,#6553,.T.);
#6553 = EDGE_CURVE('',#6505,#1929,#6554,.T.);
#6554 = SURFACE_CURVE('',#6555,(#6559,#6566),.PCURVE_S1.);
#6555 = LINE('',#6556,#6557);
#6556 = CARTESIAN_POINT('',(0.498073890669,-2.889206856132,3.4));
#6557 = VECTOR('',#6558,1.);
#6558 = DIRECTION('',(0.,0.,1.));
#6559 = PCURVE('',#1969,#6560);
#6560 = DEFINITIONAL_REPRESENTATION('',(#6561),#6565);
#6561 = LINE('',#6562,#6563);
#6562 = CARTESIAN_POINT('',(0.,0.));
#6563 = VECTOR('',#6564,1.);
#6564 = DIRECTION('',(0.,-1.));
#6565 = ( GEOMETRIC_REPRESENTATION_CONTEXT(2) 
PARAMETRIC_REPRESENTATION_CONTEXT() REPRESENTATION_CONTEXT('2D SPACE',''
  ) );
#6566 = PCURVE('',#1943,#6567);
#6567 = DEFINITIONAL_REPRESENTATION('',(#6568),#6572);
#6568 = LINE('',#6569,#6570);
#6569 = CARTESIAN_POINT('',(3.925413946193E-02,0.));
#6570 = VECTOR('',#6571,1.);
#6571 = DIRECTION('',(0.,-1.));
#6572 = ( GEOMETRIC_REPRESENTATION_CONTEXT(2) 
PARAMETRIC_REPRESENTATION_CONTEXT() REPRESENTATION_CONTEXT('2D SPACE',''
  ) );
#6573 = ORIENTED_EDGE('',*,*,#1954,.F.);
#6574 = ORIENTED_EDGE('',*,*,#5055,.F.);
#6575 = ADVANCED_FACE('',(#6576),#1943,.F.);
#6576 = FACE_BOUND('',#6577,.F.);
#6577 = EDGE_LOOP('',(#6578,#6579,#6600,#6601));
#6578 = ORIENTED_EDGE('',*,*,#6504,.F.);
#6579 = ORIENTED_EDGE('',*,*,#6580,.T.);
#6580 = EDGE_CURVE('',#6482,#1903,#6581,.T.);
#6581 = SURFACE_CURVE('',#6582,(#6586,#6593),.PCURVE_S1.);
#6582 = LINE('',#6583,#6584);
#6583 = CARTESIAN_POINT('',(0.5,-2.85,3.4));
#6584 = VECTOR('',#6585,1.);
#6585 = DIRECTION('',(0.,0.,1.));
#6586 = PCURVE('',#1943,#6587);
#6587 = DEFINITIONAL_REPRESENTATION('',(#6588),#6592);
#6588 = LINE('',#6589,#6590);
#6589 = CARTESIAN_POINT('',(0.,0.));
#6590 = VECTOR('',#6591,1.);
#6591 = DIRECTION('',(0.,-1.));
#6592 = ( GEOMETRIC_REPRESENTATION_CONTEXT(2) 
PARAMETRIC_REPRESENTATION_CONTEXT() REPRESENTATION_CONTEXT('2D SPACE',''
  ) );
#6593 = PCURVE('',#1917,#6594);
#6594 = DEFINITIONAL_REPRESENTATION('',(#6595),#6599);
#6595 = LINE('',#6596,#6597);
#6596 = CARTESIAN_POINT('',(3.925413946193E-02,0.));
#6597 = VECTOR('',#6598,1.);
#6598 = DIRECTION('',(0.,-1.));
#6599 = ( GEOMETRIC_REPRESENTATION_CONTEXT(2) 
PARAMETRIC_REPRESENTATION_CONTEXT() REPRESENTATION_CONTEXT('2D SPACE',''
  ) );
#6600 = ORIENTED_EDGE('',*,*,#1928,.F.);
#6601 = ORIENTED_EDGE('',*,*,#6553,.F.);
#6602 = ADVANCED_FACE('',(#6603),#1917,.F.);
#6603 = FACE_BOUND('',#6604,.F.);
#6604 = EDGE_LOOP('',(#6605,#6606,#6627,#6628));
#6605 = ORIENTED_EDGE('',*,*,#6481,.F.);
#6606 = ORIENTED_EDGE('',*,*,#6607,.T.);
#6607 = EDGE_CURVE('',#6459,#1877,#6608,.T.);
#6608 = SURFACE_CURVE('',#6609,(#6613,#6620),.PCURVE_S1.);
#6609 = LINE('',#6610,#6611);
#6610 = CARTESIAN_POINT('',(0.498073890669,-2.810793143868,3.4));
#6611 = VECTOR('',#6612,1.);
#6612 = DIRECTION('',(0.,0.,1.));
#6613 = PCURVE('',#1917,#6614);
#6614 = DEFINITIONAL_REPRESENTATION('',(#6615),#6619);
#6615 = LINE('',#6616,#6617);
#6616 = CARTESIAN_POINT('',(0.,0.));
#6617 = VECTOR('',#6618,1.);
#6618 = DIRECTION('',(0.,-1.));
#6619 = ( GEOMETRIC_REPRESENTATION_CONTEXT(2) 
PARAMETRIC_REPRESENTATION_CONTEXT() REPRESENTATION_CONTEXT('2D SPACE',''
  ) );
#6620 = PCURVE('',#1891,#6621);
#6621 = DEFINITIONAL_REPRESENTATION('',(#6622),#6626);
#6622 = LINE('',#6623,#6624);
#6623 = CARTESIAN_POINT('',(3.925413946193E-02,0.));
#6624 = VECTOR('',#6625,1.);
#6625 = DIRECTION('',(0.,-1.));
#6626 = ( GEOMETRIC_REPRESENTATION_CONTEXT(2) 
PARAMETRIC_REPRESENTATION_CONTEXT() REPRESENTATION_CONTEXT('2D SPACE',''
  ) );
#6627 = ORIENTED_EDGE('',*,*,#1902,.F.);
#6628 = ORIENTED_EDGE('',*,*,#6580,.F.);
#6629 = ADVANCED_FACE('',(#6630),#1891,.F.);
#6630 = FACE_BOUND('',#6631,.F.);
#6631 = EDGE_LOOP('',(#6632,#6633,#6654,#6655));
#6632 = ORIENTED_EDGE('',*,*,#6458,.F.);
#6633 = ORIENTED_EDGE('',*,*,#6634,.T.);
#6634 = EDGE_CURVE('',#6436,#1851,#6635,.T.);
#6635 = SURFACE_CURVE('',#6636,(#6640,#6647),.PCURVE_S1.);
#6636 = LINE('',#6637,#6638);
#6637 = CARTESIAN_POINT('',(0.492314112161,-2.771963871194,3.4));
#6638 = VECTOR('',#6639,1.);
#6639 = DIRECTION('',(0.,0.,1.));
#6640 = PCURVE('',#1891,#6641);
#6641 = DEFINITIONAL_REPRESENTATION('',(#6642),#6646);
#6642 = LINE('',#6643,#6644);
#6643 = CARTESIAN_POINT('',(0.,0.));
#6644 = VECTOR('',#6645,1.);
#6645 = DIRECTION('',(0.,-1.));
#6646 = ( GEOMETRIC_REPRESENTATION_CONTEXT(2) 
PARAMETRIC_REPRESENTATION_CONTEXT() REPRESENTATION_CONTEXT('2D SPACE',''
  ) );
#6647 = PCURVE('',#1865,#6648);
#6648 = DEFINITIONAL_REPRESENTATION('',(#6649),#6653);
#6649 = LINE('',#6650,#6651);
#6650 = CARTESIAN_POINT('',(3.925413946193E-02,0.));
#6651 = VECTOR('',#6652,1.);
#6652 = DIRECTION('',(0.,-1.));
#6653 = ( GEOMETRIC_REPRESENTATION_CONTEXT(2) 
PARAMETRIC_REPRESENTATION_CONTEXT() REPRESENTATION_CONTEXT('2D SPACE',''
  ) );
#6654 = ORIENTED_EDGE('',*,*,#1876,.F.);
#6655 = ORIENTED_EDGE('',*,*,#6607,.F.);
#6656 = ADVANCED_FACE('',(#6657),#1865,.F.);
#6657 = FACE_BOUND('',#6658,.F.);
#6658 = EDGE_LOOP('',(#6659,#6660,#6681,#6682));
#6659 = ORIENTED_EDGE('',*,*,#6435,.F.);
#6660 = ORIENTED_EDGE('',*,*,#6661,.T.);
#6661 = EDGE_CURVE('',#6413,#1825,#6662,.T.);
#6662 = SURFACE_CURVE('',#6663,(#6667,#6674),.PCURVE_S1.);
#6663 = LINE('',#6664,#6665);
#6664 = CARTESIAN_POINT('',(0.482776134293,-2.733886129098,3.4));
#6665 = VECTOR('',#6666,1.);
#6666 = DIRECTION('',(0.,0.,1.));
#6667 = PCURVE('',#1865,#6668);
#6668 = DEFINITIONAL_REPRESENTATION('',(#6669),#6673);
#6669 = LINE('',#6670,#6671);
#6670 = CARTESIAN_POINT('',(0.,0.));
#6671 = VECTOR('',#6672,1.);
#6672 = DIRECTION('',(0.,-1.));
#6673 = ( GEOMETRIC_REPRESENTATION_CONTEXT(2) 
PARAMETRIC_REPRESENTATION_CONTEXT() REPRESENTATION_CONTEXT('2D SPACE',''
  ) );
#6674 = PCURVE('',#1839,#6675);
#6675 = DEFINITIONAL_REPRESENTATION('',(#6676),#6680);
#6676 = LINE('',#6677,#6678);
#6677 = CARTESIAN_POINT('',(3.925413946193E-02,0.));
#6678 = VECTOR('',#6679,1.);
#6679 = DIRECTION('',(0.,-1.));
#6680 = ( GEOMETRIC_REPRESENTATION_CONTEXT(2) 
PARAMETRIC_REPRESENTATION_CONTEXT() REPRESENTATION_CONTEXT('2D SPACE',''
  ) );
#6681 = ORIENTED_EDGE('',*,*,#1850,.F.);
#6682 = ORIENTED_EDGE('',*,*,#6634,.F.);
#6683 = ADVANCED_FACE('',(#6684),#1839,.F.);
#6684 = FACE_BOUND('',#6685,.F.);
#6685 = EDGE_LOOP('',(#6686,#6687,#6708,#6709));
#6686 = ORIENTED_EDGE('',*,*,#6412,.F.);
#6687 = ORIENTED_EDGE('',*,*,#6688,.T.);
#6688 = EDGE_CURVE('',#6390,#1799,#6689,.T.);
#6689 = SURFACE_CURVE('',#6690,(#6694,#6701),.PCURVE_S1.);
#6690 = LINE('',#6691,#6692);
#6691 = CARTESIAN_POINT('',(0.469551813005,-2.696926627054,3.4));
#6692 = VECTOR('',#6693,1.);
#6693 = DIRECTION('',(0.,0.,1.));
#6694 = PCURVE('',#1839,#6695);
#6695 = DEFINITIONAL_REPRESENTATION('',(#6696),#6700);
#6696 = LINE('',#6697,#6698);
#6697 = CARTESIAN_POINT('',(0.,0.));
#6698 = VECTOR('',#6699,1.);
#6699 = DIRECTION('',(0.,-1.));
#6700 = ( GEOMETRIC_REPRESENTATION_CONTEXT(2) 
PARAMETRIC_REPRESENTATION_CONTEXT() REPRESENTATION_CONTEXT('2D SPACE',''
  ) );
#6701 = PCURVE('',#1813,#6702);
#6702 = DEFINITIONAL_REPRESENTATION('',(#6703),#6707);
#6703 = LINE('',#6704,#6705);
#6704 = CARTESIAN_POINT('',(3.925413946193E-02,0.));
#6705 = VECTOR('',#6706,1.);
#6706 = DIRECTION('',(0.,-1.));
#6707 = ( GEOMETRIC_REPRESENTATION_CONTEXT(2) 
PARAMETRIC_REPRESENTATION_CONTEXT() REPRESENTATION_CONTEXT('2D SPACE',''
  ) );
#6708 = ORIENTED_EDGE('',*,*,#1824,.F.);
#6709 = ORIENTED_EDGE('',*,*,#6661,.F.);
#6710 = ADVANCED_FACE('',(#6711),#1813,.F.);
#6711 = FACE_BOUND('',#6712,.F.);
#6712 = EDGE_LOOP('',(#6713,#6714,#6735,#6736));
#6713 = ORIENTED_EDGE('',*,*,#6389,.F.);
#6714 = ORIENTED_EDGE('',*,*,#6715,.T.);
#6715 = EDGE_CURVE('',#6367,#1773,#6716,.T.);
#6716 = SURFACE_CURVE('',#6717,(#6721,#6728),.PCURVE_S1.);
#6717 = LINE('',#6718,#6719);
#6718 = CARTESIAN_POINT('',(0.452768505739,-2.66144130527,3.4));
#6719 = VECTOR('',#6720,1.);
#6720 = DIRECTION('',(0.,0.,1.));
#6721 = PCURVE('',#1813,#6722);
#6722 = DEFINITIONAL_REPRESENTATION('',(#6723),#6727);
#6723 = LINE('',#6724,#6725);
#6724 = CARTESIAN_POINT('',(0.,0.));
#6725 = VECTOR('',#6726,1.);
#6726 = DIRECTION('',(0.,-1.));
#6727 = ( GEOMETRIC_REPRESENTATION_CONTEXT(2) 
PARAMETRIC_REPRESENTATION_CONTEXT() REPRESENTATION_CONTEXT('2D SPACE',''
  ) );
#6728 = PCURVE('',#1787,#6729);
#6729 = DEFINITIONAL_REPRESENTATION('',(#6730),#6734);
#6730 = LINE('',#6731,#6732);
#6731 = CARTESIAN_POINT('',(3.925413946193E-02,0.));
#6732 = VECTOR('',#6733,1.);
#6733 = DIRECTION('',(0.,-1.));
#6734 = ( GEOMETRIC_REPRESENTATION_CONTEXT(2) 
PARAMETRIC_REPRESENTATION_CONTEXT() REPRESENTATION_CONTEXT('2D SPACE',''
  ) );
#6735 = ORIENTED_EDGE('',*,*,#1798,.F.);
#6736 = ORIENTED_EDGE('',*,*,#6688,.F.);
#6737 = ADVANCED_FACE('',(#6738),#1787,.F.);
#6738 = FACE_BOUND('',#6739,.F.);
#6739 = EDGE_LOOP('',(#6740,#6741,#6762,#6763));
#6740 = ORIENTED_EDGE('',*,*,#6366,.F.);
#6741 = ORIENTED_EDGE('',*,*,#6742,.T.);
#6742 = EDGE_CURVE('',#6344,#1747,#6743,.T.);
#6743 = SURFACE_CURVE('',#6744,(#6748,#6755),.PCURVE_S1.);
#6744 = LINE('',#6745,#6746);
#6745 = CARTESIAN_POINT('',(0.432587844921,-2.627771906792,3.4));
#6746 = VECTOR('',#6747,1.);
#6747 = DIRECTION('',(0.,0.,1.));
#6748 = PCURVE('',#1787,#6749);
#6749 = DEFINITIONAL_REPRESENTATION('',(#6750),#6754);
#6750 = LINE('',#6751,#6752);
#6751 = CARTESIAN_POINT('',(0.,0.));
#6752 = VECTOR('',#6753,1.);
#6753 = DIRECTION('',(0.,-1.));
#6754 = ( GEOMETRIC_REPRESENTATION_CONTEXT(2) 
PARAMETRIC_REPRESENTATION_CONTEXT() REPRESENTATION_CONTEXT('2D SPACE',''
  ) );
#6755 = PCURVE('',#1761,#6756);
#6756 = DEFINITIONAL_REPRESENTATION('',(#6757),#6761);
#6757 = LINE('',#6758,#6759);
#6758 = CARTESIAN_POINT('',(3.925413946193E-02,0.));
#6759 = VECTOR('',#6760,1.);
#6760 = DIRECTION('',(0.,-1.));
#6761 = ( GEOMETRIC_REPRESENTATION_CONTEXT(2) 
PARAMETRIC_REPRESENTATION_CONTEXT() REPRESENTATION_CONTEXT('2D SPACE',''
  ) );
#6762 = ORIENTED_EDGE('',*,*,#1772,.F.);
#6763 = ORIENTED_EDGE('',*,*,#6715,.F.);
#6764 = ADVANCED_FACE('',(#6765),#1761,.F.);
#6765 = FACE_BOUND('',#6766,.F.);
#6766 = EDGE_LOOP('',(#6767,#6768,#6789,#6790));
#6767 = ORIENTED_EDGE('',*,*,#6343,.F.);
#6768 = ORIENTED_EDGE('',*,*,#6769,.T.);
#6769 = EDGE_CURVE('',#6321,#1721,#6770,.T.);
#6770 = SURFACE_CURVE('',#6771,(#6775,#6782),.PCURVE_S1.);
#6771 = LINE('',#6772,#6773);
#6772 = CARTESIAN_POINT('',(0.409204181345,-2.596242686335,3.4));
#6773 = VECTOR('',#6774,1.);
#6774 = DIRECTION('',(0.,0.,1.));
#6775 = PCURVE('',#1761,#6776);
#6776 = DEFINITIONAL_REPRESENTATION('',(#6777),#6781);
#6777 = LINE('',#6778,#6779);
#6778 = CARTESIAN_POINT('',(0.,0.));
#6779 = VECTOR('',#6780,1.);
#6780 = DIRECTION('',(0.,-1.));
#6781 = ( GEOMETRIC_REPRESENTATION_CONTEXT(2) 
PARAMETRIC_REPRESENTATION_CONTEXT() REPRESENTATION_CONTEXT('2D SPACE',''
  ) );
#6782 = PCURVE('',#1735,#6783);
#6783 = DEFINITIONAL_REPRESENTATION('',(#6784),#6788);
#6784 = LINE('',#6785,#6786);
#6785 = CARTESIAN_POINT('',(3.925413946193E-02,0.));
#6786 = VECTOR('',#6787,1.);
#6787 = DIRECTION('',(0.,-1.));
#6788 = ( GEOMETRIC_REPRESENTATION_CONTEXT(2) 
PARAMETRIC_REPRESENTATION_CONTEXT() REPRESENTATION_CONTEXT('2D SPACE',''
  ) );
#6789 = ORIENTED_EDGE('',*,*,#1746,.F.);
#6790 = ORIENTED_EDGE('',*,*,#6742,.F.);
#6791 = ADVANCED_FACE('',(#6792),#1735,.F.);
#6792 = FACE_BOUND('',#6793,.F.);
#6793 = EDGE_LOOP('',(#6794,#6795,#6816,#6817));
#6794 = ORIENTED_EDGE('',*,*,#6320,.F.);
#6795 = ORIENTED_EDGE('',*,*,#6796,.T.);
#6796 = EDGE_CURVE('',#6298,#1695,#6797,.T.);
#6797 = SURFACE_CURVE('',#6798,(#6802,#6809),.PCURVE_S1.);
#6798 = LINE('',#6799,#6800);
#6799 = CARTESIAN_POINT('',(0.382842712475,-2.567157287525,3.4));
#6800 = VECTOR('',#6801,1.);
#6801 = DIRECTION('',(0.,0.,1.));
#6802 = PCURVE('',#1735,#6803);
#6803 = DEFINITIONAL_REPRESENTATION('',(#6804),#6808);
#6804 = LINE('',#6805,#6806);
#6805 = CARTESIAN_POINT('',(0.,0.));
#6806 = VECTOR('',#6807,1.);
#6807 = DIRECTION('',(0.,-1.));
#6808 = ( GEOMETRIC_REPRESENTATION_CONTEXT(2) 
PARAMETRIC_REPRESENTATION_CONTEXT() REPRESENTATION_CONTEXT('2D SPACE',''
  ) );
#6809 = PCURVE('',#1709,#6810);
#6810 = DEFINITIONAL_REPRESENTATION('',(#6811),#6815);
#6811 = LINE('',#6812,#6813);
#6812 = CARTESIAN_POINT('',(3.925413946193E-02,0.));
#6813 = VECTOR('',#6814,1.);
#6814 = DIRECTION('',(0.,-1.));
#6815 = ( GEOMETRIC_REPRESENTATION_CONTEXT(2) 
PARAMETRIC_REPRESENTATION_CONTEXT() REPRESENTATION_CONTEXT('2D SPACE',''
  ) );
#6816 = ORIENTED_EDGE('',*,*,#1720,.F.);
#6817 = ORIENTED_EDGE('',*,*,#6769,.F.);
#6818 = ADVANCED_FACE('',(#6819),#1709,.F.);
#6819 = FACE_BOUND('',#6820,.F.);
#6820 = EDGE_LOOP('',(#6821,#6822,#6843,#6844));
#6821 = ORIENTED_EDGE('',*,*,#6297,.F.);
#6822 = ORIENTED_EDGE('',*,*,#6823,.T.);
#6823 = EDGE_CURVE('',#6275,#1669,#6824,.T.);
#6824 = SURFACE_CURVE('',#6825,(#6829,#6836),.PCURVE_S1.);
#6825 = LINE('',#6826,#6827);
#6826 = CARTESIAN_POINT('',(0.353757313665,-2.540795818655,3.4));
#6827 = VECTOR('',#6828,1.);
#6828 = DIRECTION('',(0.,0.,1.));
#6829 = PCURVE('',#1709,#6830);
#6830 = DEFINITIONAL_REPRESENTATION('',(#6831),#6835);
#6831 = LINE('',#6832,#6833);
#6832 = CARTESIAN_POINT('',(0.,0.));
#6833 = VECTOR('',#6834,1.);
#6834 = DIRECTION('',(0.,-1.));
#6835 = ( GEOMETRIC_REPRESENTATION_CONTEXT(2) 
PARAMETRIC_REPRESENTATION_CONTEXT() REPRESENTATION_CONTEXT('2D SPACE',''
  ) );
#6836 = PCURVE('',#1683,#6837);
#6837 = DEFINITIONAL_REPRESENTATION('',(#6838),#6842);
#6838 = LINE('',#6839,#6840);
#6839 = CARTESIAN_POINT('',(3.925413946193E-02,0.));
#6840 = VECTOR('',#6841,1.);
#6841 = DIRECTION('',(0.,-1.));
#6842 = ( GEOMETRIC_REPRESENTATION_CONTEXT(2) 
PARAMETRIC_REPRESENTATION_CONTEXT() REPRESENTATION_CONTEXT('2D SPACE',''
  ) );
#6843 = ORIENTED_EDGE('',*,*,#1694,.F.);
#6844 = ORIENTED_EDGE('',*,*,#6796,.F.);
#6845 = ADVANCED_FACE('',(#6846),#1683,.F.);
#6846 = FACE_BOUND('',#6847,.F.);
#6847 = EDGE_LOOP('',(#6848,#6849,#6870,#6871));
#6848 = ORIENTED_EDGE('',*,*,#6274,.F.);
#6849 = ORIENTED_EDGE('',*,*,#6850,.T.);
#6850 = EDGE_CURVE('',#6252,#1643,#6851,.T.);
#6851 = SURFACE_CURVE('',#6852,(#6856,#6863),.PCURVE_S1.);
#6852 = LINE('',#6853,#6854);
#6853 = CARTESIAN_POINT('',(0.322228093208,-2.517412155079,3.4));
#6854 = VECTOR('',#6855,1.);
#6855 = DIRECTION('',(0.,0.,1.));
#6856 = PCURVE('',#1683,#6857);
#6857 = DEFINITIONAL_REPRESENTATION('',(#6858),#6862);
#6858 = LINE('',#6859,#6860);
#6859 = CARTESIAN_POINT('',(0.,0.));
#6860 = VECTOR('',#6861,1.);
#6861 = DIRECTION('',(0.,-1.));
#6862 = ( GEOMETRIC_REPRESENTATION_CONTEXT(2) 
PARAMETRIC_REPRESENTATION_CONTEXT() REPRESENTATION_CONTEXT('2D SPACE',''
  ) );
#6863 = PCURVE('',#1657,#6864);
#6864 = DEFINITIONAL_REPRESENTATION('',(#6865),#6869);
#6865 = LINE('',#6866,#6867);
#6866 = CARTESIAN_POINT('',(3.925413946193E-02,0.));
#6867 = VECTOR('',#6868,1.);
#6868 = DIRECTION('',(0.,-1.));
#6869 = ( GEOMETRIC_REPRESENTATION_CONTEXT(2) 
PARAMETRIC_REPRESENTATION_CONTEXT() REPRESENTATION_CONTEXT('2D SPACE',''
  ) );
#6870 = ORIENTED_EDGE('',*,*,#1668,.F.);
#6871 = ORIENTED_EDGE('',*,*,#6823,.F.);
#6872 = ADVANCED_FACE('',(#6873),#1657,.F.);
#6873 = FACE_BOUND('',#6874,.F.);
#6874 = EDGE_LOOP('',(#6875,#6876,#6897,#6898));
#6875 = ORIENTED_EDGE('',*,*,#6251,.F.);
#6876 = ORIENTED_EDGE('',*,*,#6877,.T.);
#6877 = EDGE_CURVE('',#6229,#1617,#6878,.T.);
#6878 = SURFACE_CURVE('',#6879,(#6883,#6890),.PCURVE_S1.);
#6879 = LINE('',#6880,#6881);
#6880 = CARTESIAN_POINT('',(0.28855869473,-2.497231494261,3.4));
#6881 = VECTOR('',#6882,1.);
#6882 = DIRECTION('',(0.,0.,1.));
#6883 = PCURVE('',#1657,#6884);
#6884 = DEFINITIONAL_REPRESENTATION('',(#6885),#6889);
#6885 = LINE('',#6886,#6887);
#6886 = CARTESIAN_POINT('',(0.,0.));
#6887 = VECTOR('',#6888,1.);
#6888 = DIRECTION('',(0.,-1.));
#6889 = ( GEOMETRIC_REPRESENTATION_CONTEXT(2) 
PARAMETRIC_REPRESENTATION_CONTEXT() REPRESENTATION_CONTEXT('2D SPACE',''
  ) );
#6890 = PCURVE('',#1631,#6891);
#6891 = DEFINITIONAL_REPRESENTATION('',(#6892),#6896);
#6892 = LINE('',#6893,#6894);
#6893 = CARTESIAN_POINT('',(3.925413946193E-02,0.));
#6894 = VECTOR('',#6895,1.);
#6895 = DIRECTION('',(0.,-1.));
#6896 = ( GEOMETRIC_REPRESENTATION_CONTEXT(2) 
PARAMETRIC_REPRESENTATION_CONTEXT() REPRESENTATION_CONTEXT('2D SPACE',''
  ) );
#6897 = ORIENTED_EDGE('',*,*,#1642,.F.);
#6898 = ORIENTED_EDGE('',*,*,#6850,.F.);
#6899 = ADVANCED_FACE('',(#6900),#1631,.F.);
#6900 = FACE_BOUND('',#6901,.F.);
#6901 = EDGE_LOOP('',(#6902,#6903,#6924,#6925));
#6902 = ORIENTED_EDGE('',*,*,#6228,.F.);
#6903 = ORIENTED_EDGE('',*,*,#6904,.T.);
#6904 = EDGE_CURVE('',#6206,#1591,#6905,.T.);
#6905 = SURFACE_CURVE('',#6906,(#6910,#6917),.PCURVE_S1.);
#6906 = LINE('',#6907,#6908);
#6907 = CARTESIAN_POINT('',(0.253073372946,-2.480448186995,3.4));
#6908 = VECTOR('',#6909,1.);
#6909 = DIRECTION('',(0.,0.,1.));
#6910 = PCURVE('',#1631,#6911);
#6911 = DEFINITIONAL_REPRESENTATION('',(#6912),#6916);
#6912 = LINE('',#6913,#6914);
#6913 = CARTESIAN_POINT('',(0.,0.));
#6914 = VECTOR('',#6915,1.);
#6915 = DIRECTION('',(0.,-1.));
#6916 = ( GEOMETRIC_REPRESENTATION_CONTEXT(2) 
PARAMETRIC_REPRESENTATION_CONTEXT() REPRESENTATION_CONTEXT('2D SPACE',''
  ) );
#6917 = PCURVE('',#1605,#6918);
#6918 = DEFINITIONAL_REPRESENTATION('',(#6919),#6923);
#6919 = LINE('',#6920,#6921);
#6920 = CARTESIAN_POINT('',(3.925413946193E-02,0.));
#6921 = VECTOR('',#6922,1.);
#6922 = DIRECTION('',(0.,-1.));
#6923 = ( GEOMETRIC_REPRESENTATION_CONTEXT(2) 
PARAMETRIC_REPRESENTATION_CONTEXT() REPRESENTATION_CONTEXT('2D SPACE',''
  ) );
#6924 = ORIENTED_EDGE('',*,*,#1616,.F.);
#6925 = ORIENTED_EDGE('',*,*,#6877,.F.);
#6926 = ADVANCED_FACE('',(#6927),#1605,.F.);
#6927 = FACE_BOUND('',#6928,.F.);
#6928 = EDGE_LOOP('',(#6929,#6930,#6951,#6952));
#6929 = ORIENTED_EDGE('',*,*,#6205,.F.);
#6930 = ORIENTED_EDGE('',*,*,#6931,.T.);
#6931 = EDGE_CURVE('',#6183,#1565,#6932,.T.);
#6932 = SURFACE_CURVE('',#6933,(#6937,#6944),.PCURVE_S1.);
#6933 = LINE('',#6934,#6935);
#6934 = CARTESIAN_POINT('',(0.216113870902,-2.467223865707,3.4));
#6935 = VECTOR('',#6936,1.);
#6936 = DIRECTION('',(0.,0.,1.));
#6937 = PCURVE('',#1605,#6938);
#6938 = DEFINITIONAL_REPRESENTATION('',(#6939),#6943);
#6939 = LINE('',#6940,#6941);
#6940 = CARTESIAN_POINT('',(0.,0.));
#6941 = VECTOR('',#6942,1.);
#6942 = DIRECTION('',(0.,-1.));
#6943 = ( GEOMETRIC_REPRESENTATION_CONTEXT(2) 
PARAMETRIC_REPRESENTATION_CONTEXT() REPRESENTATION_CONTEXT('2D SPACE',''
  ) );
#6944 = PCURVE('',#1579,#6945);
#6945 = DEFINITIONAL_REPRESENTATION('',(#6946),#6950);
#6946 = LINE('',#6947,#6948);
#6947 = CARTESIAN_POINT('',(3.925413946193E-02,0.));
#6948 = VECTOR('',#6949,1.);
#6949 = DIRECTION('',(0.,-1.));
#6950 = ( GEOMETRIC_REPRESENTATION_CONTEXT(2) 
PARAMETRIC_REPRESENTATION_CONTEXT() REPRESENTATION_CONTEXT('2D SPACE',''
  ) );
#6951 = ORIENTED_EDGE('',*,*,#1590,.F.);
#6952 = ORIENTED_EDGE('',*,*,#6904,.F.);
#6953 = ADVANCED_FACE('',(#6954),#1579,.F.);
#6954 = FACE_BOUND('',#6955,.F.);
#6955 = EDGE_LOOP('',(#6956,#6957,#6978,#6979));
#6956 = ORIENTED_EDGE('',*,*,#6182,.F.);
#6957 = ORIENTED_EDGE('',*,*,#6958,.T.);
#6958 = EDGE_CURVE('',#6160,#1539,#6959,.T.);
#6959 = SURFACE_CURVE('',#6960,(#6964,#6971),.PCURVE_S1.);
#6960 = LINE('',#6961,#6962);
#6961 = CARTESIAN_POINT('',(0.178036128806,-2.457685887839,3.4));
#6962 = VECTOR('',#6963,1.);
#6963 = DIRECTION('',(0.,0.,1.));
#6964 = PCURVE('',#1579,#6965);
#6965 = DEFINITIONAL_REPRESENTATION('',(#6966),#6970);
#6966 = LINE('',#6967,#6968);
#6967 = CARTESIAN_POINT('',(0.,0.));
#6968 = VECTOR('',#6969,1.);
#6969 = DIRECTION('',(0.,-1.));
#6970 = ( GEOMETRIC_REPRESENTATION_CONTEXT(2) 
PARAMETRIC_REPRESENTATION_CONTEXT() REPRESENTATION_CONTEXT('2D SPACE',''
  ) );
#6971 = PCURVE('',#1553,#6972);
#6972 = DEFINITIONAL_REPRESENTATION('',(#6973),#6977);
#6973 = LINE('',#6974,#6975);
#6974 = CARTESIAN_POINT('',(3.925413946193E-02,0.));
#6975 = VECTOR('',#6976,1.);
#6976 = DIRECTION('',(0.,-1.));
#6977 = ( GEOMETRIC_REPRESENTATION_CONTEXT(2) 
PARAMETRIC_REPRESENTATION_CONTEXT() REPRESENTATION_CONTEXT('2D SPACE',''
  ) );
#6978 = ORIENTED_EDGE('',*,*,#1564,.F.);
#6979 = ORIENTED_EDGE('',*,*,#6931,.F.);
#6980 = ADVANCED_FACE('',(#6981),#1553,.F.);
#6981 = FACE_BOUND('',#6982,.F.);
#6982 = EDGE_LOOP('',(#6983,#6984,#7005,#7006));
#6983 = ORIENTED_EDGE('',*,*,#6159,.F.);
#6984 = ORIENTED_EDGE('',*,*,#6985,.T.);
#6985 = EDGE_CURVE('',#6137,#1513,#6986,.T.);
#6986 = SURFACE_CURVE('',#6987,(#6991,#6998),.PCURVE_S1.);
#6987 = LINE('',#6988,#6989);
#6988 = CARTESIAN_POINT('',(0.139206856132,-2.451926109331,3.4));
#6989 = VECTOR('',#6990,1.);
#6990 = DIRECTION('',(0.,0.,1.));
#6991 = PCURVE('',#1553,#6992);
#6992 = DEFINITIONAL_REPRESENTATION('',(#6993),#6997);
#6993 = LINE('',#6994,#6995);
#6994 = CARTESIAN_POINT('',(0.,0.));
#6995 = VECTOR('',#6996,1.);
#6996 = DIRECTION('',(0.,-1.));
#6997 = ( GEOMETRIC_REPRESENTATION_CONTEXT(2) 
PARAMETRIC_REPRESENTATION_CONTEXT() REPRESENTATION_CONTEXT('2D SPACE',''
  ) );
#6998 = PCURVE('',#1527,#6999);
#6999 = DEFINITIONAL_REPRESENTATION('',(#7000),#7004);
#7000 = LINE('',#7001,#7002);
#7001 = CARTESIAN_POINT('',(3.925413946193E-02,0.));
#7002 = VECTOR('',#7003,1.);
#7003 = DIRECTION('',(0.,-1.));
#7004 = ( GEOMETRIC_REPRESENTATION_CONTEXT(2) 
PARAMETRIC_REPRESENTATION_CONTEXT() REPRESENTATION_CONTEXT('2D SPACE',''
  ) );
#7005 = ORIENTED_EDGE('',*,*,#1538,.F.);
#7006 = ORIENTED_EDGE('',*,*,#6958,.F.);
#7007 = ADVANCED_FACE('',(#7008),#1527,.F.);
#7008 = FACE_BOUND('',#7009,.F.);
#7009 = EDGE_LOOP('',(#7010,#7011,#7032,#7033));
#7010 = ORIENTED_EDGE('',*,*,#6136,.F.);
#7011 = ORIENTED_EDGE('',*,*,#7012,.T.);
#7012 = EDGE_CURVE('',#6114,#1487,#7013,.T.);
#7013 = SURFACE_CURVE('',#7014,(#7018,#7025),.PCURVE_S1.);
#7014 = LINE('',#7015,#7016);
#7015 = CARTESIAN_POINT('',(1.E-01,-2.45,3.4));
#7016 = VECTOR('',#7017,1.);
#7017 = DIRECTION('',(0.,0.,1.));
#7018 = PCURVE('',#1527,#7019);
#7019 = DEFINITIONAL_REPRESENTATION('',(#7020),#7024);
#7020 = LINE('',#7021,#7022);
#7021 = CARTESIAN_POINT('',(0.,0.));
#7022 = VECTOR('',#7023,1.);
#7023 = DIRECTION('',(0.,-1.));
#7024 = ( GEOMETRIC_REPRESENTATION_CONTEXT(2) 
PARAMETRIC_REPRESENTATION_CONTEXT() REPRESENTATION_CONTEXT('2D SPACE',''
  ) );
#7025 = PCURVE('',#1501,#7026);
#7026 = DEFINITIONAL_REPRESENTATION('',(#7027),#7031);
#7027 = LINE('',#7028,#7029);
#7028 = CARTESIAN_POINT('',(3.925413946193E-02,0.));
#7029 = VECTOR('',#7030,1.);
#7030 = DIRECTION('',(0.,-1.));
#7031 = ( GEOMETRIC_REPRESENTATION_CONTEXT(2) 
PARAMETRIC_REPRESENTATION_CONTEXT() REPRESENTATION_CONTEXT('2D SPACE',''
  ) );
#7032 = ORIENTED_EDGE('',*,*,#1512,.F.);
#7033 = ORIENTED_EDGE('',*,*,#6985,.F.);
#7034 = ADVANCED_FACE('',(#7035),#1501,.F.);
#7035 = FACE_BOUND('',#7036,.F.);
#7036 = EDGE_LOOP('',(#7037,#7038,#7059,#7060));
#7037 = ORIENTED_EDGE('',*,*,#6113,.F.);
#7038 = ORIENTED_EDGE('',*,*,#7039,.T.);
#7039 = EDGE_CURVE('',#6091,#1461,#7040,.T.);
#7040 = SURFACE_CURVE('',#7041,(#7045,#7052),.PCURVE_S1.);
#7041 = LINE('',#7042,#7043);
#7042 = CARTESIAN_POINT('',(6.079314386818E-02,-2.451926109331,3.4));
#7043 = VECTOR('',#7044,1.);
#7044 = DIRECTION('',(0.,0.,1.));
#7045 = PCURVE('',#1501,#7046);
#7046 = DEFINITIONAL_REPRESENTATION('',(#7047),#7051);
#7047 = LINE('',#7048,#7049);
#7048 = CARTESIAN_POINT('',(0.,0.));
#7049 = VECTOR('',#7050,1.);
#7050 = DIRECTION('',(0.,-1.));
#7051 = ( GEOMETRIC_REPRESENTATION_CONTEXT(2) 
PARAMETRIC_REPRESENTATION_CONTEXT() REPRESENTATION_CONTEXT('2D SPACE',''
  ) );
#7052 = PCURVE('',#1475,#7053);
#7053 = DEFINITIONAL_REPRESENTATION('',(#7054),#7058);
#7054 = LINE('',#7055,#7056);
#7055 = CARTESIAN_POINT('',(3.925413946193E-02,0.));
#7056 = VECTOR('',#7057,1.);
#7057 = DIRECTION('',(0.,-1.));
#7058 = ( GEOMETRIC_REPRESENTATION_CONTEXT(2) 
PARAMETRIC_REPRESENTATION_CONTEXT() REPRESENTATION_CONTEXT('2D SPACE',''
  ) );
#7059 = ORIENTED_EDGE('',*,*,#1486,.F.);
#7060 = ORIENTED_EDGE('',*,*,#7012,.F.);
#7061 = ADVANCED_FACE('',(#7062),#1475,.F.);
#7062 = FACE_BOUND('',#7063,.F.);
#7063 = EDGE_LOOP('',(#7064,#7065,#7086,#7087));
#7064 = ORIENTED_EDGE('',*,*,#6090,.F.);
#7065 = ORIENTED_EDGE('',*,*,#7066,.T.);
#7066 = EDGE_CURVE('',#6068,#1435,#7067,.T.);
#7067 = SURFACE_CURVE('',#7068,(#7072,#7079),.PCURVE_S1.);
#7068 = LINE('',#7069,#7070);
#7069 = CARTESIAN_POINT('',(2.196387119355E-02,-2.457685887839,3.4));
#7070 = VECTOR('',#7071,1.);
#7071 = DIRECTION('',(0.,0.,1.));
#7072 = PCURVE('',#1475,#7073);
#7073 = DEFINITIONAL_REPRESENTATION('',(#7074),#7078);
#7074 = LINE('',#7075,#7076);
#7075 = CARTESIAN_POINT('',(0.,0.));
#7076 = VECTOR('',#7077,1.);
#7077 = DIRECTION('',(0.,-1.));
#7078 = ( GEOMETRIC_REPRESENTATION_CONTEXT(2) 
PARAMETRIC_REPRESENTATION_CONTEXT() REPRESENTATION_CONTEXT('2D SPACE',''
  ) );
#7079 = PCURVE('',#1449,#7080);
#7080 = DEFINITIONAL_REPRESENTATION('',(#7081),#7085);
#7081 = LINE('',#7082,#7083);
#7082 = CARTESIAN_POINT('',(3.925413946193E-02,0.));
#7083 = VECTOR('',#7084,1.);
#7084 = DIRECTION('',(0.,-1.));
#7085 = ( GEOMETRIC_REPRESENTATION_CONTEXT(2) 
PARAMETRIC_REPRESENTATION_CONTEXT() REPRESENTATION_CONTEXT('2D SPACE',''
  ) );
#7086 = ORIENTED_EDGE('',*,*,#1460,.F.);
#7087 = ORIENTED_EDGE('',*,*,#7039,.F.);
#7088 = ADVANCED_FACE('',(#7089),#1449,.F.);
#7089 = FACE_BOUND('',#7090,.F.);
#7090 = EDGE_LOOP('',(#7091,#7092,#7113,#7114));
#7091 = ORIENTED_EDGE('',*,*,#6067,.F.);
#7092 = ORIENTED_EDGE('',*,*,#7093,.T.);
#7093 = EDGE_CURVE('',#6045,#1409,#7094,.T.);
#7094 = SURFACE_CURVE('',#7095,(#7099,#7106),.PCURVE_S1.);
#7095 = LINE('',#7096,#7097);
#7096 = CARTESIAN_POINT('',(-1.611387090179E-02,-2.467223865707,3.4));
#7097 = VECTOR('',#7098,1.);
#7098 = DIRECTION('',(0.,0.,1.));
#7099 = PCURVE('',#1449,#7100);
#7100 = DEFINITIONAL_REPRESENTATION('',(#7101),#7105);
#7101 = LINE('',#7102,#7103);
#7102 = CARTESIAN_POINT('',(0.,0.));
#7103 = VECTOR('',#7104,1.);
#7104 = DIRECTION('',(0.,-1.));
#7105 = ( GEOMETRIC_REPRESENTATION_CONTEXT(2) 
PARAMETRIC_REPRESENTATION_CONTEXT() REPRESENTATION_CONTEXT('2D SPACE',''
  ) );
#7106 = PCURVE('',#1423,#7107);
#7107 = DEFINITIONAL_REPRESENTATION('',(#7108),#7112);
#7108 = LINE('',#7109,#7110);
#7109 = CARTESIAN_POINT('',(3.925413946193E-02,0.));
#7110 = VECTOR('',#7111,1.);
#7111 = DIRECTION('',(0.,-1.));
#7112 = ( GEOMETRIC_REPRESENTATION_CONTEXT(2) 
PARAMETRIC_REPRESENTATION_CONTEXT() REPRESENTATION_CONTEXT('2D SPACE',''
  ) );
#7113 = ORIENTED_EDGE('',*,*,#1434,.F.);
#7114 = ORIENTED_EDGE('',*,*,#7066,.F.);
#7115 = ADVANCED_FACE('',(#7116),#1423,.F.);
#7116 = FACE_BOUND('',#7117,.F.);
#7117 = EDGE_LOOP('',(#7118,#7119,#7140,#7141));
#7118 = ORIENTED_EDGE('',*,*,#6044,.F.);
#7119 = ORIENTED_EDGE('',*,*,#7120,.T.);
#7120 = EDGE_CURVE('',#6022,#1383,#7121,.T.);
#7121 = SURFACE_CURVE('',#7122,(#7126,#7133),.PCURVE_S1.);
#7122 = LINE('',#7123,#7124);
#7123 = CARTESIAN_POINT('',(-5.307337294604E-02,-2.480448186995,3.4));
#7124 = VECTOR('',#7125,1.);
#7125 = DIRECTION('',(0.,0.,1.));
#7126 = PCURVE('',#1423,#7127);
#7127 = DEFINITIONAL_REPRESENTATION('',(#7128),#7132);
#7128 = LINE('',#7129,#7130);
#7129 = CARTESIAN_POINT('',(0.,0.));
#7130 = VECTOR('',#7131,1.);
#7131 = DIRECTION('',(0.,-1.));
#7132 = ( GEOMETRIC_REPRESENTATION_CONTEXT(2) 
PARAMETRIC_REPRESENTATION_CONTEXT() REPRESENTATION_CONTEXT('2D SPACE',''
  ) );
#7133 = PCURVE('',#1397,#7134);
#7134 = DEFINITIONAL_REPRESENTATION('',(#7135),#7139);
#7135 = LINE('',#7136,#7137);
#7136 = CARTESIAN_POINT('',(3.925413946193E-02,0.));
#7137 = VECTOR('',#7138,1.);
#7138 = DIRECTION('',(0.,-1.));
#7139 = ( GEOMETRIC_REPRESENTATION_CONTEXT(2) 
PARAMETRIC_REPRESENTATION_CONTEXT() REPRESENTATION_CONTEXT('2D SPACE',''
  ) );
#7140 = ORIENTED_EDGE('',*,*,#1408,.F.);
#7141 = ORIENTED_EDGE('',*,*,#7093,.F.);
#7142 = ADVANCED_FACE('',(#7143),#1397,.F.);
#7143 = FACE_BOUND('',#7144,.F.);
#7144 = EDGE_LOOP('',(#7145,#7146,#7167,#7168));
#7145 = ORIENTED_EDGE('',*,*,#6021,.F.);
#7146 = ORIENTED_EDGE('',*,*,#7147,.T.);
#7147 = EDGE_CURVE('',#5999,#1357,#7148,.T.);
#7148 = SURFACE_CURVE('',#7149,(#7153,#7160),.PCURVE_S1.);
#7149 = LINE('',#7150,#7151);
#7150 = CARTESIAN_POINT('',(-8.85586947304E-02,-2.497231494261,3.4));
#7151 = VECTOR('',#7152,1.);
#7152 = DIRECTION('',(0.,0.,1.));
#7153 = PCURVE('',#1397,#7154);
#7154 = DEFINITIONAL_REPRESENTATION('',(#7155),#7159);
#7155 = LINE('',#7156,#7157);
#7156 = CARTESIAN_POINT('',(0.,0.));
#7157 = VECTOR('',#7158,1.);
#7158 = DIRECTION('',(0.,-1.));
#7159 = ( GEOMETRIC_REPRESENTATION_CONTEXT(2) 
PARAMETRIC_REPRESENTATION_CONTEXT() REPRESENTATION_CONTEXT('2D SPACE',''
  ) );
#7160 = PCURVE('',#1371,#7161);
#7161 = DEFINITIONAL_REPRESENTATION('',(#7162),#7166);
#7162 = LINE('',#7163,#7164);
#7163 = CARTESIAN_POINT('',(3.925413946193E-02,0.));
#7164 = VECTOR('',#7165,1.);
#7165 = DIRECTION('',(0.,-1.));
#7166 = ( GEOMETRIC_REPRESENTATION_CONTEXT(2) 
PARAMETRIC_REPRESENTATION_CONTEXT() REPRESENTATION_CONTEXT('2D SPACE',''
  ) );
#7167 = ORIENTED_EDGE('',*,*,#1382,.F.);
#7168 = ORIENTED_EDGE('',*,*,#7120,.F.);
#7169 = ADVANCED_FACE('',(#7170),#1371,.F.);
#7170 = FACE_BOUND('',#7171,.F.);
#7171 = EDGE_LOOP('',(#7172,#7173,#7194,#7195));
#7172 = ORIENTED_EDGE('',*,*,#5998,.F.);
#7173 = ORIENTED_EDGE('',*,*,#7174,.T.);
#7174 = EDGE_CURVE('',#5976,#1331,#7175,.T.);
#7175 = SURFACE_CURVE('',#7176,(#7180,#7187),.PCURVE_S1.);
#7176 = LINE('',#7177,#7178);
#7177 = CARTESIAN_POINT('',(-0.122228093208,-2.517412155079,3.4));
#7178 = VECTOR('',#7179,1.);
#7179 = DIRECTION('',(0.,0.,1.));
#7180 = PCURVE('',#1371,#7181);
#7181 = DEFINITIONAL_REPRESENTATION('',(#7182),#7186);
#7182 = LINE('',#7183,#7184);
#7183 = CARTESIAN_POINT('',(0.,0.));
#7184 = VECTOR('',#7185,1.);
#7185 = DIRECTION('',(0.,-1.));
#7186 = ( GEOMETRIC_REPRESENTATION_CONTEXT(2) 
PARAMETRIC_REPRESENTATION_CONTEXT() REPRESENTATION_CONTEXT('2D SPACE',''
  ) );
#7187 = PCURVE('',#1345,#7188);
#7188 = DEFINITIONAL_REPRESENTATION('',(#7189),#7193);
#7189 = LINE('',#7190,#7191);
#7190 = CARTESIAN_POINT('',(3.925413946193E-02,0.));
#7191 = VECTOR('',#7192,1.);
#7192 = DIRECTION('',(0.,-1.));
#7193 = ( GEOMETRIC_REPRESENTATION_CONTEXT(2) 
PARAMETRIC_REPRESENTATION_CONTEXT() REPRESENTATION_CONTEXT('2D SPACE',''
  ) );
#7194 = ORIENTED_EDGE('',*,*,#1356,.F.);
#7195 = ORIENTED_EDGE('',*,*,#7147,.F.);
#7196 = ADVANCED_FACE('',(#7197),#1345,.F.);
#7197 = FACE_BOUND('',#7198,.F.);
#7198 = EDGE_LOOP('',(#7199,#7200,#7221,#7222));
#7199 = ORIENTED_EDGE('',*,*,#5975,.F.);
#7200 = ORIENTED_EDGE('',*,*,#7201,.T.);
#7201 = EDGE_CURVE('',#5953,#1305,#7202,.T.);
#7202 = SURFACE_CURVE('',#7203,(#7207,#7214),.PCURVE_S1.);
#7203 = LINE('',#7204,#7205);
#7204 = CARTESIAN_POINT('',(-0.153757313665,-2.540795818655,3.4));
#7205 = VECTOR('',#7206,1.);
#7206 = DIRECTION('',(0.,0.,1.));
#7207 = PCURVE('',#1345,#7208);
#7208 = DEFINITIONAL_REPRESENTATION('',(#7209),#7213);
#7209 = LINE('',#7210,#7211);
#7210 = CARTESIAN_POINT('',(0.,0.));
#7211 = VECTOR('',#7212,1.);
#7212 = DIRECTION('',(0.,-1.));
#7213 = ( GEOMETRIC_REPRESENTATION_CONTEXT(2) 
PARAMETRIC_REPRESENTATION_CONTEXT() REPRESENTATION_CONTEXT('2D SPACE',''
  ) );
#7214 = PCURVE('',#1319,#7215);
#7215 = DEFINITIONAL_REPRESENTATION('',(#7216),#7220);
#7216 = LINE('',#7217,#7218);
#7217 = CARTESIAN_POINT('',(3.925413946193E-02,0.));
#7218 = VECTOR('',#7219,1.);
#7219 = DIRECTION('',(0.,-1.));
#7220 = ( GEOMETRIC_REPRESENTATION_CONTEXT(2) 
PARAMETRIC_REPRESENTATION_CONTEXT() REPRESENTATION_CONTEXT('2D SPACE',''
  ) );
#7221 = ORIENTED_EDGE('',*,*,#1330,.F.);
#7222 = ORIENTED_EDGE('',*,*,#7174,.F.);
#7223 = ADVANCED_FACE('',(#7224),#1319,.F.);
#7224 = FACE_BOUND('',#7225,.F.);
#7225 = EDGE_LOOP('',(#7226,#7227,#7248,#7249));
#7226 = ORIENTED_EDGE('',*,*,#5952,.F.);
#7227 = ORIENTED_EDGE('',*,*,#7228,.T.);
#7228 = EDGE_CURVE('',#5930,#1279,#7229,.T.);
#7229 = SURFACE_CURVE('',#7230,(#7234,#7241),.PCURVE_S1.);
#7230 = LINE('',#7231,#7232);
#7231 = CARTESIAN_POINT('',(-0.182842712475,-2.567157287525,3.4));
#7232 = VECTOR('',#7233,1.);
#7233 = DIRECTION('',(0.,0.,1.));
#7234 = PCURVE('',#1319,#7235);
#7235 = DEFINITIONAL_REPRESENTATION('',(#7236),#7240);
#7236 = LINE('',#7237,#7238);
#7237 = CARTESIAN_POINT('',(0.,0.));
#7238 = VECTOR('',#7239,1.);
#7239 = DIRECTION('',(0.,-1.));
#7240 = ( GEOMETRIC_REPRESENTATION_CONTEXT(2) 
PARAMETRIC_REPRESENTATION_CONTEXT() REPRESENTATION_CONTEXT('2D SPACE',''
  ) );
#7241 = PCURVE('',#1293,#7242);
#7242 = DEFINITIONAL_REPRESENTATION('',(#7243),#7247);
#7243 = LINE('',#7244,#7245);
#7244 = CARTESIAN_POINT('',(3.925413946193E-02,0.));
#7245 = VECTOR('',#7246,1.);
#7246 = DIRECTION('',(0.,-1.));
#7247 = ( GEOMETRIC_REPRESENTATION_CONTEXT(2) 
PARAMETRIC_REPRESENTATION_CONTEXT() REPRESENTATION_CONTEXT('2D SPACE',''
  ) );
#7248 = ORIENTED_EDGE('',*,*,#1304,.F.);
#7249 = ORIENTED_EDGE('',*,*,#7201,.F.);
#7250 = ADVANCED_FACE('',(#7251),#1293,.F.);
#7251 = FACE_BOUND('',#7252,.F.);
#7252 = EDGE_LOOP('',(#7253,#7254,#7275,#7276));
#7253 = ORIENTED_EDGE('',*,*,#5929,.F.);
#7254 = ORIENTED_EDGE('',*,*,#7255,.T.);
#7255 = EDGE_CURVE('',#5907,#1253,#7256,.T.);
#7256 = SURFACE_CURVE('',#7257,(#7261,#7268),.PCURVE_S1.);
#7257 = LINE('',#7258,#7259);
#7258 = CARTESIAN_POINT('',(-0.209204181345,-2.596242686335,3.4));
#7259 = VECTOR('',#7260,1.);
#7260 = DIRECTION('',(0.,0.,1.));
#7261 = PCURVE('',#1293,#7262);
#7262 = DEFINITIONAL_REPRESENTATION('',(#7263),#7267);
#7263 = LINE('',#7264,#7265);
#7264 = CARTESIAN_POINT('',(0.,0.));
#7265 = VECTOR('',#7266,1.);
#7266 = DIRECTION('',(0.,-1.));
#7267 = ( GEOMETRIC_REPRESENTATION_CONTEXT(2) 
PARAMETRIC_REPRESENTATION_CONTEXT() REPRESENTATION_CONTEXT('2D SPACE',''
  ) );
#7268 = PCURVE('',#1267,#7269);
#7269 = DEFINITIONAL_REPRESENTATION('',(#7270),#7274);
#7270 = LINE('',#7271,#7272);
#7271 = CARTESIAN_POINT('',(3.925413946193E-02,0.));
#7272 = VECTOR('',#7273,1.);
#7273 = DIRECTION('',(0.,-1.));
#7274 = ( GEOMETRIC_REPRESENTATION_CONTEXT(2) 
PARAMETRIC_REPRESENTATION_CONTEXT() REPRESENTATION_CONTEXT('2D SPACE',''
  ) );
#7275 = ORIENTED_EDGE('',*,*,#1278,.F.);
#7276 = ORIENTED_EDGE('',*,*,#7228,.F.);
#7277 = ADVANCED_FACE('',(#7278),#1267,.F.);
#7278 = FACE_BOUND('',#7279,.F.);
#7279 = EDGE_LOOP('',(#7280,#7281,#7302,#7303));
#7280 = ORIENTED_EDGE('',*,*,#5906,.F.);
#7281 = ORIENTED_EDGE('',*,*,#7282,.T.);
#7282 = EDGE_CURVE('',#5884,#1227,#7283,.T.);
#7283 = SURFACE_CURVE('',#7284,(#7288,#7295),.PCURVE_S1.);
#7284 = LINE('',#7285,#7286);
#7285 = CARTESIAN_POINT('',(-0.232587844921,-2.627771906792,3.4));
#7286 = VECTOR('',#7287,1.);
#7287 = DIRECTION('',(0.,0.,1.));
#7288 = PCURVE('',#1267,#7289);
#7289 = DEFINITIONAL_REPRESENTATION('',(#7290),#7294);
#7290 = LINE('',#7291,#7292);
#7291 = CARTESIAN_POINT('',(0.,0.));
#7292 = VECTOR('',#7293,1.);
#7293 = DIRECTION('',(0.,-1.));
#7294 = ( GEOMETRIC_REPRESENTATION_CONTEXT(2) 
PARAMETRIC_REPRESENTATION_CONTEXT() REPRESENTATION_CONTEXT('2D SPACE',''
  ) );
#7295 = PCURVE('',#1241,#7296);
#7296 = DEFINITIONAL_REPRESENTATION('',(#7297),#7301);
#7297 = LINE('',#7298,#7299);
#7298 = CARTESIAN_POINT('',(3.925413946193E-02,0.));
#7299 = VECTOR('',#7300,1.);
#7300 = DIRECTION('',(0.,-1.));
#7301 = ( GEOMETRIC_REPRESENTATION_CONTEXT(2) 
PARAMETRIC_REPRESENTATION_CONTEXT() REPRESENTATION_CONTEXT('2D SPACE',''
  ) );
#7302 = ORIENTED_EDGE('',*,*,#1252,.F.);
#7303 = ORIENTED_EDGE('',*,*,#7255,.F.);
#7304 = ADVANCED_FACE('',(#7305),#1241,.F.);
#7305 = FACE_BOUND('',#7306,.F.);
#7306 = EDGE_LOOP('',(#7307,#7308,#7329,#7330));
#7307 = ORIENTED_EDGE('',*,*,#5883,.F.);
#7308 = ORIENTED_EDGE('',*,*,#7309,.T.);
#7309 = EDGE_CURVE('',#5861,#1201,#7310,.T.);
#7310 = SURFACE_CURVE('',#7311,(#7315,#7322),.PCURVE_S1.);
#7311 = LINE('',#7312,#7313);
#7312 = CARTESIAN_POINT('',(-0.252768505739,-2.66144130527,3.4));
#7313 = VECTOR('',#7314,1.);
#7314 = DIRECTION('',(0.,0.,1.));
#7315 = PCURVE('',#1241,#7316);
#7316 = DEFINITIONAL_REPRESENTATION('',(#7317),#7321);
#7317 = LINE('',#7318,#7319);
#7318 = CARTESIAN_POINT('',(0.,0.));
#7319 = VECTOR('',#7320,1.);
#7320 = DIRECTION('',(0.,-1.));
#7321 = ( GEOMETRIC_REPRESENTATION_CONTEXT(2) 
PARAMETRIC_REPRESENTATION_CONTEXT() REPRESENTATION_CONTEXT('2D SPACE',''
  ) );
#7322 = PCURVE('',#1215,#7323);
#7323 = DEFINITIONAL_REPRESENTATION('',(#7324),#7328);
#7324 = LINE('',#7325,#7326);
#7325 = CARTESIAN_POINT('',(3.925413946193E-02,0.));
#7326 = VECTOR('',#7327,1.);
#7327 = DIRECTION('',(0.,-1.));
#7328 = ( GEOMETRIC_REPRESENTATION_CONTEXT(2) 
PARAMETRIC_REPRESENTATION_CONTEXT() REPRESENTATION_CONTEXT('2D SPACE',''
  ) );
#7329 = ORIENTED_EDGE('',*,*,#1226,.F.);
#7330 = ORIENTED_EDGE('',*,*,#7282,.F.);
#7331 = ADVANCED_FACE('',(#7332),#1215,.F.);
#7332 = FACE_BOUND('',#7333,.F.);
#7333 = EDGE_LOOP('',(#7334,#7335,#7356,#7357));
#7334 = ORIENTED_EDGE('',*,*,#5860,.F.);
#7335 = ORIENTED_EDGE('',*,*,#7336,.T.);
#7336 = EDGE_CURVE('',#5838,#1175,#7337,.T.);
#7337 = SURFACE_CURVE('',#7338,(#7342,#7349),.PCURVE_S1.);
#7338 = LINE('',#7339,#7340);
#7339 = CARTESIAN_POINT('',(-0.269551813005,-2.696926627054,3.4));
#7340 = VECTOR('',#7341,1.);
#7341 = DIRECTION('',(0.,0.,1.));
#7342 = PCURVE('',#1215,#7343);
#7343 = DEFINITIONAL_REPRESENTATION('',(#7344),#7348);
#7344 = LINE('',#7345,#7346);
#7345 = CARTESIAN_POINT('',(0.,0.));
#7346 = VECTOR('',#7347,1.);
#7347 = DIRECTION('',(0.,-1.));
#7348 = ( GEOMETRIC_REPRESENTATION_CONTEXT(2) 
PARAMETRIC_REPRESENTATION_CONTEXT() REPRESENTATION_CONTEXT('2D SPACE',''
  ) );
#7349 = PCURVE('',#1189,#7350);
#7350 = DEFINITIONAL_REPRESENTATION('',(#7351),#7355);
#7351 = LINE('',#7352,#7353);
#7352 = CARTESIAN_POINT('',(3.925413946193E-02,0.));
#7353 = VECTOR('',#7354,1.);
#7354 = DIRECTION('',(0.,-1.));
#7355 = ( GEOMETRIC_REPRESENTATION_CONTEXT(2) 
PARAMETRIC_REPRESENTATION_CONTEXT() REPRESENTATION_CONTEXT('2D SPACE',''
  ) );
#7356 = ORIENTED_EDGE('',*,*,#1200,.F.);
#7357 = ORIENTED_EDGE('',*,*,#7309,.F.);
#7358 = ADVANCED_FACE('',(#7359),#1189,.F.);
#7359 = FACE_BOUND('',#7360,.F.);
#7360 = EDGE_LOOP('',(#7361,#7362,#7383,#7384));
#7361 = ORIENTED_EDGE('',*,*,#5837,.F.);
#7362 = ORIENTED_EDGE('',*,*,#7363,.T.);
#7363 = EDGE_CURVE('',#5815,#1149,#7364,.T.);
#7364 = SURFACE_CURVE('',#7365,(#7369,#7376),.PCURVE_S1.);
#7365 = LINE('',#7366,#7367);
#7366 = CARTESIAN_POINT('',(-0.282776134293,-2.733886129098,3.4));
#7367 = VECTOR('',#7368,1.);
#7368 = DIRECTION('',(0.,0.,1.));
#7369 = PCURVE('',#1189,#7370);
#7370 = DEFINITIONAL_REPRESENTATION('',(#7371),#7375);
#7371 = LINE('',#7372,#7373);
#7372 = CARTESIAN_POINT('',(0.,0.));
#7373 = VECTOR('',#7374,1.);
#7374 = DIRECTION('',(0.,-1.));
#7375 = ( GEOMETRIC_REPRESENTATION_CONTEXT(2) 
PARAMETRIC_REPRESENTATION_CONTEXT() REPRESENTATION_CONTEXT('2D SPACE',''
  ) );
#7376 = PCURVE('',#1163,#7377);
#7377 = DEFINITIONAL_REPRESENTATION('',(#7378),#7382);
#7378 = LINE('',#7379,#7380);
#7379 = CARTESIAN_POINT('',(3.925413946193E-02,0.));
#7380 = VECTOR('',#7381,1.);
#7381 = DIRECTION('',(0.,-1.));
#7382 = ( GEOMETRIC_REPRESENTATION_CONTEXT(2) 
PARAMETRIC_REPRESENTATION_CONTEXT() REPRESENTATION_CONTEXT('2D SPACE',''
  ) );
#7383 = ORIENTED_EDGE('',*,*,#1174,.F.);
#7384 = ORIENTED_EDGE('',*,*,#7336,.F.);
#7385 = ADVANCED_FACE('',(#7386),#1163,.F.);
#7386 = FACE_BOUND('',#7387,.F.);
#7387 = EDGE_LOOP('',(#7388,#7389,#7410,#7411));
#7388 = ORIENTED_EDGE('',*,*,#5814,.F.);
#7389 = ORIENTED_EDGE('',*,*,#7390,.T.);
#7390 = EDGE_CURVE('',#5792,#1123,#7391,.T.);
#7391 = SURFACE_CURVE('',#7392,(#7396,#7403),.PCURVE_S1.);
#7392 = LINE('',#7393,#7394);
#7393 = CARTESIAN_POINT('',(-0.292314112161,-2.771963871194,3.4));
#7394 = VECTOR('',#7395,1.);
#7395 = DIRECTION('',(0.,0.,1.));
#7396 = PCURVE('',#1163,#7397);
#7397 = DEFINITIONAL_REPRESENTATION('',(#7398),#7402);
#7398 = LINE('',#7399,#7400);
#7399 = CARTESIAN_POINT('',(0.,0.));
#7400 = VECTOR('',#7401,1.);
#7401 = DIRECTION('',(0.,-1.));
#7402 = ( GEOMETRIC_REPRESENTATION_CONTEXT(2) 
PARAMETRIC_REPRESENTATION_CONTEXT() REPRESENTATION_CONTEXT('2D SPACE',''
  ) );
#7403 = PCURVE('',#1137,#7404);
#7404 = DEFINITIONAL_REPRESENTATION('',(#7405),#7409);
#7405 = LINE('',#7406,#7407);
#7406 = CARTESIAN_POINT('',(3.925413946193E-02,0.));
#7407 = VECTOR('',#7408,1.);
#7408 = DIRECTION('',(0.,-1.));
#7409 = ( GEOMETRIC_REPRESENTATION_CONTEXT(2) 
PARAMETRIC_REPRESENTATION_CONTEXT() REPRESENTATION_CONTEXT('2D SPACE',''
  ) );
#7410 = ORIENTED_EDGE('',*,*,#1148,.F.);
#7411 = ORIENTED_EDGE('',*,*,#7363,.F.);
#7412 = ADVANCED_FACE('',(#7413),#1137,.F.);
#7413 = FACE_BOUND('',#7414,.F.);
#7414 = EDGE_LOOP('',(#7415,#7416,#7437,#7438));
#7415 = ORIENTED_EDGE('',*,*,#5791,.F.);
#7416 = ORIENTED_EDGE('',*,*,#7417,.T.);
#7417 = EDGE_CURVE('',#5769,#1097,#7418,.T.);
#7418 = SURFACE_CURVE('',#7419,(#7423,#7430),.PCURVE_S1.);
#7419 = LINE('',#7420,#7421);
#7420 = CARTESIAN_POINT('',(-0.298073890669,-2.810793143868,3.4));
#7421 = VECTOR('',#7422,1.);
#7422 = DIRECTION('',(0.,0.,1.));
#7423 = PCURVE('',#1137,#7424);
#7424 = DEFINITIONAL_REPRESENTATION('',(#7425),#7429);
#7425 = LINE('',#7426,#7427);
#7426 = CARTESIAN_POINT('',(0.,0.));
#7427 = VECTOR('',#7428,1.);
#7428 = DIRECTION('',(0.,-1.));
#7429 = ( GEOMETRIC_REPRESENTATION_CONTEXT(2) 
PARAMETRIC_REPRESENTATION_CONTEXT() REPRESENTATION_CONTEXT('2D SPACE',''
  ) );
#7430 = PCURVE('',#1111,#7431);
#7431 = DEFINITIONAL_REPRESENTATION('',(#7432),#7436);
#7432 = LINE('',#7433,#7434);
#7433 = CARTESIAN_POINT('',(3.925413946193E-02,0.));
#7434 = VECTOR('',#7435,1.);
#7435 = DIRECTION('',(0.,-1.));
#7436 = ( GEOMETRIC_REPRESENTATION_CONTEXT(2) 
PARAMETRIC_REPRESENTATION_CONTEXT() REPRESENTATION_CONTEXT('2D SPACE',''
  ) );
#7437 = ORIENTED_EDGE('',*,*,#1122,.F.);
#7438 = ORIENTED_EDGE('',*,*,#7390,.F.);
#7439 = ADVANCED_FACE('',(#7440),#1111,.F.);
#7440 = FACE_BOUND('',#7441,.F.);
#7441 = EDGE_LOOP('',(#7442,#7443,#7464,#7465));
#7442 = ORIENTED_EDGE('',*,*,#5768,.F.);
#7443 = ORIENTED_EDGE('',*,*,#7444,.T.);
#7444 = EDGE_CURVE('',#5746,#1071,#7445,.T.);
#7445 = SURFACE_CURVE('',#7446,(#7450,#7457),.PCURVE_S1.);
#7446 = LINE('',#7447,#7448);
#7447 = CARTESIAN_POINT('',(-0.3,-2.85,3.4));
#7448 = VECTOR('',#7449,1.);
#7449 = DIRECTION('',(0.,0.,1.));
#7450 = PCURVE('',#1111,#7451);
#7451 = DEFINITIONAL_REPRESENTATION('',(#7452),#7456);
#7452 = LINE('',#7453,#7454);
#7453 = CARTESIAN_POINT('',(0.,0.));
#7454 = VECTOR('',#7455,1.);
#7455 = DIRECTION('',(0.,-1.));
#7456 = ( GEOMETRIC_REPRESENTATION_CONTEXT(2) 
PARAMETRIC_REPRESENTATION_CONTEXT() REPRESENTATION_CONTEXT('2D SPACE',''
  ) );
#7457 = PCURVE('',#1085,#7458);
#7458 = DEFINITIONAL_REPRESENTATION('',(#7459),#7463);
#7459 = LINE('',#7460,#7461);
#7460 = CARTESIAN_POINT('',(3.925413946193E-02,0.));
#7461 = VECTOR('',#7462,1.);
#7462 = DIRECTION('',(0.,-1.));
#7463 = ( GEOMETRIC_REPRESENTATION_CONTEXT(2) 
PARAMETRIC_REPRESENTATION_CONTEXT() REPRESENTATION_CONTEXT('2D SPACE',''
  ) );
#7464 = ORIENTED_EDGE('',*,*,#1096,.F.);
#7465 = ORIENTED_EDGE('',*,*,#7417,.F.);
#7466 = ADVANCED_FACE('',(#7467),#1085,.F.);
#7467 = FACE_BOUND('',#7468,.F.);
#7468 = EDGE_LOOP('',(#7469,#7470,#7491,#7492));
#7469 = ORIENTED_EDGE('',*,*,#5745,.F.);
#7470 = ORIENTED_EDGE('',*,*,#7471,.T.);
#7471 = EDGE_CURVE('',#5723,#1045,#7472,.T.);
#7472 = SURFACE_CURVE('',#7473,(#7477,#7484),.PCURVE_S1.);
#7473 = LINE('',#7474,#7475);
#7474 = CARTESIAN_POINT('',(-0.298073890669,-2.889206856132,3.4));
#7475 = VECTOR('',#7476,1.);
#7476 = DIRECTION('',(0.,0.,1.));
#7477 = PCURVE('',#1085,#7478);
#7478 = DEFINITIONAL_REPRESENTATION('',(#7479),#7483);
#7479 = LINE('',#7480,#7481);
#7480 = CARTESIAN_POINT('',(0.,0.));
#7481 = VECTOR('',#7482,1.);
#7482 = DIRECTION('',(0.,-1.));
#7483 = ( GEOMETRIC_REPRESENTATION_CONTEXT(2) 
PARAMETRIC_REPRESENTATION_CONTEXT() REPRESENTATION_CONTEXT('2D SPACE',''
  ) );
#7484 = PCURVE('',#1059,#7485);
#7485 = DEFINITIONAL_REPRESENTATION('',(#7486),#7490);
#7486 = LINE('',#7487,#7488);
#7487 = CARTESIAN_POINT('',(3.925413946193E-02,0.));
#7488 = VECTOR('',#7489,1.);
#7489 = DIRECTION('',(0.,-1.));
#7490 = ( GEOMETRIC_REPRESENTATION_CONTEXT(2) 
PARAMETRIC_REPRESENTATION_CONTEXT() REPRESENTATION_CONTEXT('2D SPACE',''
  ) );
#7491 = ORIENTED_EDGE('',*,*,#1070,.F.);
#7492 = ORIENTED_EDGE('',*,*,#7444,.F.);
#7493 = ADVANCED_FACE('',(#7494),#1059,.F.);
#7494 = FACE_BOUND('',#7495,.F.);
#7495 = EDGE_LOOP('',(#7496,#7497,#7518,#7519));
#7496 = ORIENTED_EDGE('',*,*,#5722,.F.);
#7497 = ORIENTED_EDGE('',*,*,#7498,.T.);
#7498 = EDGE_CURVE('',#5700,#1019,#7499,.T.);
#7499 = SURFACE_CURVE('',#7500,(#7504,#7511),.PCURVE_S1.);
#7500 = LINE('',#7501,#7502);
#7501 = CARTESIAN_POINT('',(-0.292314112161,-2.928036128806,3.4));
#7502 = VECTOR('',#7503,1.);
#7503 = DIRECTION('',(0.,0.,1.));
#7504 = PCURVE('',#1059,#7505);
#7505 = DEFINITIONAL_REPRESENTATION('',(#7506),#7510);
#7506 = LINE('',#7507,#7508);
#7507 = CARTESIAN_POINT('',(0.,0.));
#7508 = VECTOR('',#7509,1.);
#7509 = DIRECTION('',(0.,-1.));
#7510 = ( GEOMETRIC_REPRESENTATION_CONTEXT(2) 
PARAMETRIC_REPRESENTATION_CONTEXT() REPRESENTATION_CONTEXT('2D SPACE',''
  ) );
#7511 = PCURVE('',#1033,#7512);
#7512 = DEFINITIONAL_REPRESENTATION('',(#7513),#7517);
#7513 = LINE('',#7514,#7515);
#7514 = CARTESIAN_POINT('',(3.925413946193E-02,0.));
#7515 = VECTOR('',#7516,1.);
#7516 = DIRECTION('',(0.,-1.));
#7517 = ( GEOMETRIC_REPRESENTATION_CONTEXT(2) 
PARAMETRIC_REPRESENTATION_CONTEXT() REPRESENTATION_CONTEXT('2D SPACE',''
  ) );
#7518 = ORIENTED_EDGE('',*,*,#1044,.F.);
#7519 = ORIENTED_EDGE('',*,*,#7471,.F.);
#7520 = ADVANCED_FACE('',(#7521),#1033,.F.);
#7521 = FACE_BOUND('',#7522,.F.);
#7522 = EDGE_LOOP('',(#7523,#7524,#7545,#7546));
#7523 = ORIENTED_EDGE('',*,*,#5699,.F.);
#7524 = ORIENTED_EDGE('',*,*,#7525,.T.);
#7525 = EDGE_CURVE('',#5677,#993,#7526,.T.);
#7526 = SURFACE_CURVE('',#7527,(#7531,#7538),.PCURVE_S1.);
#7527 = LINE('',#7528,#7529);
#7528 = CARTESIAN_POINT('',(-0.282776134293,-2.966113870902,3.4));
#7529 = VECTOR('',#7530,1.);
#7530 = DIRECTION('',(0.,0.,1.));
#7531 = PCURVE('',#1033,#7532);
#7532 = DEFINITIONAL_REPRESENTATION('',(#7533),#7537);
#7533 = LINE('',#7534,#7535);
#7534 = CARTESIAN_POINT('',(0.,0.));
#7535 = VECTOR('',#7536,1.);
#7536 = DIRECTION('',(0.,-1.));
#7537 = ( GEOMETRIC_REPRESENTATION_CONTEXT(2) 
PARAMETRIC_REPRESENTATION_CONTEXT() REPRESENTATION_CONTEXT('2D SPACE',''
  ) );
#7538 = PCURVE('',#1007,#7539);
#7539 = DEFINITIONAL_REPRESENTATION('',(#7540),#7544);
#7540 = LINE('',#7541,#7542);
#7541 = CARTESIAN_POINT('',(3.925413946193E-02,0.));
#7542 = VECTOR('',#7543,1.);
#7543 = DIRECTION('',(0.,-1.));
#7544 = ( GEOMETRIC_REPRESENTATION_CONTEXT(2) 
PARAMETRIC_REPRESENTATION_CONTEXT() REPRESENTATION_CONTEXT('2D SPACE',''
  ) );
#7545 = ORIENTED_EDGE('',*,*,#1018,.F.);
#7546 = ORIENTED_EDGE('',*,*,#7498,.F.);
#7547 = ADVANCED_FACE('',(#7548),#1007,.F.);
#7548 = FACE_BOUND('',#7549,.F.);
#7549 = EDGE_LOOP('',(#7550,#7551,#7572,#7573));
#7550 = ORIENTED_EDGE('',*,*,#5676,.F.);
#7551 = ORIENTED_EDGE('',*,*,#7552,.T.);
#7552 = EDGE_CURVE('',#5654,#967,#7553,.T.);
#7553 = SURFACE_CURVE('',#7554,(#7558,#7565),.PCURVE_S1.);
#7554 = LINE('',#7555,#7556);
#7555 = CARTESIAN_POINT('',(-0.269551813005,-3.003073372946,3.4));
#7556 = VECTOR('',#7557,1.);
#7557 = DIRECTION('',(0.,0.,1.));
#7558 = PCURVE('',#1007,#7559);
#7559 = DEFINITIONAL_REPRESENTATION('',(#7560),#7564);
#7560 = LINE('',#7561,#7562);
#7561 = CARTESIAN_POINT('',(0.,0.));
#7562 = VECTOR('',#7563,1.);
#7563 = DIRECTION('',(0.,-1.));
#7564 = ( GEOMETRIC_REPRESENTATION_CONTEXT(2) 
PARAMETRIC_REPRESENTATION_CONTEXT() REPRESENTATION_CONTEXT('2D SPACE',''
  ) );
#7565 = PCURVE('',#981,#7566);
#7566 = DEFINITIONAL_REPRESENTATION('',(#7567),#7571);
#7567 = LINE('',#7568,#7569);
#7568 = CARTESIAN_POINT('',(3.925413946193E-02,0.));
#7569 = VECTOR('',#7570,1.);
#7570 = DIRECTION('',(0.,-1.));
#7571 = ( GEOMETRIC_REPRESENTATION_CONTEXT(2) 
PARAMETRIC_REPRESENTATION_CONTEXT() REPRESENTATION_CONTEXT('2D SPACE',''
  ) );
#7572 = ORIENTED_EDGE('',*,*,#992,.F.);
#7573 = ORIENTED_EDGE('',*,*,#7525,.F.);
#7574 = ADVANCED_FACE('',(#7575),#981,.F.);
#7575 = FACE_BOUND('',#7576,.F.);
#7576 = EDGE_LOOP('',(#7577,#7578,#7599,#7600));
#7577 = ORIENTED_EDGE('',*,*,#5653,.F.);
#7578 = ORIENTED_EDGE('',*,*,#7579,.T.);
#7579 = EDGE_CURVE('',#5631,#941,#7580,.T.);
#7580 = SURFACE_CURVE('',#7581,(#7585,#7592),.PCURVE_S1.);
#7581 = LINE('',#7582,#7583);
#7582 = CARTESIAN_POINT('',(-0.252768505739,-3.03855869473,3.4));
#7583 = VECTOR('',#7584,1.);
#7584 = DIRECTION('',(0.,0.,1.));
#7585 = PCURVE('',#981,#7586);
#7586 = DEFINITIONAL_REPRESENTATION('',(#7587),#7591);
#7587 = LINE('',#7588,#7589);
#7588 = CARTESIAN_POINT('',(0.,0.));
#7589 = VECTOR('',#7590,1.);
#7590 = DIRECTION('',(0.,-1.));
#7591 = ( GEOMETRIC_REPRESENTATION_CONTEXT(2) 
PARAMETRIC_REPRESENTATION_CONTEXT() REPRESENTATION_CONTEXT('2D SPACE',''
  ) );
#7592 = PCURVE('',#955,#7593);
#7593 = DEFINITIONAL_REPRESENTATION('',(#7594),#7598);
#7594 = LINE('',#7595,#7596);
#7595 = CARTESIAN_POINT('',(3.925413946193E-02,0.));
#7596 = VECTOR('',#7597,1.);
#7597 = DIRECTION('',(0.,-1.));
#7598 = ( GEOMETRIC_REPRESENTATION_CONTEXT(2) 
PARAMETRIC_REPRESENTATION_CONTEXT() REPRESENTATION_CONTEXT('2D SPACE',''
  ) );
#7599 = ORIENTED_EDGE('',*,*,#966,.F.);
#7600 = ORIENTED_EDGE('',*,*,#7552,.F.);
#7601 = ADVANCED_FACE('',(#7602),#955,.F.);
#7602 = FACE_BOUND('',#7603,.F.);
#7603 = EDGE_LOOP('',(#7604,#7605,#7626,#7627));
#7604 = ORIENTED_EDGE('',*,*,#5630,.F.);
#7605 = ORIENTED_EDGE('',*,*,#7606,.T.);
#7606 = EDGE_CURVE('',#5608,#915,#7607,.T.);
#7607 = SURFACE_CURVE('',#7608,(#7612,#7619),.PCURVE_S1.);
#7608 = LINE('',#7609,#7610);
#7609 = CARTESIAN_POINT('',(-0.232587844921,-3.072228093208,3.4));
#7610 = VECTOR('',#7611,1.);
#7611 = DIRECTION('',(0.,0.,1.));
#7612 = PCURVE('',#955,#7613);
#7613 = DEFINITIONAL_REPRESENTATION('',(#7614),#7618);
#7614 = LINE('',#7615,#7616);
#7615 = CARTESIAN_POINT('',(0.,0.));
#7616 = VECTOR('',#7617,1.);
#7617 = DIRECTION('',(0.,-1.));
#7618 = ( GEOMETRIC_REPRESENTATION_CONTEXT(2) 
PARAMETRIC_REPRESENTATION_CONTEXT() REPRESENTATION_CONTEXT('2D SPACE',''
  ) );
#7619 = PCURVE('',#929,#7620);
#7620 = DEFINITIONAL_REPRESENTATION('',(#7621),#7625);
#7621 = LINE('',#7622,#7623);
#7622 = CARTESIAN_POINT('',(3.925413946193E-02,0.));
#7623 = VECTOR('',#7624,1.);
#7624 = DIRECTION('',(0.,-1.));
#7625 = ( GEOMETRIC_REPRESENTATION_CONTEXT(2) 
PARAMETRIC_REPRESENTATION_CONTEXT() REPRESENTATION_CONTEXT('2D SPACE',''
  ) );
#7626 = ORIENTED_EDGE('',*,*,#940,.F.);
#7627 = ORIENTED_EDGE('',*,*,#7579,.F.);
#7628 = ADVANCED_FACE('',(#7629),#929,.F.);
#7629 = FACE_BOUND('',#7630,.F.);
#7630 = EDGE_LOOP('',(#7631,#7632,#7653,#7654));
#7631 = ORIENTED_EDGE('',*,*,#5607,.F.);
#7632 = ORIENTED_EDGE('',*,*,#7633,.T.);
#7633 = EDGE_CURVE('',#5585,#889,#7634,.T.);
#7634 = SURFACE_CURVE('',#7635,(#7639,#7646),.PCURVE_S1.);
#7635 = LINE('',#7636,#7637);
#7636 = CARTESIAN_POINT('',(-0.209204181345,-3.103757313665,3.4));
#7637 = VECTOR('',#7638,1.);
#7638 = DIRECTION('',(0.,0.,1.));
#7639 = PCURVE('',#929,#7640);
#7640 = DEFINITIONAL_REPRESENTATION('',(#7641),#7645);
#7641 = LINE('',#7642,#7643);
#7642 = CARTESIAN_POINT('',(0.,0.));
#7643 = VECTOR('',#7644,1.);
#7644 = DIRECTION('',(0.,-1.));
#7645 = ( GEOMETRIC_REPRESENTATION_CONTEXT(2) 
PARAMETRIC_REPRESENTATION_CONTEXT() REPRESENTATION_CONTEXT('2D SPACE',''
  ) );
#7646 = PCURVE('',#903,#7647);
#7647 = DEFINITIONAL_REPRESENTATION('',(#7648),#7652);
#7648 = LINE('',#7649,#7650);
#7649 = CARTESIAN_POINT('',(3.925413946193E-02,0.));
#7650 = VECTOR('',#7651,1.);
#7651 = DIRECTION('',(0.,-1.));
#7652 = ( GEOMETRIC_REPRESENTATION_CONTEXT(2) 
PARAMETRIC_REPRESENTATION_CONTEXT() REPRESENTATION_CONTEXT('2D SPACE',''
  ) );
#7653 = ORIENTED_EDGE('',*,*,#914,.F.);
#7654 = ORIENTED_EDGE('',*,*,#7606,.F.);
#7655 = ADVANCED_FACE('',(#7656),#903,.F.);
#7656 = FACE_BOUND('',#7657,.F.);
#7657 = EDGE_LOOP('',(#7658,#7659,#7680,#7681));
#7658 = ORIENTED_EDGE('',*,*,#5584,.F.);
#7659 = ORIENTED_EDGE('',*,*,#7660,.T.);
#7660 = EDGE_CURVE('',#5562,#863,#7661,.T.);
#7661 = SURFACE_CURVE('',#7662,(#7666,#7673),.PCURVE_S1.);
#7662 = LINE('',#7663,#7664);
#7663 = CARTESIAN_POINT('',(-0.182842712475,-3.132842712475,3.4));
#7664 = VECTOR('',#7665,1.);
#7665 = DIRECTION('',(0.,0.,1.));
#7666 = PCURVE('',#903,#7667);
#7667 = DEFINITIONAL_REPRESENTATION('',(#7668),#7672);
#7668 = LINE('',#7669,#7670);
#7669 = CARTESIAN_POINT('',(0.,0.));
#7670 = VECTOR('',#7671,1.);
#7671 = DIRECTION('',(0.,-1.));
#7672 = ( GEOMETRIC_REPRESENTATION_CONTEXT(2) 
PARAMETRIC_REPRESENTATION_CONTEXT() REPRESENTATION_CONTEXT('2D SPACE',''
  ) );
#7673 = PCURVE('',#877,#7674);
#7674 = DEFINITIONAL_REPRESENTATION('',(#7675),#7679);
#7675 = LINE('',#7676,#7677);
#7676 = CARTESIAN_POINT('',(3.925413946193E-02,0.));
#7677 = VECTOR('',#7678,1.);
#7678 = DIRECTION('',(0.,-1.));
#7679 = ( GEOMETRIC_REPRESENTATION_CONTEXT(2) 
PARAMETRIC_REPRESENTATION_CONTEXT() REPRESENTATION_CONTEXT('2D SPACE',''
  ) );
#7680 = ORIENTED_EDGE('',*,*,#888,.F.);
#7681 = ORIENTED_EDGE('',*,*,#7633,.F.);
#7682 = ADVANCED_FACE('',(#7683),#877,.F.);
#7683 = FACE_BOUND('',#7684,.F.);
#7684 = EDGE_LOOP('',(#7685,#7686,#7707,#7708));
#7685 = ORIENTED_EDGE('',*,*,#5561,.F.);
#7686 = ORIENTED_EDGE('',*,*,#7687,.T.);
#7687 = EDGE_CURVE('',#5539,#837,#7688,.T.);
#7688 = SURFACE_CURVE('',#7689,(#7693,#7700),.PCURVE_S1.);
#7689 = LINE('',#7690,#7691);
#7690 = CARTESIAN_POINT('',(-0.153757313665,-3.159204181345,3.4));
#7691 = VECTOR('',#7692,1.);
#7692 = DIRECTION('',(0.,0.,1.));
#7693 = PCURVE('',#877,#7694);
#7694 = DEFINITIONAL_REPRESENTATION('',(#7695),#7699);
#7695 = LINE('',#7696,#7697);
#7696 = CARTESIAN_POINT('',(0.,0.));
#7697 = VECTOR('',#7698,1.);
#7698 = DIRECTION('',(0.,-1.));
#7699 = ( GEOMETRIC_REPRESENTATION_CONTEXT(2) 
PARAMETRIC_REPRESENTATION_CONTEXT() REPRESENTATION_CONTEXT('2D SPACE',''
  ) );
#7700 = PCURVE('',#851,#7701);
#7701 = DEFINITIONAL_REPRESENTATION('',(#7702),#7706);
#7702 = LINE('',#7703,#7704);
#7703 = CARTESIAN_POINT('',(3.925413946193E-02,0.));
#7704 = VECTOR('',#7705,1.);
#7705 = DIRECTION('',(0.,-1.));
#7706 = ( GEOMETRIC_REPRESENTATION_CONTEXT(2) 
PARAMETRIC_REPRESENTATION_CONTEXT() REPRESENTATION_CONTEXT('2D SPACE',''
  ) );
#7707 = ORIENTED_EDGE('',*,*,#862,.F.);
#7708 = ORIENTED_EDGE('',*,*,#7660,.F.);
#7709 = ADVANCED_FACE('',(#7710),#851,.F.);
#7710 = FACE_BOUND('',#7711,.F.);
#7711 = EDGE_LOOP('',(#7712,#7713,#7734,#7735));
#7712 = ORIENTED_EDGE('',*,*,#5538,.F.);
#7713 = ORIENTED_EDGE('',*,*,#7714,.T.);
#7714 = EDGE_CURVE('',#5516,#811,#7715,.T.);
#7715 = SURFACE_CURVE('',#7716,(#7720,#7727),.PCURVE_S1.);
#7716 = LINE('',#7717,#7718);
#7717 = CARTESIAN_POINT('',(-0.122228093208,-3.182587844921,3.4));
#7718 = VECTOR('',#7719,1.);
#7719 = DIRECTION('',(0.,0.,1.));
#7720 = PCURVE('',#851,#7721);
#7721 = DEFINITIONAL_REPRESENTATION('',(#7722),#7726);
#7722 = LINE('',#7723,#7724);
#7723 = CARTESIAN_POINT('',(0.,0.));
#7724 = VECTOR('',#7725,1.);
#7725 = DIRECTION('',(0.,-1.));
#7726 = ( GEOMETRIC_REPRESENTATION_CONTEXT(2) 
PARAMETRIC_REPRESENTATION_CONTEXT() REPRESENTATION_CONTEXT('2D SPACE',''
  ) );
#7727 = PCURVE('',#825,#7728);
#7728 = DEFINITIONAL_REPRESENTATION('',(#7729),#7733);
#7729 = LINE('',#7730,#7731);
#7730 = CARTESIAN_POINT('',(3.925413946193E-02,0.));
#7731 = VECTOR('',#7732,1.);
#7732 = DIRECTION('',(0.,-1.));
#7733 = ( GEOMETRIC_REPRESENTATION_CONTEXT(2) 
PARAMETRIC_REPRESENTATION_CONTEXT() REPRESENTATION_CONTEXT('2D SPACE',''
  ) );
#7734 = ORIENTED_EDGE('',*,*,#836,.F.);
#7735 = ORIENTED_EDGE('',*,*,#7687,.F.);
#7736 = ADVANCED_FACE('',(#7737),#825,.F.);
#7737 = FACE_BOUND('',#7738,.F.);
#7738 = EDGE_LOOP('',(#7739,#7740,#7761,#7762));
#7739 = ORIENTED_EDGE('',*,*,#5515,.F.);
#7740 = ORIENTED_EDGE('',*,*,#7741,.T.);
#7741 = EDGE_CURVE('',#5493,#785,#7742,.T.);
#7742 = SURFACE_CURVE('',#7743,(#7747,#7754),.PCURVE_S1.);
#7743 = LINE('',#7744,#7745);
#7744 = CARTESIAN_POINT('',(-8.85586947304E-02,-3.202768505739,3.4));
#7745 = VECTOR('',#7746,1.);
#7746 = DIRECTION('',(0.,0.,1.));
#7747 = PCURVE('',#825,#7748);
#7748 = DEFINITIONAL_REPRESENTATION('',(#7749),#7753);
#7749 = LINE('',#7750,#7751);
#7750 = CARTESIAN_POINT('',(0.,0.));
#7751 = VECTOR('',#7752,1.);
#7752 = DIRECTION('',(0.,-1.));
#7753 = ( GEOMETRIC_REPRESENTATION_CONTEXT(2) 
PARAMETRIC_REPRESENTATION_CONTEXT() REPRESENTATION_CONTEXT('2D SPACE',''
  ) );
#7754 = PCURVE('',#799,#7755);
#7755 = DEFINITIONAL_REPRESENTATION('',(#7756),#7760);
#7756 = LINE('',#7757,#7758);
#7757 = CARTESIAN_POINT('',(3.925413946193E-02,0.));
#7758 = VECTOR('',#7759,1.);
#7759 = DIRECTION('',(0.,-1.));
#7760 = ( GEOMETRIC_REPRESENTATION_CONTEXT(2) 
PARAMETRIC_REPRESENTATION_CONTEXT() REPRESENTATION_CONTEXT('2D SPACE',''
  ) );
#7761 = ORIENTED_EDGE('',*,*,#810,.F.);
#7762 = ORIENTED_EDGE('',*,*,#7714,.F.);
#7763 = ADVANCED_FACE('',(#7764),#799,.F.);
#7764 = FACE_BOUND('',#7765,.F.);
#7765 = EDGE_LOOP('',(#7766,#7767,#7788,#7789));
#7766 = ORIENTED_EDGE('',*,*,#5492,.F.);
#7767 = ORIENTED_EDGE('',*,*,#7768,.T.);
#7768 = EDGE_CURVE('',#5470,#759,#7769,.T.);
#7769 = SURFACE_CURVE('',#7770,(#7774,#7781),.PCURVE_S1.);
#7770 = LINE('',#7771,#7772);
#7771 = CARTESIAN_POINT('',(-5.307337294604E-02,-3.219551813005,3.4));
#7772 = VECTOR('',#7773,1.);
#7773 = DIRECTION('',(0.,0.,1.));
#7774 = PCURVE('',#799,#7775);
#7775 = DEFINITIONAL_REPRESENTATION('',(#7776),#7780);
#7776 = LINE('',#7777,#7778);
#7777 = CARTESIAN_POINT('',(0.,0.));
#7778 = VECTOR('',#7779,1.);
#7779 = DIRECTION('',(0.,-1.));
#7780 = ( GEOMETRIC_REPRESENTATION_CONTEXT(2) 
PARAMETRIC_REPRESENTATION_CONTEXT() REPRESENTATION_CONTEXT('2D SPACE',''
  ) );
#7781 = PCURVE('',#773,#7782);
#7782 = DEFINITIONAL_REPRESENTATION('',(#7783),#7787);
#7783 = LINE('',#7784,#7785);
#7784 = CARTESIAN_POINT('',(3.925413946193E-02,0.));
#7785 = VECTOR('',#7786,1.);
#7786 = DIRECTION('',(0.,-1.));
#7787 = ( GEOMETRIC_REPRESENTATION_CONTEXT(2) 
PARAMETRIC_REPRESENTATION_CONTEXT() REPRESENTATION_CONTEXT('2D SPACE',''
  ) );
#7788 = ORIENTED_EDGE('',*,*,#784,.F.);
#7789 = ORIENTED_EDGE('',*,*,#7741,.F.);
#7790 = ADVANCED_FACE('',(#7791),#773,.F.);
#7791 = FACE_BOUND('',#7792,.F.);
#7792 = EDGE_LOOP('',(#7793,#7794,#7815,#7816));
#7793 = ORIENTED_EDGE('',*,*,#5469,.F.);
#7794 = ORIENTED_EDGE('',*,*,#7795,.T.);
#7795 = EDGE_CURVE('',#5447,#733,#7796,.T.);
#7796 = SURFACE_CURVE('',#7797,(#7801,#7808),.PCURVE_S1.);
#7797 = LINE('',#7798,#7799);
#7798 = CARTESIAN_POINT('',(-1.611387090179E-02,-3.232776134293,3.4));
#7799 = VECTOR('',#7800,1.);
#7800 = DIRECTION('',(0.,0.,1.));
#7801 = PCURVE('',#773,#7802);
#7802 = DEFINITIONAL_REPRESENTATION('',(#7803),#7807);
#7803 = LINE('',#7804,#7805);
#7804 = CARTESIAN_POINT('',(0.,0.));
#7805 = VECTOR('',#7806,1.);
#7806 = DIRECTION('',(0.,-1.));
#7807 = ( GEOMETRIC_REPRESENTATION_CONTEXT(2) 
PARAMETRIC_REPRESENTATION_CONTEXT() REPRESENTATION_CONTEXT('2D SPACE',''
  ) );
#7808 = PCURVE('',#747,#7809);
#7809 = DEFINITIONAL_REPRESENTATION('',(#7810),#7814);
#7810 = LINE('',#7811,#7812);
#7811 = CARTESIAN_POINT('',(3.925413946193E-02,0.));
#7812 = VECTOR('',#7813,1.);
#7813 = DIRECTION('',(0.,-1.));
#7814 = ( GEOMETRIC_REPRESENTATION_CONTEXT(2) 
PARAMETRIC_REPRESENTATION_CONTEXT() REPRESENTATION_CONTEXT('2D SPACE',''
  ) );
#7815 = ORIENTED_EDGE('',*,*,#758,.F.);
#7816 = ORIENTED_EDGE('',*,*,#7768,.F.);
#7817 = ADVANCED_FACE('',(#7818),#747,.F.);
#7818 = FACE_BOUND('',#7819,.F.);
#7819 = EDGE_LOOP('',(#7820,#7821,#7842,#7843));
#7820 = ORIENTED_EDGE('',*,*,#5446,.F.);
#7821 = ORIENTED_EDGE('',*,*,#7822,.T.);
#7822 = EDGE_CURVE('',#5424,#707,#7823,.T.);
#7823 = SURFACE_CURVE('',#7824,(#7828,#7835),.PCURVE_S1.);
#7824 = LINE('',#7825,#7826);
#7825 = CARTESIAN_POINT('',(2.196387119355E-02,-3.242314112161,3.4));
#7826 = VECTOR('',#7827,1.);
#7827 = DIRECTION('',(0.,0.,1.));
#7828 = PCURVE('',#747,#7829);
#7829 = DEFINITIONAL_REPRESENTATION('',(#7830),#7834);
#7830 = LINE('',#7831,#7832);
#7831 = CARTESIAN_POINT('',(0.,0.));
#7832 = VECTOR('',#7833,1.);
#7833 = DIRECTION('',(0.,-1.));
#7834 = ( GEOMETRIC_REPRESENTATION_CONTEXT(2) 
PARAMETRIC_REPRESENTATION_CONTEXT() REPRESENTATION_CONTEXT('2D SPACE',''
  ) );
#7835 = PCURVE('',#721,#7836);
#7836 = DEFINITIONAL_REPRESENTATION('',(#7837),#7841);
#7837 = LINE('',#7838,#7839);
#7838 = CARTESIAN_POINT('',(3.925413946193E-02,0.));
#7839 = VECTOR('',#7840,1.);
#7840 = DIRECTION('',(0.,-1.));
#7841 = ( GEOMETRIC_REPRESENTATION_CONTEXT(2) 
PARAMETRIC_REPRESENTATION_CONTEXT() REPRESENTATION_CONTEXT('2D SPACE',''
  ) );
#7842 = ORIENTED_EDGE('',*,*,#732,.F.);
#7843 = ORIENTED_EDGE('',*,*,#7795,.F.);
#7844 = ADVANCED_FACE('',(#7845),#721,.F.);
#7845 = FACE_BOUND('',#7846,.F.);
#7846 = EDGE_LOOP('',(#7847,#7848,#7869,#7870));
#7847 = ORIENTED_EDGE('',*,*,#5423,.F.);
#7848 = ORIENTED_EDGE('',*,*,#7849,.T.);
#7849 = EDGE_CURVE('',#5401,#681,#7850,.T.);
#7850 = SURFACE_CURVE('',#7851,(#7855,#7862),.PCURVE_S1.);
#7851 = LINE('',#7852,#7853);
#7852 = CARTESIAN_POINT('',(6.079314386818E-02,-3.248073890669,3.4));
#7853 = VECTOR('',#7854,1.);
#7854 = DIRECTION('',(0.,0.,1.));
#7855 = PCURVE('',#721,#7856);
#7856 = DEFINITIONAL_REPRESENTATION('',(#7857),#7861);
#7857 = LINE('',#7858,#7859);
#7858 = CARTESIAN_POINT('',(0.,0.));
#7859 = VECTOR('',#7860,1.);
#7860 = DIRECTION('',(0.,-1.));
#7861 = ( GEOMETRIC_REPRESENTATION_CONTEXT(2) 
PARAMETRIC_REPRESENTATION_CONTEXT() REPRESENTATION_CONTEXT('2D SPACE',''
  ) );
#7862 = PCURVE('',#695,#7863);
#7863 = DEFINITIONAL_REPRESENTATION('',(#7864),#7868);
#7864 = LINE('',#7865,#7866);
#7865 = CARTESIAN_POINT('',(3.925413946193E-02,0.));
#7866 = VECTOR('',#7867,1.);
#7867 = DIRECTION('',(0.,-1.));
#7868 = ( GEOMETRIC_REPRESENTATION_CONTEXT(2) 
PARAMETRIC_REPRESENTATION_CONTEXT() REPRESENTATION_CONTEXT('2D SPACE',''
  ) );
#7869 = ORIENTED_EDGE('',*,*,#706,.F.);
#7870 = ORIENTED_EDGE('',*,*,#7822,.F.);
#7871 = ADVANCED_FACE('',(#7872),#695,.F.);
#7872 = FACE_BOUND('',#7873,.F.);
#7873 = EDGE_LOOP('',(#7874,#7875,#7896,#7897));
#7874 = ORIENTED_EDGE('',*,*,#5400,.F.);
#7875 = ORIENTED_EDGE('',*,*,#7876,.T.);
#7876 = EDGE_CURVE('',#5378,#655,#7877,.T.);
#7877 = SURFACE_CURVE('',#7878,(#7882,#7889),.PCURVE_S1.);
#7878 = LINE('',#7879,#7880);
#7879 = CARTESIAN_POINT('',(1.E-01,-3.25,3.4));
#7880 = VECTOR('',#7881,1.);
#7881 = DIRECTION('',(0.,0.,1.));
#7882 = PCURVE('',#695,#7883);
#7883 = DEFINITIONAL_REPRESENTATION('',(#7884),#7888);
#7884 = LINE('',#7885,#7886);
#7885 = CARTESIAN_POINT('',(0.,0.));
#7886 = VECTOR('',#7887,1.);
#7887 = DIRECTION('',(0.,-1.));
#7888 = ( GEOMETRIC_REPRESENTATION_CONTEXT(2) 
PARAMETRIC_REPRESENTATION_CONTEXT() REPRESENTATION_CONTEXT('2D SPACE',''
  ) );
#7889 = PCURVE('',#669,#7890);
#7890 = DEFINITIONAL_REPRESENTATION('',(#7891),#7895);
#7891 = LINE('',#7892,#7893);
#7892 = CARTESIAN_POINT('',(3.925413946193E-02,0.));
#7893 = VECTOR('',#7894,1.);
#7894 = DIRECTION('',(0.,-1.));
#7895 = ( GEOMETRIC_REPRESENTATION_CONTEXT(2) 
PARAMETRIC_REPRESENTATION_CONTEXT() REPRESENTATION_CONTEXT('2D SPACE',''
  ) );
#7896 = ORIENTED_EDGE('',*,*,#680,.F.);
#7897 = ORIENTED_EDGE('',*,*,#7849,.F.);
#7898 = ADVANCED_FACE('',(#7899),#669,.F.);
#7899 = FACE_BOUND('',#7900,.F.);
#7900 = EDGE_LOOP('',(#7901,#7902,#7923,#7924));
#7901 = ORIENTED_EDGE('',*,*,#5377,.F.);
#7902 = ORIENTED_EDGE('',*,*,#7903,.T.);
#7903 = EDGE_CURVE('',#5355,#629,#7904,.T.);
#7904 = SURFACE_CURVE('',#7905,(#7909,#7916),.PCURVE_S1.);
#7905 = LINE('',#7906,#7907);
#7906 = CARTESIAN_POINT('',(0.139206856132,-3.248073890669,3.4));
#7907 = VECTOR('',#7908,1.);
#7908 = DIRECTION('',(0.,0.,1.));
#7909 = PCURVE('',#669,#7910);
#7910 = DEFINITIONAL_REPRESENTATION('',(#7911),#7915);
#7911 = LINE('',#7912,#7913);
#7912 = CARTESIAN_POINT('',(0.,0.));
#7913 = VECTOR('',#7914,1.);
#7914 = DIRECTION('',(0.,-1.));
#7915 = ( GEOMETRIC_REPRESENTATION_CONTEXT(2) 
PARAMETRIC_REPRESENTATION_CONTEXT() REPRESENTATION_CONTEXT('2D SPACE',''
  ) );
#7916 = PCURVE('',#643,#7917);
#7917 = DEFINITIONAL_REPRESENTATION('',(#7918),#7922);
#7918 = LINE('',#7919,#7920);
#7919 = CARTESIAN_POINT('',(3.925413946193E-02,0.));
#7920 = VECTOR('',#7921,1.);
#7921 = DIRECTION('',(0.,-1.));
#7922 = ( GEOMETRIC_REPRESENTATION_CONTEXT(2) 
PARAMETRIC_REPRESENTATION_CONTEXT() REPRESENTATION_CONTEXT('2D SPACE',''
  ) );
#7923 = ORIENTED_EDGE('',*,*,#654,.F.);
#7924 = ORIENTED_EDGE('',*,*,#7876,.F.);
#7925 = ADVANCED_FACE('',(#7926),#643,.F.);
#7926 = FACE_BOUND('',#7927,.F.);
#7927 = EDGE_LOOP('',(#7928,#7929,#7950,#7951));
#7928 = ORIENTED_EDGE('',*,*,#5354,.F.);
#7929 = ORIENTED_EDGE('',*,*,#7930,.T.);
#7930 = EDGE_CURVE('',#5332,#603,#7931,.T.);
#7931 = SURFACE_CURVE('',#7932,(#7936,#7943),.PCURVE_S1.);
#7932 = LINE('',#7933,#7934);
#7933 = CARTESIAN_POINT('',(0.178036128806,-3.242314112161,3.4));
#7934 = VECTOR('',#7935,1.);
#7935 = DIRECTION('',(0.,0.,1.));
#7936 = PCURVE('',#643,#7937);
#7937 = DEFINITIONAL_REPRESENTATION('',(#7938),#7942);
#7938 = LINE('',#7939,#7940);
#7939 = CARTESIAN_POINT('',(0.,0.));
#7940 = VECTOR('',#7941,1.);
#7941 = DIRECTION('',(0.,-1.));
#7942 = ( GEOMETRIC_REPRESENTATION_CONTEXT(2) 
PARAMETRIC_REPRESENTATION_CONTEXT() REPRESENTATION_CONTEXT('2D SPACE',''
  ) );
#7943 = PCURVE('',#617,#7944);
#7944 = DEFINITIONAL_REPRESENTATION('',(#7945),#7949);
#7945 = LINE('',#7946,#7947);
#7946 = CARTESIAN_POINT('',(3.925413946193E-02,0.));
#7947 = VECTOR('',#7948,1.);
#7948 = DIRECTION('',(0.,-1.));
#7949 = ( GEOMETRIC_REPRESENTATION_CONTEXT(2) 
PARAMETRIC_REPRESENTATION_CONTEXT() REPRESENTATION_CONTEXT('2D SPACE',''
  ) );
#7950 = ORIENTED_EDGE('',*,*,#628,.F.);
#7951 = ORIENTED_EDGE('',*,*,#7903,.F.);
#7952 = ADVANCED_FACE('',(#7953),#617,.F.);
#7953 = FACE_BOUND('',#7954,.F.);
#7954 = EDGE_LOOP('',(#7955,#7956,#7977,#7978));
#7955 = ORIENTED_EDGE('',*,*,#5331,.F.);
#7956 = ORIENTED_EDGE('',*,*,#7957,.T.);
#7957 = EDGE_CURVE('',#5309,#577,#7958,.T.);
#7958 = SURFACE_CURVE('',#7959,(#7963,#7970),.PCURVE_S1.);
#7959 = LINE('',#7960,#7961);
#7960 = CARTESIAN_POINT('',(0.216113870902,-3.232776134293,3.4));
#7961 = VECTOR('',#7962,1.);
#7962 = DIRECTION('',(0.,0.,1.));
#7963 = PCURVE('',#617,#7964);
#7964 = DEFINITIONAL_REPRESENTATION('',(#7965),#7969);
#7965 = LINE('',#7966,#7967);
#7966 = CARTESIAN_POINT('',(0.,0.));
#7967 = VECTOR('',#7968,1.);
#7968 = DIRECTION('',(0.,-1.));
#7969 = ( GEOMETRIC_REPRESENTATION_CONTEXT(2) 
PARAMETRIC_REPRESENTATION_CONTEXT() REPRESENTATION_CONTEXT('2D SPACE',''
  ) );
#7970 = PCURVE('',#591,#7971);
#7971 = DEFINITIONAL_REPRESENTATION('',(#7972),#7976);
#7972 = LINE('',#7973,#7974);
#7973 = CARTESIAN_POINT('',(3.925413946193E-02,0.));
#7974 = VECTOR('',#7975,1.);
#7975 = DIRECTION('',(0.,-1.));
#7976 = ( GEOMETRIC_REPRESENTATION_CONTEXT(2) 
PARAMETRIC_REPRESENTATION_CONTEXT() REPRESENTATION_CONTEXT('2D SPACE',''
  ) );
#7977 = ORIENTED_EDGE('',*,*,#602,.F.);
#7978 = ORIENTED_EDGE('',*,*,#7930,.F.);
#7979 = ADVANCED_FACE('',(#7980),#591,.F.);
#7980 = FACE_BOUND('',#7981,.F.);
#7981 = EDGE_LOOP('',(#7982,#7983,#8004,#8005));
#7982 = ORIENTED_EDGE('',*,*,#5308,.F.);
#7983 = ORIENTED_EDGE('',*,*,#7984,.T.);
#7984 = EDGE_CURVE('',#5286,#551,#7985,.T.);
#7985 = SURFACE_CURVE('',#7986,(#7990,#7997),.PCURVE_S1.);
#7986 = LINE('',#7987,#7988);
#7987 = CARTESIAN_POINT('',(0.253073372946,-3.219551813005,3.4));
#7988 = VECTOR('',#7989,1.);
#7989 = DIRECTION('',(0.,0.,1.));
#7990 = PCURVE('',#591,#7991);
#7991 = DEFINITIONAL_REPRESENTATION('',(#7992),#7996);
#7992 = LINE('',#7993,#7994);
#7993 = CARTESIAN_POINT('',(0.,0.));
#7994 = VECTOR('',#7995,1.);
#7995 = DIRECTION('',(0.,-1.));
#7996 = ( GEOMETRIC_REPRESENTATION_CONTEXT(2) 
PARAMETRIC_REPRESENTATION_CONTEXT() REPRESENTATION_CONTEXT('2D SPACE',''
  ) );
#7997 = PCURVE('',#565,#7998);
#7998 = DEFINITIONAL_REPRESENTATION('',(#7999),#8003);
#7999 = LINE('',#8000,#8001);
#8000 = CARTESIAN_POINT('',(3.925413946193E-02,0.));
#8001 = VECTOR('',#8002,1.);
#8002 = DIRECTION('',(0.,-1.));
#8003 = ( GEOMETRIC_REPRESENTATION_CONTEXT(2) 
PARAMETRIC_REPRESENTATION_CONTEXT() REPRESENTATION_CONTEXT('2D SPACE',''
  ) );
#8004 = ORIENTED_EDGE('',*,*,#576,.F.);
#8005 = ORIENTED_EDGE('',*,*,#7957,.F.);
#8006 = ADVANCED_FACE('',(#8007),#565,.F.);
#8007 = FACE_BOUND('',#8008,.F.);
#8008 = EDGE_LOOP('',(#8009,#8010,#8031,#8032));
#8009 = ORIENTED_EDGE('',*,*,#5285,.F.);
#8010 = ORIENTED_EDGE('',*,*,#8011,.T.);
#8011 = EDGE_CURVE('',#5263,#525,#8012,.T.);
#8012 = SURFACE_CURVE('',#8013,(#8017,#8024),.PCURVE_S1.);
#8013 = LINE('',#8014,#8015);
#8014 = CARTESIAN_POINT('',(0.28855869473,-3.202768505739,3.4));
#8015 = VECTOR('',#8016,1.);
#8016 = DIRECTION('',(0.,0.,1.));
#8017 = PCURVE('',#565,#8018);
#8018 = DEFINITIONAL_REPRESENTATION('',(#8019),#8023);
#8019 = LINE('',#8020,#8021);
#8020 = CARTESIAN_POINT('',(0.,0.));
#8021 = VECTOR('',#8022,1.);
#8022 = DIRECTION('',(0.,-1.));
#8023 = ( GEOMETRIC_REPRESENTATION_CONTEXT(2) 
PARAMETRIC_REPRESENTATION_CONTEXT() REPRESENTATION_CONTEXT('2D SPACE',''
  ) );
#8024 = PCURVE('',#539,#8025);
#8025 = DEFINITIONAL_REPRESENTATION('',(#8026),#8030);
#8026 = LINE('',#8027,#8028);
#8027 = CARTESIAN_POINT('',(3.925413946193E-02,0.));
#8028 = VECTOR('',#8029,1.);
#8029 = DIRECTION('',(0.,-1.));
#8030 = ( GEOMETRIC_REPRESENTATION_CONTEXT(2) 
PARAMETRIC_REPRESENTATION_CONTEXT() REPRESENTATION_CONTEXT('2D SPACE',''
  ) );
#8031 = ORIENTED_EDGE('',*,*,#550,.F.);
#8032 = ORIENTED_EDGE('',*,*,#7984,.F.);
#8033 = ADVANCED_FACE('',(#8034),#539,.F.);
#8034 = FACE_BOUND('',#8035,.F.);
#8035 = EDGE_LOOP('',(#8036,#8037,#8058,#8059));
#8036 = ORIENTED_EDGE('',*,*,#5262,.F.);
#8037 = ORIENTED_EDGE('',*,*,#8038,.T.);
#8038 = EDGE_CURVE('',#5240,#499,#8039,.T.);
#8039 = SURFACE_CURVE('',#8040,(#8044,#8051),.PCURVE_S1.);
#8040 = LINE('',#8041,#8042);
#8041 = CARTESIAN_POINT('',(0.322228093208,-3.182587844921,3.4));
#8042 = VECTOR('',#8043,1.);
#8043 = DIRECTION('',(0.,0.,1.));
#8044 = PCURVE('',#539,#8045);
#8045 = DEFINITIONAL_REPRESENTATION('',(#8046),#8050);
#8046 = LINE('',#8047,#8048);
#8047 = CARTESIAN_POINT('',(0.,0.));
#8048 = VECTOR('',#8049,1.);
#8049 = DIRECTION('',(0.,-1.));
#8050 = ( GEOMETRIC_REPRESENTATION_CONTEXT(2) 
PARAMETRIC_REPRESENTATION_CONTEXT() REPRESENTATION_CONTEXT('2D SPACE',''
  ) );
#8051 = PCURVE('',#513,#8052);
#8052 = DEFINITIONAL_REPRESENTATION('',(#8053),#8057);
#8053 = LINE('',#8054,#8055);
#8054 = CARTESIAN_POINT('',(3.925413946193E-02,0.));
#8055 = VECTOR('',#8056,1.);
#8056 = DIRECTION('',(0.,-1.));
#8057 = ( GEOMETRIC_REPRESENTATION_CONTEXT(2) 
PARAMETRIC_REPRESENTATION_CONTEXT() REPRESENTATION_CONTEXT('2D SPACE',''
  ) );
#8058 = ORIENTED_EDGE('',*,*,#524,.F.);
#8059 = ORIENTED_EDGE('',*,*,#8011,.F.);
#8060 = ADVANCED_FACE('',(#8061),#513,.F.);
#8061 = FACE_BOUND('',#8062,.F.);
#8062 = EDGE_LOOP('',(#8063,#8064,#8085,#8086));
#8063 = ORIENTED_EDGE('',*,*,#5239,.F.);
#8064 = ORIENTED_EDGE('',*,*,#8065,.T.);
#8065 = EDGE_CURVE('',#5217,#473,#8066,.T.);
#8066 = SURFACE_CURVE('',#8067,(#8071,#8078),.PCURVE_S1.);
#8067 = LINE('',#8068,#8069);
#8068 = CARTESIAN_POINT('',(0.353757313665,-3.159204181345,3.4));
#8069 = VECTOR('',#8070,1.);
#8070 = DIRECTION('',(0.,0.,1.));
#8071 = PCURVE('',#513,#8072);
#8072 = DEFINITIONAL_REPRESENTATION('',(#8073),#8077);
#8073 = LINE('',#8074,#8075);
#8074 = CARTESIAN_POINT('',(0.,0.));
#8075 = VECTOR('',#8076,1.);
#8076 = DIRECTION('',(0.,-1.));
#8077 = ( GEOMETRIC_REPRESENTATION_CONTEXT(2) 
PARAMETRIC_REPRESENTATION_CONTEXT() REPRESENTATION_CONTEXT('2D SPACE',''
  ) );
#8078 = PCURVE('',#487,#8079);
#8079 = DEFINITIONAL_REPRESENTATION('',(#8080),#8084);
#8080 = LINE('',#8081,#8082);
#8081 = CARTESIAN_POINT('',(3.925413946193E-02,0.));
#8082 = VECTOR('',#8083,1.);
#8083 = DIRECTION('',(0.,-1.));
#8084 = ( GEOMETRIC_REPRESENTATION_CONTEXT(2) 
PARAMETRIC_REPRESENTATION_CONTEXT() REPRESENTATION_CONTEXT('2D SPACE',''
  ) );
#8085 = ORIENTED_EDGE('',*,*,#498,.F.);
#8086 = ORIENTED_EDGE('',*,*,#8038,.F.);
#8087 = ADVANCED_FACE('',(#8088),#487,.F.);
#8088 = FACE_BOUND('',#8089,.F.);
#8089 = EDGE_LOOP('',(#8090,#8091,#8112,#8113));
#8090 = ORIENTED_EDGE('',*,*,#5216,.F.);
#8091 = ORIENTED_EDGE('',*,*,#8092,.T.);
#8092 = EDGE_CURVE('',#5194,#447,#8093,.T.);
#8093 = SURFACE_CURVE('',#8094,(#8098,#8105),.PCURVE_S1.);
#8094 = LINE('',#8095,#8096);
#8095 = CARTESIAN_POINT('',(0.382842712475,-3.132842712475,3.4));
#8096 = VECTOR('',#8097,1.);
#8097 = DIRECTION('',(0.,0.,1.));
#8098 = PCURVE('',#487,#8099);
#8099 = DEFINITIONAL_REPRESENTATION('',(#8100),#8104);
#8100 = LINE('',#8101,#8102);
#8101 = CARTESIAN_POINT('',(0.,0.));
#8102 = VECTOR('',#8103,1.);
#8103 = DIRECTION('',(0.,-1.));
#8104 = ( GEOMETRIC_REPRESENTATION_CONTEXT(2) 
PARAMETRIC_REPRESENTATION_CONTEXT() REPRESENTATION_CONTEXT('2D SPACE',''
  ) );
#8105 = PCURVE('',#461,#8106);
#8106 = DEFINITIONAL_REPRESENTATION('',(#8107),#8111);
#8107 = LINE('',#8108,#8109);
#8108 = CARTESIAN_POINT('',(3.925413946193E-02,0.));
#8109 = VECTOR('',#8110,1.);
#8110 = DIRECTION('',(0.,-1.));
#8111 = ( GEOMETRIC_REPRESENTATION_CONTEXT(2) 
PARAMETRIC_REPRESENTATION_CONTEXT() REPRESENTATION_CONTEXT('2D SPACE',''
  ) );
#8112 = ORIENTED_EDGE('',*,*,#472,.F.);
#8113 = ORIENTED_EDGE('',*,*,#8065,.F.);
#8114 = ADVANCED_FACE('',(#8115),#461,.F.);
#8115 = FACE_BOUND('',#8116,.F.);
#8116 = EDGE_LOOP('',(#8117,#8118,#8139,#8140));
#8117 = ORIENTED_EDGE('',*,*,#5193,.F.);
#8118 = ORIENTED_EDGE('',*,*,#8119,.T.);
#8119 = EDGE_CURVE('',#5171,#421,#8120,.T.);
#8120 = SURFACE_CURVE('',#8121,(#8125,#8132),.PCURVE_S1.);
#8121 = LINE('',#8122,#8123);
#8122 = CARTESIAN_POINT('',(0.409204181345,-3.103757313665,3.4));
#8123 = VECTOR('',#8124,1.);
#8124 = DIRECTION('',(0.,0.,1.));
#8125 = PCURVE('',#461,#8126);
#8126 = DEFINITIONAL_REPRESENTATION('',(#8127),#8131);
#8127 = LINE('',#8128,#8129);
#8128 = CARTESIAN_POINT('',(0.,0.));
#8129 = VECTOR('',#8130,1.);
#8130 = DIRECTION('',(0.,-1.));
#8131 = ( GEOMETRIC_REPRESENTATION_CONTEXT(2) 
PARAMETRIC_REPRESENTATION_CONTEXT() REPRESENTATION_CONTEXT('2D SPACE',''
  ) );
#8132 = PCURVE('',#435,#8133);
#8133 = DEFINITIONAL_REPRESENTATION('',(#8134),#8138);
#8134 = LINE('',#8135,#8136);
#8135 = CARTESIAN_POINT('',(3.925413946193E-02,0.));
#8136 = VECTOR('',#8137,1.);
#8137 = DIRECTION('',(0.,-1.));
#8138 = ( GEOMETRIC_REPRESENTATION_CONTEXT(2) 
PARAMETRIC_REPRESENTATION_CONTEXT() REPRESENTATION_CONTEXT('2D SPACE',''
  ) );
#8139 = ORIENTED_EDGE('',*,*,#446,.F.);
#8140 = ORIENTED_EDGE('',*,*,#8092,.F.);
#8141 = ADVANCED_FACE('',(#8142),#435,.F.);
#8142 = FACE_BOUND('',#8143,.F.);
#8143 = EDGE_LOOP('',(#8144,#8145,#8166,#8167));
#8144 = ORIENTED_EDGE('',*,*,#5170,.F.);
#8145 = ORIENTED_EDGE('',*,*,#8146,.T.);
#8146 = EDGE_CURVE('',#5148,#395,#8147,.T.);
#8147 = SURFACE_CURVE('',#8148,(#8152,#8159),.PCURVE_S1.);
#8148 = LINE('',#8149,#8150);
#8149 = CARTESIAN_POINT('',(0.432587844921,-3.072228093208,3.4));
#8150 = VECTOR('',#8151,1.);
#8151 = DIRECTION('',(0.,0.,1.));
#8152 = PCURVE('',#435,#8153);
#8153 = DEFINITIONAL_REPRESENTATION('',(#8154),#8158);
#8154 = LINE('',#8155,#8156);
#8155 = CARTESIAN_POINT('',(0.,0.));
#8156 = VECTOR('',#8157,1.);
#8157 = DIRECTION('',(0.,-1.));
#8158 = ( GEOMETRIC_REPRESENTATION_CONTEXT(2) 
PARAMETRIC_REPRESENTATION_CONTEXT() REPRESENTATION_CONTEXT('2D SPACE',''
  ) );
#8159 = PCURVE('',#409,#8160);
#8160 = DEFINITIONAL_REPRESENTATION('',(#8161),#8165);
#8161 = LINE('',#8162,#8163);
#8162 = CARTESIAN_POINT('',(3.925413946193E-02,0.));
#8163 = VECTOR('',#8164,1.);
#8164 = DIRECTION('',(0.,-1.));
#8165 = ( GEOMETRIC_REPRESENTATION_CONTEXT(2) 
PARAMETRIC_REPRESENTATION_CONTEXT() REPRESENTATION_CONTEXT('2D SPACE',''
  ) );
#8166 = ORIENTED_EDGE('',*,*,#420,.F.);
#8167 = ORIENTED_EDGE('',*,*,#8119,.F.);
#8168 = ADVANCED_FACE('',(#8169),#409,.F.);
#8169 = FACE_BOUND('',#8170,.F.);
#8170 = EDGE_LOOP('',(#8171,#8172,#8193,#8194));
#8171 = ORIENTED_EDGE('',*,*,#5147,.F.);
#8172 = ORIENTED_EDGE('',*,*,#8173,.T.);
#8173 = EDGE_CURVE('',#5125,#369,#8174,.T.);
#8174 = SURFACE_CURVE('',#8175,(#8179,#8186),.PCURVE_S1.);
#8175 = LINE('',#8176,#8177);
#8176 = CARTESIAN_POINT('',(0.452768505739,-3.03855869473,3.4));
#8177 = VECTOR('',#8178,1.);
#8178 = DIRECTION('',(0.,0.,1.));
#8179 = PCURVE('',#409,#8180);
#8180 = DEFINITIONAL_REPRESENTATION('',(#8181),#8185);
#8181 = LINE('',#8182,#8183);
#8182 = CARTESIAN_POINT('',(0.,0.));
#8183 = VECTOR('',#8184,1.);
#8184 = DIRECTION('',(0.,-1.));
#8185 = ( GEOMETRIC_REPRESENTATION_CONTEXT(2) 
PARAMETRIC_REPRESENTATION_CONTEXT() REPRESENTATION_CONTEXT('2D SPACE',''
  ) );
#8186 = PCURVE('',#383,#8187);
#8187 = DEFINITIONAL_REPRESENTATION('',(#8188),#8192);
#8188 = LINE('',#8189,#8190);
#8189 = CARTESIAN_POINT('',(3.925413946193E-02,0.));
#8190 = VECTOR('',#8191,1.);
#8191 = DIRECTION('',(0.,-1.));
#8192 = ( GEOMETRIC_REPRESENTATION_CONTEXT(2) 
PARAMETRIC_REPRESENTATION_CONTEXT() REPRESENTATION_CONTEXT('2D SPACE',''
  ) );
#8193 = ORIENTED_EDGE('',*,*,#394,.F.);
#8194 = ORIENTED_EDGE('',*,*,#8146,.F.);
#8195 = ADVANCED_FACE('',(#8196),#383,.F.);
#8196 = FACE_BOUND('',#8197,.F.);
#8197 = EDGE_LOOP('',(#8198,#8199,#8220,#8221));
#8198 = ORIENTED_EDGE('',*,*,#5124,.F.);
#8199 = ORIENTED_EDGE('',*,*,#8200,.T.);
#8200 = EDGE_CURVE('',#5102,#341,#8201,.T.);
#8201 = SURFACE_CURVE('',#8202,(#8206,#8213),.PCURVE_S1.);
#8202 = LINE('',#8203,#8204);
#8203 = CARTESIAN_POINT('',(0.469551813005,-3.003073372946,3.4));
#8204 = VECTOR('',#8205,1.);
#8205 = DIRECTION('',(0.,0.,1.));
#8206 = PCURVE('',#383,#8207);
#8207 = DEFINITIONAL_REPRESENTATION('',(#8208),#8212);
#8208 = LINE('',#8209,#8210);
#8209 = CARTESIAN_POINT('',(0.,0.));
#8210 = VECTOR('',#8211,1.);
#8211 = DIRECTION('',(0.,-1.));
#8212 = ( GEOMETRIC_REPRESENTATION_CONTEXT(2) 
PARAMETRIC_REPRESENTATION_CONTEXT() REPRESENTATION_CONTEXT('2D SPACE',''
  ) );
#8213 = PCURVE('',#357,#8214);
#8214 = DEFINITIONAL_REPRESENTATION('',(#8215),#8219);
#8215 = LINE('',#8216,#8217);
#8216 = CARTESIAN_POINT('',(3.925413946193E-02,0.));
#8217 = VECTOR('',#8218,1.);
#8218 = DIRECTION('',(0.,-1.));
#8219 = ( GEOMETRIC_REPRESENTATION_CONTEXT(2) 
PARAMETRIC_REPRESENTATION_CONTEXT() REPRESENTATION_CONTEXT('2D SPACE',''
  ) );
#8220 = ORIENTED_EDGE('',*,*,#368,.F.);
#8221 = ORIENTED_EDGE('',*,*,#8173,.F.);
#8222 = ADVANCED_FACE('',(#8223),#357,.F.);
#8223 = FACE_BOUND('',#8224,.F.);
#8224 = EDGE_LOOP('',(#8225,#8226,#8227,#8228));
#8225 = ORIENTED_EDGE('',*,*,#5101,.F.);
#8226 = ORIENTED_EDGE('',*,*,#5077,.T.);
#8227 = ORIENTED_EDGE('',*,*,#340,.F.);
#8228 = ORIENTED_EDGE('',*,*,#8200,.F.);
#8229 = ADVANCED_FACE('',(#8230),#326,.T.);
#8230 = FACE_BOUND('',#8231,.T.);
#8231 = EDGE_LOOP('',(#8232,#8255,#8283,#8304));
#8232 = ORIENTED_EDGE('',*,*,#8233,.T.);
#8233 = EDGE_CURVE('',#280,#8234,#8236,.T.);
#8234 = VERTEX_POINT('',#8235);
#8235 = CARTESIAN_POINT('',(2.45,-15.,7.1));
#8236 = SURFACE_CURVE('',#8237,(#8241,#8248),.PCURVE_S1.);
#8237 = LINE('',#8238,#8239);
#8238 = CARTESIAN_POINT('',(2.45,-15.,4.));
#8239 = VECTOR('',#8240,1.);
#8240 = DIRECTION('',(0.,0.,1.));
#8241 = PCURVE('',#326,#8242);
#8242 = DEFINITIONAL_REPRESENTATION('',(#8243),#8247);
#8243 = LINE('',#8244,#8245);
#8244 = CARTESIAN_POINT('',(0.,0.));
#8245 = VECTOR('',#8246,1.);
#8246 = DIRECTION('',(0.,-1.));
#8247 = ( GEOMETRIC_REPRESENTATION_CONTEXT(2) 
PARAMETRIC_REPRESENTATION_CONTEXT() REPRESENTATION_CONTEXT('2D SPACE',''
  ) );
#8248 = PCURVE('',#300,#8249);
#8249 = DEFINITIONAL_REPRESENTATION('',(#8250),#8254);
#8250 = LINE('',#8251,#8252);
#8251 = CARTESIAN_POINT('',(3.14159265359,0.));
#8252 = VECTOR('',#8253,1.);
#8253 = DIRECTION('',(0.,-1.));
#8254 = ( GEOMETRIC_REPRESENTATION_CONTEXT(2) 
PARAMETRIC_REPRESENTATION_CONTEXT() REPRESENTATION_CONTEXT('2D SPACE',''
  ) );
#8255 = ORIENTED_EDGE('',*,*,#8256,.T.);
#8256 = EDGE_CURVE('',#8234,#8257,#8259,.T.);
#8257 = VERTEX_POINT('',#8258);
#8258 = CARTESIAN_POINT('',(2.45,-25.,7.1));
#8259 = SURFACE_CURVE('',#8260,(#8264,#8271),.PCURVE_S1.);
#8260 = LINE('',#8261,#8262);
#8261 = CARTESIAN_POINT('',(2.45,-15.,7.1));
#8262 = VECTOR('',#8263,1.);
#8263 = DIRECTION('',(-1.110223024625E-16,-1.,0.));
#8264 = PCURVE('',#326,#8265);
#8265 = DEFINITIONAL_REPRESENTATION('',(#8266),#8270);
#8266 = LINE('',#8267,#8268);
#8267 = CARTESIAN_POINT('',(0.,-3.1));
#8268 = VECTOR('',#8269,1.);
#8269 = DIRECTION('',(1.,0.));
#8270 = ( GEOMETRIC_REPRESENTATION_CONTEXT(2) 
PARAMETRIC_REPRESENTATION_CONTEXT() REPRESENTATION_CONTEXT('2D SPACE',''
  ) );
#8271 = PCURVE('',#8272,#8277);
#8272 = PLANE('',#8273);
#8273 = AXIS2_PLACEMENT_3D('',#8274,#8275,#8276);
#8274 = CARTESIAN_POINT('',(2.25,-15.,7.3));
#8275 = DIRECTION('',(-0.707106781187,6.325793995022E-17,-0.707106781187
    ));
#8276 = DIRECTION('',(-1.002412695339E-16,-1.,1.078103292857E-17));
#8277 = DEFINITIONAL_REPRESENTATION('',(#8278),#8282);
#8278 = LINE('',#8279,#8280);
#8279 = CARTESIAN_POINT('',(-2.22044604925E-17,-0.282842712475));
#8280 = VECTOR('',#8281,1.);
#8281 = DIRECTION('',(1.,3.316262140956E-33));
#8282 = ( GEOMETRIC_REPRESENTATION_CONTEXT(2) 
PARAMETRIC_REPRESENTATION_CONTEXT() REPRESENTATION_CONTEXT('2D SPACE',''
  ) );
#8283 = ORIENTED_EDGE('',*,*,#8284,.F.);
#8284 = EDGE_CURVE('',#217,#8257,#8285,.T.);
#8285 = SURFACE_CURVE('',#8286,(#8290,#8297),.PCURVE_S1.);
#8286 = LINE('',#8287,#8288);
#8287 = CARTESIAN_POINT('',(2.45,-25.,4.));
#8288 = VECTOR('',#8289,1.);
#8289 = DIRECTION('',(0.,0.,1.));
#8290 = PCURVE('',#326,#8291);
#8291 = DEFINITIONAL_REPRESENTATION('',(#8292),#8296);
#8292 = LINE('',#8293,#8294);
#8293 = CARTESIAN_POINT('',(10.,0.));
#8294 = VECTOR('',#8295,1.);
#8295 = DIRECTION('',(0.,-1.));
#8296 = ( GEOMETRIC_REPRESENTATION_CONTEXT(2) 
PARAMETRIC_REPRESENTATION_CONTEXT() REPRESENTATION_CONTEXT('2D SPACE',''
  ) );
#8297 = PCURVE('',#239,#8298);
#8298 = DEFINITIONAL_REPRESENTATION('',(#8299),#8303);
#8299 = LINE('',#8300,#8301);
#8300 = CARTESIAN_POINT('',(0.,0.));
#8301 = VECTOR('',#8302,1.);
#8302 = DIRECTION('',(0.,-1.));
#8303 = ( GEOMETRIC_REPRESENTATION_CONTEXT(2) 
PARAMETRIC_REPRESENTATION_CONTEXT() REPRESENTATION_CONTEXT('2D SPACE',''
  ) );
#8304 = ORIENTED_EDGE('',*,*,#312,.F.);
#8305 = ADVANCED_FACE('',(#8306),#8272,.F.);
#8306 = FACE_BOUND('',#8307,.F.);
#8307 = EDGE_LOOP('',(#8308,#8336,#8337,#8365));
#8308 = ORIENTED_EDGE('',*,*,#8309,.F.);
#8309 = EDGE_CURVE('',#8234,#8310,#8312,.T.);
#8310 = VERTEX_POINT('',#8311);
#8311 = CARTESIAN_POINT('',(2.05,-15.,7.5));
#8312 = SURFACE_CURVE('',#8313,(#8317,#8324),.PCURVE_S1.);
#8313 = LINE('',#8314,#8315);
#8314 = CARTESIAN_POINT('',(2.45,-15.,7.1));
#8315 = VECTOR('',#8316,1.);
#8316 = DIRECTION('',(-0.707106781187,-4.582909631895E-16,0.707106781187
    ));
#8317 = PCURVE('',#8272,#8318);
#8318 = DEFINITIONAL_REPRESENTATION('',(#8319),#8323);
#8319 = LINE('',#8320,#8321);
#8320 = CARTESIAN_POINT('',(-2.22044604925E-17,-0.282842712475));
#8321 = VECTOR('',#8322,1.);
#8322 = DIRECTION('',(5.367955861237E-16,1.));
#8323 = ( GEOMETRIC_REPRESENTATION_CONTEXT(2) 
PARAMETRIC_REPRESENTATION_CONTEXT() REPRESENTATION_CONTEXT('2D SPACE',''
  ) );
#8324 = PCURVE('',#8325,#8330);
#8325 = CONICAL_SURFACE('',#8326,2.45,0.785398163397);
#8326 = AXIS2_PLACEMENT_3D('',#8327,#8328,#8329);
#8327 = CARTESIAN_POINT('',(5.551115123126E-16,-15.,7.1));
#8328 = DIRECTION('',(-0.,0.,-1.));
#8329 = DIRECTION('',(-1.,3.625218039592E-16,0.));
#8330 = DEFINITIONAL_REPRESENTATION('',(#8331),#8335);
#8331 = LINE('',#8332,#8333);
#8332 = CARTESIAN_POINT('',(3.14159265359,-0.));
#8333 = VECTOR('',#8334,1.);
#8334 = DIRECTION('',(0.,-1.));
#8335 = ( GEOMETRIC_REPRESENTATION_CONTEXT(2) 
PARAMETRIC_REPRESENTATION_CONTEXT() REPRESENTATION_CONTEXT('2D SPACE',''
  ) );
#8336 = ORIENTED_EDGE('',*,*,#8256,.T.);
#8337 = ORIENTED_EDGE('',*,*,#8338,.T.);
#8338 = EDGE_CURVE('',#8257,#8339,#8341,.T.);
#8339 = VERTEX_POINT('',#8340);
#8340 = CARTESIAN_POINT('',(2.05,-25.,7.5));
#8341 = SURFACE_CURVE('',#8342,(#8346,#8353),.PCURVE_S1.);
#8342 = LINE('',#8343,#8344);
#8343 = CARTESIAN_POINT('',(2.25,-25.,7.3));
#8344 = VECTOR('',#8345,1.);
#8345 = DIRECTION('',(-0.707106781187,7.850462293419E-17,0.707106781187)
  );
#8346 = PCURVE('',#8272,#8347);
#8347 = DEFINITIONAL_REPRESENTATION('',(#8348),#8352);
#8348 = LINE('',#8349,#8350);
#8349 = CARTESIAN_POINT('',(10.,-1.570092458684E-16));
#8350 = VECTOR('',#8351,1.);
#8351 = DIRECTION('',(3.316262140956E-33,1.));
#8352 = ( GEOMETRIC_REPRESENTATION_CONTEXT(2) 
PARAMETRIC_REPRESENTATION_CONTEXT() REPRESENTATION_CONTEXT('2D SPACE',''
  ) );
#8353 = PCURVE('',#8354,#8359);
#8354 = CONICAL_SURFACE('',#8355,2.45,0.785398163397);
#8355 = AXIS2_PLACEMENT_3D('',#8356,#8357,#8358);
#8356 = CARTESIAN_POINT('',(-5.551115123126E-16,-25.,7.1));
#8357 = DIRECTION('',(-0.,0.,-1.));
#8358 = DIRECTION('',(1.,-3.625218039592E-16,-0.));
#8359 = DEFINITIONAL_REPRESENTATION('',(#8360),#8364);
#8360 = LINE('',#8361,#8362);
#8361 = CARTESIAN_POINT('',(0.,-0.2));
#8362 = VECTOR('',#8363,1.);
#8363 = DIRECTION('',(0.,-1.));
#8364 = ( GEOMETRIC_REPRESENTATION_CONTEXT(2) 
PARAMETRIC_REPRESENTATION_CONTEXT() REPRESENTATION_CONTEXT('2D SPACE',''
  ) );
#8365 = ORIENTED_EDGE('',*,*,#8366,.F.);
#8366 = EDGE_CURVE('',#8310,#8339,#8367,.T.);
#8367 = SURFACE_CURVE('',#8368,(#8372,#8379),.PCURVE_S1.);
#8368 = LINE('',#8369,#8370);
#8369 = CARTESIAN_POINT('',(2.05,-15.,7.5));
#8370 = VECTOR('',#8371,1.);
#8371 = DIRECTION('',(-1.110223024625E-16,-1.,0.));
#8372 = PCURVE('',#8272,#8373);
#8373 = DEFINITIONAL_REPRESENTATION('',(#8374),#8378);
#8374 = LINE('',#8375,#8376);
#8375 = CARTESIAN_POINT('',(2.22044604925E-17,0.282842712475));
#8376 = VECTOR('',#8377,1.);
#8377 = DIRECTION('',(1.,3.316262140956E-33));
#8378 = ( GEOMETRIC_REPRESENTATION_CONTEXT(2) 
PARAMETRIC_REPRESENTATION_CONTEXT() REPRESENTATION_CONTEXT('2D SPACE',''
  ) );
#8379 = PCURVE('',#8380,#8385);
#8380 = PLANE('',#8381);
#8381 = AXIS2_PLACEMENT_3D('',#8382,#8383,#8384);
#8382 = CARTESIAN_POINT('',(1.023836795043E-16,-20.,7.5));
#8383 = DIRECTION('',(-0.,-0.,-1.));
#8384 = DIRECTION('',(-1.,0.,0.));
#8385 = DEFINITIONAL_REPRESENTATION('',(#8386),#8390);
#8386 = LINE('',#8387,#8388);
#8387 = CARTESIAN_POINT('',(-2.05,5.));
#8388 = VECTOR('',#8389,1.);
#8389 = DIRECTION('',(1.110223024625E-16,-1.));
#8390 = ( GEOMETRIC_REPRESENTATION_CONTEXT(2) 
PARAMETRIC_REPRESENTATION_CONTEXT() REPRESENTATION_CONTEXT('2D SPACE',''
  ) );
#8391 = ADVANCED_FACE('',(#8392),#8354,.T.);
#8392 = FACE_BOUND('',#8393,.F.);
#8393 = EDGE_LOOP('',(#8394,#8395,#8419,#8447));
#8394 = ORIENTED_EDGE('',*,*,#8338,.F.);
#8395 = ORIENTED_EDGE('',*,*,#8396,.T.);
#8396 = EDGE_CURVE('',#8257,#8397,#8399,.T.);
#8397 = VERTEX_POINT('',#8398);
#8398 = CARTESIAN_POINT('',(-2.45,-25.,7.1));
#8399 = SURFACE_CURVE('',#8400,(#8405,#8412),.PCURVE_S1.);
#8400 = CIRCLE('',#8401,2.45);
#8401 = AXIS2_PLACEMENT_3D('',#8402,#8403,#8404);
#8402 = CARTESIAN_POINT('',(-5.551115123126E-16,-25.,7.1));
#8403 = DIRECTION('',(-0.,0.,-1.));
#8404 = DIRECTION('',(1.,-3.625218039592E-16,-0.));
#8405 = PCURVE('',#8354,#8406);
#8406 = DEFINITIONAL_REPRESENTATION('',(#8407),#8411);
#8407 = LINE('',#8408,#8409);
#8408 = CARTESIAN_POINT('',(0.,-0.));
#8409 = VECTOR('',#8410,1.);
#8410 = DIRECTION('',(1.,-0.));
#8411 = ( GEOMETRIC_REPRESENTATION_CONTEXT(2) 
PARAMETRIC_REPRESENTATION_CONTEXT() REPRESENTATION_CONTEXT('2D SPACE',''
  ) );
#8412 = PCURVE('',#239,#8413);
#8413 = DEFINITIONAL_REPRESENTATION('',(#8414),#8418);
#8414 = LINE('',#8415,#8416);
#8415 = CARTESIAN_POINT('',(0.,-3.1));
#8416 = VECTOR('',#8417,1.);
#8417 = DIRECTION('',(1.,0.));
#8418 = ( GEOMETRIC_REPRESENTATION_CONTEXT(2) 
PARAMETRIC_REPRESENTATION_CONTEXT() REPRESENTATION_CONTEXT('2D SPACE',''
  ) );
#8419 = ORIENTED_EDGE('',*,*,#8420,.T.);
#8420 = EDGE_CURVE('',#8397,#8421,#8423,.T.);
#8421 = VERTEX_POINT('',#8422);
#8422 = CARTESIAN_POINT('',(-2.05,-25.,7.5));
#8423 = SURFACE_CURVE('',#8424,(#8428,#8435),.PCURVE_S1.);
#8424 = LINE('',#8425,#8426);
#8425 = CARTESIAN_POINT('',(-2.25,-25.,7.3));
#8426 = VECTOR('',#8427,1.);
#8427 = DIRECTION('',(0.707106781187,-7.850462293419E-17,0.707106781187)
  );
#8428 = PCURVE('',#8354,#8429);
#8429 = DEFINITIONAL_REPRESENTATION('',(#8430),#8434);
#8430 = LINE('',#8431,#8432);
#8431 = CARTESIAN_POINT('',(3.14159265359,-0.2));
#8432 = VECTOR('',#8433,1.);
#8433 = DIRECTION('',(0.,-1.));
#8434 = ( GEOMETRIC_REPRESENTATION_CONTEXT(2) 
PARAMETRIC_REPRESENTATION_CONTEXT() REPRESENTATION_CONTEXT('2D SPACE',''
  ) );
#8435 = PCURVE('',#8436,#8441);
#8436 = PLANE('',#8437);
#8437 = AXIS2_PLACEMENT_3D('',#8438,#8439,#8440);
#8438 = CARTESIAN_POINT('',(-2.25,-25.,7.3));
#8439 = DIRECTION('',(0.707106781187,-6.325793995022E-17,-0.707106781187
    ));
#8440 = DIRECTION('',(1.002412695339E-16,1.,1.078103292857E-17));
#8441 = DEFINITIONAL_REPRESENTATION('',(#8442),#8446);
#8442 = LINE('',#8443,#8444);
#8443 = CARTESIAN_POINT('',(0.,0.));
#8444 = VECTOR('',#8445,1.);
#8445 = DIRECTION('',(3.316262140956E-33,1.));
#8446 = ( GEOMETRIC_REPRESENTATION_CONTEXT(2) 
PARAMETRIC_REPRESENTATION_CONTEXT() REPRESENTATION_CONTEXT('2D SPACE',''
  ) );
#8447 = ORIENTED_EDGE('',*,*,#8448,.F.);
#8448 = EDGE_CURVE('',#8339,#8421,#8449,.T.);
#8449 = SURFACE_CURVE('',#8450,(#8455,#8462),.PCURVE_S1.);
#8450 = CIRCLE('',#8451,2.05);
#8451 = AXIS2_PLACEMENT_3D('',#8452,#8453,#8454);
#8452 = CARTESIAN_POINT('',(-5.551115123126E-16,-25.,7.5));
#8453 = DIRECTION('',(-0.,0.,-1.));
#8454 = DIRECTION('',(1.,-3.625218039592E-16,-0.));
#8455 = PCURVE('',#8354,#8456);
#8456 = DEFINITIONAL_REPRESENTATION('',(#8457),#8461);
#8457 = LINE('',#8458,#8459);
#8458 = CARTESIAN_POINT('',(0.,-0.4));
#8459 = VECTOR('',#8460,1.);
#8460 = DIRECTION('',(1.,-0.));
#8461 = ( GEOMETRIC_REPRESENTATION_CONTEXT(2) 
PARAMETRIC_REPRESENTATION_CONTEXT() REPRESENTATION_CONTEXT('2D SPACE',''
  ) );
#8462 = PCURVE('',#8380,#8463);
#8463 = DEFINITIONAL_REPRESENTATION('',(#8464),#8468);
#8464 = CIRCLE('',#8465,2.05);
#8465 = AXIS2_PLACEMENT_2D('',#8466,#8467);
#8466 = CARTESIAN_POINT('',(6.574951918169E-16,-5.));
#8467 = DIRECTION('',(-1.,-3.625218039592E-16));
#8468 = ( GEOMETRIC_REPRESENTATION_CONTEXT(2) 
PARAMETRIC_REPRESENTATION_CONTEXT() REPRESENTATION_CONTEXT('2D SPACE',''
  ) );
#8469 = ADVANCED_FACE('',(#8470),#8436,.F.);
#8470 = FACE_BOUND('',#8471,.F.);
#8471 = EDGE_LOOP('',(#8472,#8473,#8496,#8519));
#8472 = ORIENTED_EDGE('',*,*,#8420,.F.);
#8473 = ORIENTED_EDGE('',*,*,#8474,.T.);
#8474 = EDGE_CURVE('',#8397,#8475,#8477,.T.);
#8475 = VERTEX_POINT('',#8476);
#8476 = CARTESIAN_POINT('',(-2.45,-15.,7.1));
#8477 = SURFACE_CURVE('',#8478,(#8482,#8489),.PCURVE_S1.);
#8478 = LINE('',#8479,#8480);
#8479 = CARTESIAN_POINT('',(-2.45,-25.,7.1));
#8480 = VECTOR('',#8481,1.);
#8481 = DIRECTION('',(1.110223024625E-16,1.,0.));
#8482 = PCURVE('',#8436,#8483);
#8483 = DEFINITIONAL_REPRESENTATION('',(#8484),#8488);
#8484 = LINE('',#8485,#8486);
#8485 = CARTESIAN_POINT('',(-2.22044604925E-17,-0.282842712475));
#8486 = VECTOR('',#8487,1.);
#8487 = DIRECTION('',(1.,3.316262140956E-33));
#8488 = ( GEOMETRIC_REPRESENTATION_CONTEXT(2) 
PARAMETRIC_REPRESENTATION_CONTEXT() REPRESENTATION_CONTEXT('2D SPACE',''
  ) );
#8489 = PCURVE('',#267,#8490);
#8490 = DEFINITIONAL_REPRESENTATION('',(#8491),#8495);
#8491 = LINE('',#8492,#8493);
#8492 = CARTESIAN_POINT('',(0.,-3.1));
#8493 = VECTOR('',#8494,1.);
#8494 = DIRECTION('',(1.,0.));
#8495 = ( GEOMETRIC_REPRESENTATION_CONTEXT(2) 
PARAMETRIC_REPRESENTATION_CONTEXT() REPRESENTATION_CONTEXT('2D SPACE',''
  ) );
#8496 = ORIENTED_EDGE('',*,*,#8497,.T.);
#8497 = EDGE_CURVE('',#8475,#8498,#8500,.T.);
#8498 = VERTEX_POINT('',#8499);
#8499 = CARTESIAN_POINT('',(-2.05,-15.,7.5));
#8500 = SURFACE_CURVE('',#8501,(#8505,#8512),.PCURVE_S1.);
#8501 = LINE('',#8502,#8503);
#8502 = CARTESIAN_POINT('',(-2.25,-15.,7.3));
#8503 = VECTOR('',#8504,1.);
#8504 = DIRECTION('',(0.707106781187,-7.850462293419E-17,0.707106781187)
  );
#8505 = PCURVE('',#8436,#8506);
#8506 = DEFINITIONAL_REPRESENTATION('',(#8507),#8511);
#8507 = LINE('',#8508,#8509);
#8508 = CARTESIAN_POINT('',(10.,-1.570092458684E-16));
#8509 = VECTOR('',#8510,1.);
#8510 = DIRECTION('',(3.316262140956E-33,1.));
#8511 = ( GEOMETRIC_REPRESENTATION_CONTEXT(2) 
PARAMETRIC_REPRESENTATION_CONTEXT() REPRESENTATION_CONTEXT('2D SPACE',''
  ) );
#8512 = PCURVE('',#8325,#8513);
#8513 = DEFINITIONAL_REPRESENTATION('',(#8514),#8518);
#8514 = LINE('',#8515,#8516);
#8515 = CARTESIAN_POINT('',(0.,-0.2));
#8516 = VECTOR('',#8517,1.);
#8517 = DIRECTION('',(0.,-1.));
#8518 = ( GEOMETRIC_REPRESENTATION_CONTEXT(2) 
PARAMETRIC_REPRESENTATION_CONTEXT() REPRESENTATION_CONTEXT('2D SPACE',''
  ) );
#8519 = ORIENTED_EDGE('',*,*,#8520,.F.);
#8520 = EDGE_CURVE('',#8421,#8498,#8521,.T.);
#8521 = SURFACE_CURVE('',#8522,(#8526,#8533),.PCURVE_S1.);
#8522 = LINE('',#8523,#8524);
#8523 = CARTESIAN_POINT('',(-2.05,-25.,7.5));
#8524 = VECTOR('',#8525,1.);
#8525 = DIRECTION('',(1.110223024625E-16,1.,0.));
#8526 = PCURVE('',#8436,#8527);
#8527 = DEFINITIONAL_REPRESENTATION('',(#8528),#8532);
#8528 = LINE('',#8529,#8530);
#8529 = CARTESIAN_POINT('',(2.22044604925E-17,0.282842712475));
#8530 = VECTOR('',#8531,1.);
#8531 = DIRECTION('',(1.,3.316262140956E-33));
#8532 = ( GEOMETRIC_REPRESENTATION_CONTEXT(2) 
PARAMETRIC_REPRESENTATION_CONTEXT() REPRESENTATION_CONTEXT('2D SPACE',''
  ) );
#8533 = PCURVE('',#8380,#8534);
#8534 = DEFINITIONAL_REPRESENTATION('',(#8535),#8539);
#8535 = LINE('',#8536,#8537);
#8536 = CARTESIAN_POINT('',(2.05,-5.));
#8537 = VECTOR('',#8538,1.);
#8538 = DIRECTION('',(-1.110223024625E-16,1.));
#8539 = ( GEOMETRIC_REPRESENTATION_CONTEXT(2) 
PARAMETRIC_REPRESENTATION_CONTEXT() REPRESENTATION_CONTEXT('2D SPACE',''
  ) );
#8540 = ADVANCED_FACE('',(#8541),#8380,.F.);
#8541 = FACE_BOUND('',#8542,.F.);
#8542 = EDGE_LOOP('',(#8543,#8544,#8566,#8567));
#8543 = ORIENTED_EDGE('',*,*,#8520,.T.);
#8544 = ORIENTED_EDGE('',*,*,#8545,.T.);
#8545 = EDGE_CURVE('',#8498,#8310,#8546,.T.);
#8546 = SURFACE_CURVE('',#8547,(#8552,#8559),.PCURVE_S1.);
#8547 = CIRCLE('',#8548,2.05);
#8548 = AXIS2_PLACEMENT_3D('',#8549,#8550,#8551);
#8549 = CARTESIAN_POINT('',(5.551115123126E-16,-15.,7.5));
#8550 = DIRECTION('',(0.,0.,-1.));
#8551 = DIRECTION('',(-1.,3.625218039592E-16,0.));
#8552 = PCURVE('',#8380,#8553);
#8553 = DEFINITIONAL_REPRESENTATION('',(#8554),#8558);
#8554 = CIRCLE('',#8555,2.05);
#8555 = AXIS2_PLACEMENT_2D('',#8556,#8557);
#8556 = CARTESIAN_POINT('',(-4.527278328082E-16,5.));
#8557 = DIRECTION('',(1.,3.625218039592E-16));
#8558 = ( GEOMETRIC_REPRESENTATION_CONTEXT(2) 
PARAMETRIC_REPRESENTATION_CONTEXT() REPRESENTATION_CONTEXT('2D SPACE',''
  ) );
#8559 = PCURVE('',#8325,#8560);
#8560 = DEFINITIONAL_REPRESENTATION('',(#8561),#8565);
#8561 = LINE('',#8562,#8563);
#8562 = CARTESIAN_POINT('',(0.,-0.4));
#8563 = VECTOR('',#8564,1.);
#8564 = DIRECTION('',(1.,-0.));
#8565 = ( GEOMETRIC_REPRESENTATION_CONTEXT(2) 
PARAMETRIC_REPRESENTATION_CONTEXT() REPRESENTATION_CONTEXT('2D SPACE',''
  ) );
#8566 = ORIENTED_EDGE('',*,*,#8366,.T.);
#8567 = ORIENTED_EDGE('',*,*,#8448,.T.);
#8568 = ADVANCED_FACE('',(#8569),#8325,.T.);
#8569 = FACE_BOUND('',#8570,.F.);
#8570 = EDGE_LOOP('',(#8571,#8572,#8594,#8595));
#8571 = ORIENTED_EDGE('',*,*,#8497,.F.);
#8572 = ORIENTED_EDGE('',*,*,#8573,.T.);
#8573 = EDGE_CURVE('',#8475,#8234,#8574,.T.);
#8574 = SURFACE_CURVE('',#8575,(#8580,#8587),.PCURVE_S1.);
#8575 = CIRCLE('',#8576,2.45);
#8576 = AXIS2_PLACEMENT_3D('',#8577,#8578,#8579);
#8577 = CARTESIAN_POINT('',(5.551115123126E-16,-15.,7.1));
#8578 = DIRECTION('',(0.,0.,-1.));
#8579 = DIRECTION('',(-1.,3.625218039592E-16,0.));
#8580 = PCURVE('',#8325,#8581);
#8581 = DEFINITIONAL_REPRESENTATION('',(#8582),#8586);
#8582 = LINE('',#8583,#8584);
#8583 = CARTESIAN_POINT('',(0.,-0.));
#8584 = VECTOR('',#8585,1.);
#8585 = DIRECTION('',(1.,-0.));
#8586 = ( GEOMETRIC_REPRESENTATION_CONTEXT(2) 
PARAMETRIC_REPRESENTATION_CONTEXT() REPRESENTATION_CONTEXT('2D SPACE',''
  ) );
#8587 = PCURVE('',#300,#8588);
#8588 = DEFINITIONAL_REPRESENTATION('',(#8589),#8593);
#8589 = LINE('',#8590,#8591);
#8590 = CARTESIAN_POINT('',(0.,-3.1));
#8591 = VECTOR('',#8592,1.);
#8592 = DIRECTION('',(1.,0.));
#8593 = ( GEOMETRIC_REPRESENTATION_CONTEXT(2) 
PARAMETRIC_REPRESENTATION_CONTEXT() REPRESENTATION_CONTEXT('2D SPACE',''
  ) );
#8594 = ORIENTED_EDGE('',*,*,#8309,.T.);
#8595 = ORIENTED_EDGE('',*,*,#8545,.F.);
#8596 = ADVANCED_FACE('',(#8597),#300,.T.);
#8597 = FACE_BOUND('',#8598,.T.);
#8598 = EDGE_LOOP('',(#8599,#8620,#8621,#8622));
#8599 = ORIENTED_EDGE('',*,*,#8600,.T.);
#8600 = EDGE_CURVE('',#252,#8475,#8601,.T.);
#8601 = SURFACE_CURVE('',#8602,(#8606,#8613),.PCURVE_S1.);
#8602 = LINE('',#8603,#8604);
#8603 = CARTESIAN_POINT('',(-2.45,-15.,4.));
#8604 = VECTOR('',#8605,1.);
#8605 = DIRECTION('',(0.,0.,1.));
#8606 = PCURVE('',#300,#8607);
#8607 = DEFINITIONAL_REPRESENTATION('',(#8608),#8612);
#8608 = LINE('',#8609,#8610);
#8609 = CARTESIAN_POINT('',(0.,0.));
#8610 = VECTOR('',#8611,1.);
#8611 = DIRECTION('',(0.,-1.));
#8612 = ( GEOMETRIC_REPRESENTATION_CONTEXT(2) 
PARAMETRIC_REPRESENTATION_CONTEXT() REPRESENTATION_CONTEXT('2D SPACE',''
  ) );
#8613 = PCURVE('',#267,#8614);
#8614 = DEFINITIONAL_REPRESENTATION('',(#8615),#8619);
#8615 = LINE('',#8616,#8617);
#8616 = CARTESIAN_POINT('',(10.,0.));
#8617 = VECTOR('',#8618,1.);
#8618 = DIRECTION('',(0.,-1.));
#8619 = ( GEOMETRIC_REPRESENTATION_CONTEXT(2) 
PARAMETRIC_REPRESENTATION_CONTEXT() REPRESENTATION_CONTEXT('2D SPACE',''
  ) );
#8620 = ORIENTED_EDGE('',*,*,#8573,.T.);
#8621 = ORIENTED_EDGE('',*,*,#8233,.F.);
#8622 = ORIENTED_EDGE('',*,*,#279,.F.);
#8623 = ADVANCED_FACE('',(#8624),#267,.T.);
#8624 = FACE_BOUND('',#8625,.T.);
#8625 = EDGE_LOOP('',(#8626,#8647,#8648,#8649));
#8626 = ORIENTED_EDGE('',*,*,#8627,.T.);
#8627 = EDGE_CURVE('',#219,#8397,#8628,.T.);
#8628 = SURFACE_CURVE('',#8629,(#8633,#8640),.PCURVE_S1.);
#8629 = LINE('',#8630,#8631);
#8630 = CARTESIAN_POINT('',(-2.45,-25.,4.));
#8631 = VECTOR('',#8632,1.);
#8632 = DIRECTION('',(0.,0.,1.));
#8633 = PCURVE('',#267,#8634);
#8634 = DEFINITIONAL_REPRESENTATION('',(#8635),#8639);
#8635 = LINE('',#8636,#8637);
#8636 = CARTESIAN_POINT('',(0.,0.));
#8637 = VECTOR('',#8638,1.);
#8638 = DIRECTION('',(0.,-1.));
#8639 = ( GEOMETRIC_REPRESENTATION_CONTEXT(2) 
PARAMETRIC_REPRESENTATION_CONTEXT() REPRESENTATION_CONTEXT('2D SPACE',''
  ) );
#8640 = PCURVE('',#239,#8641);
#8641 = DEFINITIONAL_REPRESENTATION('',(#8642),#8646);
#8642 = LINE('',#8643,#8644);
#8643 = CARTESIAN_POINT('',(3.14159265359,0.));
#8644 = VECTOR('',#8645,1.);
#8645 = DIRECTION('',(0.,-1.));
#8646 = ( GEOMETRIC_REPRESENTATION_CONTEXT(2) 
PARAMETRIC_REPRESENTATION_CONTEXT() REPRESENTATION_CONTEXT('2D SPACE',''
  ) );
#8647 = ORIENTED_EDGE('',*,*,#8474,.T.);
#8648 = ORIENTED_EDGE('',*,*,#8600,.F.);
#8649 = ORIENTED_EDGE('',*,*,#251,.F.);
#8650 = ADVANCED_FACE('',(#8651),#239,.T.);
#8651 = FACE_BOUND('',#8652,.T.);
#8652 = EDGE_LOOP('',(#8653,#8654,#8655,#8656));
#8653 = ORIENTED_EDGE('',*,*,#8284,.T.);
#8654 = ORIENTED_EDGE('',*,*,#8396,.T.);
#8655 = ORIENTED_EDGE('',*,*,#8627,.F.);
#8656 = ORIENTED_EDGE('',*,*,#216,.F.);
#8657 = ADVANCED_FACE('',(#8658),#181,.F.);
#8658 = FACE_BOUND('',#8659,.F.);
#8659 = EDGE_LOOP('',(#8660,#8683,#8684,#8707));
#8660 = ORIENTED_EDGE('',*,*,#8661,.T.);
#8661 = EDGE_CURVE('',#8662,#143,#8664,.T.);
#8662 = VERTEX_POINT('',#8663);
#8663 = CARTESIAN_POINT('',(-8.,30.,0.));
#8664 = SURFACE_CURVE('',#8665,(#8669,#8676),.PCURVE_S1.);
#8665 = LINE('',#8666,#8667);
#8666 = CARTESIAN_POINT('',(-8.,30.,0.));
#8667 = VECTOR('',#8668,1.);
#8668 = DIRECTION('',(0.,0.,1.));
#8669 = PCURVE('',#181,#8670);
#8670 = DEFINITIONAL_REPRESENTATION('',(#8671),#8675);
#8671 = LINE('',#8672,#8673);
#8672 = CARTESIAN_POINT('',(0.,0.));
#8673 = VECTOR('',#8674,1.);
#8674 = DIRECTION('',(0.,-1.));
#8675 = ( GEOMETRIC_REPRESENTATION_CONTEXT(2) 
PARAMETRIC_REPRESENTATION_CONTEXT() REPRESENTATION_CONTEXT('2D SPACE',''
  ) );
#8676 = PCURVE('',#100,#8677);
#8677 = DEFINITIONAL_REPRESENTATION('',(#8678),#8682);
#8678 = LINE('',#8679,#8680);
#8679 = CARTESIAN_POINT('',(16.,0.));
#8680 = VECTOR('',#8681,1.);
#8681 = DIRECTION('',(0.,-1.));
#8682 = ( GEOMETRIC_REPRESENTATION_CONTEXT(2) 
PARAMETRIC_REPRESENTATION_CONTEXT() REPRESENTATION_CONTEXT('2D SPACE',''
  ) );
#8683 = ORIENTED_EDGE('',*,*,#165,.T.);
#8684 = ORIENTED_EDGE('',*,*,#8685,.F.);
#8685 = EDGE_CURVE('',#8686,#166,#8688,.T.);
#8686 = VERTEX_POINT('',#8687);
#8687 = CARTESIAN_POINT('',(-8.,-30.,0.));
#8688 = SURFACE_CURVE('',#8689,(#8693,#8700),.PCURVE_S1.);
#8689 = LINE('',#8690,#8691);
#8690 = CARTESIAN_POINT('',(-8.,-30.,0.));
#8691 = VECTOR('',#8692,1.);
#8692 = DIRECTION('',(0.,0.,1.));
#8693 = PCURVE('',#181,#8694);
#8694 = DEFINITIONAL_REPRESENTATION('',(#8695),#8699);
#8695 = LINE('',#8696,#8697);
#8696 = CARTESIAN_POINT('',(60.,0.));
#8697 = VECTOR('',#8698,1.);
#8698 = DIRECTION('',(0.,-1.));
#8699 = ( GEOMETRIC_REPRESENTATION_CONTEXT(2) 
PARAMETRIC_REPRESENTATION_CONTEXT() REPRESENTATION_CONTEXT('2D SPACE',''
  ) );
#8700 = PCURVE('',#44,#8701);
#8701 = DEFINITIONAL_REPRESENTATION('',(#8702),#8706);
#8702 = LINE('',#8703,#8704);
#8703 = CARTESIAN_POINT('',(0.,0.));
#8704 = VECTOR('',#8705,1.);
#8705 = DIRECTION('',(0.,-1.));
#8706 = ( GEOMETRIC_REPRESENTATION_CONTEXT(2) 
PARAMETRIC_REPRESENTATION_CONTEXT() REPRESENTATION_CONTEXT('2D SPACE',''
  ) );
#8707 = ORIENTED_EDGE('',*,*,#8708,.F.);
#8708 = EDGE_CURVE('',#8662,#8686,#8709,.T.);
#8709 = SURFACE_CURVE('',#8710,(#8714,#8721),.PCURVE_S1.);
#8710 = LINE('',#8711,#8712);
#8711 = CARTESIAN_POINT('',(-8.,30.,0.));
#8712 = VECTOR('',#8713,1.);
#8713 = DIRECTION('',(0.,-1.,0.));
#8714 = PCURVE('',#181,#8715);
#8715 = DEFINITIONAL_REPRESENTATION('',(#8716),#8720);
#8716 = LINE('',#8717,#8718);
#8717 = CARTESIAN_POINT('',(0.,0.));
#8718 = VECTOR('',#8719,1.);
#8719 = DIRECTION('',(1.,0.));
#8720 = ( GEOMETRIC_REPRESENTATION_CONTEXT(2) 
PARAMETRIC_REPRESENTATION_CONTEXT() REPRESENTATION_CONTEXT('2D SPACE',''
  ) );
#8721 = PCURVE('',#126,#8722);
#8722 = DEFINITIONAL_REPRESENTATION('',(#8723),#8727);
#8723 = LINE('',#8724,#8725);
#8724 = CARTESIAN_POINT('',(-8.,30.));
#8725 = VECTOR('',#8726,1.);
#8726 = DIRECTION('',(0.,-1.));
#8727 = ( GEOMETRIC_REPRESENTATION_CONTEXT(2) 
PARAMETRIC_REPRESENTATION_CONTEXT() REPRESENTATION_CONTEXT('2D SPACE',''
  ) );
#8728 = ADVANCED_FACE('',(#8729),#126,.F.);
#8729 = FACE_BOUND('',#8730,.F.);
#8730 = EDGE_LOOP('',(#8731,#8732,#8753,#8754));
#8731 = ORIENTED_EDGE('',*,*,#112,.T.);
#8732 = ORIENTED_EDGE('',*,*,#8733,.T.);
#8733 = EDGE_CURVE('',#85,#8662,#8734,.T.);
#8734 = SURFACE_CURVE('',#8735,(#8739,#8746),.PCURVE_S1.);
#8735 = LINE('',#8736,#8737);
#8736 = CARTESIAN_POINT('',(8.,30.,0.));
#8737 = VECTOR('',#8738,1.);
#8738 = DIRECTION('',(-1.,0.,0.));
#8739 = PCURVE('',#126,#8740);
#8740 = DEFINITIONAL_REPRESENTATION('',(#8741),#8745);
#8741 = LINE('',#8742,#8743);
#8742 = CARTESIAN_POINT('',(8.,30.));
#8743 = VECTOR('',#8744,1.);
#8744 = DIRECTION('',(-1.,0.));
#8745 = ( GEOMETRIC_REPRESENTATION_CONTEXT(2) 
PARAMETRIC_REPRESENTATION_CONTEXT() REPRESENTATION_CONTEXT('2D SPACE',''
  ) );
#8746 = PCURVE('',#100,#8747);
#8747 = DEFINITIONAL_REPRESENTATION('',(#8748),#8752);
#8748 = LINE('',#8749,#8750);
#8749 = CARTESIAN_POINT('',(0.,-0.));
#8750 = VECTOR('',#8751,1.);
#8751 = DIRECTION('',(1.,0.));
#8752 = ( GEOMETRIC_REPRESENTATION_CONTEXT(2) 
PARAMETRIC_REPRESENTATION_CONTEXT() REPRESENTATION_CONTEXT('2D SPACE',''
  ) );
#8753 = ORIENTED_EDGE('',*,*,#8708,.T.);
#8754 = ORIENTED_EDGE('',*,*,#8755,.T.);
#8755 = EDGE_CURVE('',#8686,#22,#8756,.T.);
#8756 = SURFACE_CURVE('',#8757,(#8761,#8768),.PCURVE_S1.);
#8757 = LINE('',#8758,#8759);
#8758 = CARTESIAN_POINT('',(-8.,-30.,0.));
#8759 = VECTOR('',#8760,1.);
#8760 = DIRECTION('',(1.,0.,0.));
#8761 = PCURVE('',#126,#8762);
#8762 = DEFINITIONAL_REPRESENTATION('',(#8763),#8767);
#8763 = LINE('',#8764,#8765);
#8764 = CARTESIAN_POINT('',(-8.,-30.));
#8765 = VECTOR('',#8766,1.);
#8766 = DIRECTION('',(1.,0.));
#8767 = ( GEOMETRIC_REPRESENTATION_CONTEXT(2) 
PARAMETRIC_REPRESENTATION_CONTEXT() REPRESENTATION_CONTEXT('2D SPACE',''
  ) );
#8768 = PCURVE('',#44,#8769);
#8769 = DEFINITIONAL_REPRESENTATION('',(#8770),#8774);
#8770 = LINE('',#8771,#8772);
#8771 = CARTESIAN_POINT('',(0.,0.));
#8772 = VECTOR('',#8773,1.);
#8773 = DIRECTION('',(1.,0.));
#8774 = ( GEOMETRIC_REPRESENTATION_CONTEXT(2) 
PARAMETRIC_REPRESENTATION_CONTEXT() REPRESENTATION_CONTEXT('2D SPACE',''
  ) );
#8775 = ADVANCED_FACE('',(#8776),#100,.F.);
#8776 = FACE_BOUND('',#8777,.F.);
#8777 = EDGE_LOOP('',(#8778,#8779,#8780,#8781));
#8778 = ORIENTED_EDGE('',*,*,#84,.T.);
#8779 = ORIENTED_EDGE('',*,*,#142,.T.);
#8780 = ORIENTED_EDGE('',*,*,#8661,.F.);
#8781 = ORIENTED_EDGE('',*,*,#8733,.F.);
#8782 = ADVANCED_FACE('',(#8783),#44,.F.);
#8783 = FACE_BOUND('',#8784,.F.);
#8784 = EDGE_LOOP('',(#8785,#8786,#8787,#8788));
#8785 = ORIENTED_EDGE('',*,*,#8685,.T.);
#8786 = ORIENTED_EDGE('',*,*,#193,.T.);
#8787 = ORIENTED_EDGE('',*,*,#21,.F.);
#8788 = ORIENTED_EDGE('',*,*,#8755,.F.);
#8789 = ( GEOMETRIC_REPRESENTATION_CONTEXT(3) 
GLOBAL_UNCERTAINTY_ASSIGNED_CONTEXT((#8793)) 
GLOBAL_UNIT_ASSIGNED_CONTEXT((#8790,#8791,#8792)) REPRESENTATION_CONTEXT
('Context #1','3D Context with UNIT and UNCERTAINTY') );
#8790 = ( LENGTH_UNIT() NAMED_UNIT(*) SI_UNIT(.MILLI.,.METRE.) );
#8791 = ( NAMED_UNIT(*) PLANE_ANGLE_UNIT() SI_UNIT($,.RADIAN.) );
#8792 = ( NAMED_UNIT(*) SI_UNIT($,.STERADIAN.) SOLID_ANGLE_UNIT() );
#8793 = UNCERTAINTY_MEASURE_WITH_UNIT(LENGTH_MEASURE(1.E-07),#8790,
  'distance_accuracy_value','confusion accuracy');
#8794 = PRODUCT_RELATED_PRODUCT_CATEGORY('part',$,(#7));
ENDSEC;
END-ISO-10303-21;
